reactionId	parameterId	parameterScale	lowerBound	upperBound	nominalValue	estimate
vbR	kbR_1	lin	0.0042005	0.0042005	0.0042005	0
vbR	kbR_2	lin	0.04	0.04	0.04	0
vbR	kbR_3	lin	5	5	5	0
vbR	kbR_4	lin	4.864145	4.864145	4.864145	0
vdR	kvdR	2.22E-06
vTL1	kTL1_1	lin	140.7475	140.7475	140.7475	0
vTL1	kTL1_2	lin	100	100	100	0
vTL2	kTL2_1	lin	5.004356	5.004356	5.004356	0
vTL2	kTL2_2	lin	0.0225196	0.0225196	0.0225196	0
vTL2	kTL2_3	lin	100	100	100	0
vTL3	kTL3_1	lin	0.1563861	0.1563861	0.1563861	0
vTL3	kTL3_2	lin	100	100	100	0
vTL4	kTL4_1	lin	0.00453508	0.00453508	0.00453508	0
vTL4	kTL4_2	lin	100	100	100	0
vTL5	kTL5_1	lin	0.02177823	0.02177823	0.02177823	0
vTL5	kTL5_2	lin	100	100	100	0
vTL6	kTL6	lin	70.1487	70.1487	70.1487	0
vTL7	kTL7	lin	4.391771	4.391771	4.391771	0
vTL8	kTL8	lin	4.391771	4.391771	4.391771	0
vTL9	kTL9	lin	4.391771	4.391771	4.391771	0
vTL10	kTL10_1	lin	26.9259	26.9259	26.9259	0
vTL10	kTL10_2	lin	0.0118	0.0118	0.0118	0
vTL10	kTL10_3	lin	10	10	10	0
vTL10	kTL10_4	lin	200	200	200	0
vTL10	kTL10_5	lin	100	100	100	0
vTL11	kTL11_1	lin	26.9259	26.9259	26.9259	0
vTL11	kTL11_2	lin	0.0118	0.0118	0.0118	0
vTL11	kTL11_3	lin	10	10	10	0
vTL11	kTL11_4	lin	200	200	200	0
vTL11	kTL11_5	lin	100	100	100	0
vTL12	kTL12_1	lin	26.9259	26.9259	26.9259	0
vTL12	kTL12_2	lin	0.0118	0.0118	0.0118	0
vTL12	kTL12_3	lin	10	10	10	0
vTL12	kTL12_4	lin	200	200	200	0
vTL12	kTL12_5	lin	100	100	100	0
vTL13	kTL13_1	lin	0.1274	0.1274	0.1274	0
vTL13	kTL13_2	lin	10	10	10	0
vTL13	kTL13_3	lin	200	200	200	0
vTL14	kTL14_1	lin	0.1274	0.1274	0.1274	0
vTL14	kTL14_2	lin	10	10	10	0
vTL14	kTL14_3	lin	200	200	200	0
vTL15	kTL15	lin	13.1753	13.1753	13.1753	0
vTL16	kTL16	lin	11.4186	11.4186	11.4186	0
vTL17	kTL17	lin	9.2227	9.2227	9.2227	0
vTL18	kTL18	lin	10.5402	10.5402	10.5402	0
vTL19	kTL19_1	lin	0.03294	0.03294	0.03294	0
vTL19	kTL19_2	lin	10	10	10	0
vTL19	kTL19_3	lin	200	200	200	0
vTL20	kTL20_1	lin	70.2683	70.2683	70.2683	0
vTL20	kTL20_2	lin	0.0878	0.0878	0.0878	0
vTL20	kTL20_3	lin	10	10	10	0
vTL20	kTL20_4	lin	200	200	200	0
vTL21	kTL21	lin	9.6619	9.6619	9.6619	0
vTL22	kTL22	lin	4.3918	4.3918	4.3918	0
vTL23	kTL23	lin	8.7835	8.7835	8.7835	0
vTL24	kTL24	lin	5.2701	5.2701	5.2701	0
vTL25	kTL25	lin	0.008744	0.008744	0.008744	0
vTL26	kTL26	lin	0.5312	0.5312	0.5312	0
vTL27	kTL27	lin	0.2635	0.2635	0.2635	0
vTL28	kTL28	lin	0.1792	0.1792	0.1792	0
vTL29	kTL29	lin	0.0082295	0.0082295	0.0082295	0
vTL30	kTL30	lin	0.296215	0.296215	0.296215	0
vTL31	kTL31_1	lin	0	0	0	0
vTL31	kTL31_2	lin	100	100	100	0
vTL32	kTL32_1	lin	0.006701184	0.006701184	0.006701184	0
vTL32	kTL32_2	lin	100	100	100	0
vTL33	kTL33_1	lin	0.006964813	0.006964813	0.006964813	0
vTL33	kTL33_2	lin	100	100	100	0
vTL34	kTL34_1	lin	0.04560789	0.04560789	0.04560789	0
vTL34	kTL34_2	lin	100	100	100	0
vTL35	kTL35_1	lin	0.03179686	0.03179686	0.03179686	0
vTL35	kTL35_2	lin	100	100	100	0
vTL36	kTL36_1	lin	0.005187646	0.005187646	0.005187646	0
vTL36	kTL36_2	lin	100	100	100	0
vTL37	kTL37_1	lin	0.003010974	0.003010974	0.003010974	0
vTL37	kTL37_2	lin	100	100	100	0
vTL38	kTL38_1	lin	0.02586757	0.02586757	0.02586757	0
vTL38	kTL38_2	lin	100	100	100	0
vTL39	kTL39_1	lin	0.02314422	0.02314422	0.02314422	0
vTL39	kTL39_2	lin	100	100	100	0
vTL40	kTL40_1	lin	0.004237084	0.004237084	0.004237084	0
vTL40	kTL40_2	lin	100	100	100	0
vTL41	kTL41_1	lin	0.1414059	0.1414059	0.1414059	0
vTL41	kTL41_2	lin	100	100	100	0
vTL42	kTL42_1	lin	0.344433	0.344433	0.344433	0
vTL42	kTL42_2	lin	100	100	100	0
vTL43	kTL43_1	lin	0.04293526	0.04293526	0.04293526	0
vTL43	kTL43_2	lin	100	100	100	0
vTL44	kTL44_1	lin	0.02891033	0.02891033	0.02891033	0
vTL44	kTL44_2	lin	100	100	100	0
vTL45	kTL45_1	lin	0.1031949	0.1031949	0.1031949	0
vTL45	kTL45_2	lin	100	100	100	0
vTL46	kTL46_1	lin	0.4901751	0.4901751	0.4901751	0
vTL46	kTL46_2	lin	100	100	100	0
vTL47	kTL47_1	lin	0.3275386	0.3275386	0.3275386	0
vTL47	kTL47_2	lin	100	100	100	0
vTL48	kTL48_1	lin	0.07033183	0.07033183	0.07033183	0
vTL48	kTL48_2	lin	100	100	100	0
vTL49	kTL49_1	lin	0.1085227	0.1085227	0.1085227	0
vTL49	kTL49_2	lin	100	100	100	0
vTL50	kTL50_1	lin	0.008024529	0.008024529	0.008024529	0
vTL50	kTL50_2	lin	100	100	100	0
vTL51	kTL51_1	lin	0.02476986	0.02476986	0.02476986	0
vTL51	kTL51_2	lin	100	100	100	0
vTL52	kTL52_1	lin	0.1701828	0.1701828	0.1701828	0
vTL52	kTL52_2	lin	100	100	100	0
vTL53	kTL53_1	lin	0.5658597	0.5658597	0.5658597	0
vTL53	kTL53_2	lin	100	100	100	0
vTL54	kTL54_1	lin	0.02889506	0.02889506	0.02889506	0
vTL54	kTL54_2	lin	100	100	100	0
vTL55	kTL55_1	lin	0.4967611	0.4967611	0.4967611	0
vTL55	kTL55_2	lin	100	100	100	0
vTL56	kTL56_1	lin	0.07122388	0.07122388	0.07122388	0
vTL56	kTL56_2	lin	100	100	100	0
vTL57	kTL57_1	lin	0.07122388	0.07122388	0.07122388	0
vTL57	kTL57_2	lin	100	100	100	0
vTL58	kTL58_1	lin	0.5191829	0.5191829	0.5191829	0
vTL58	kTL58_2	lin	100	100	100	0
vTL59	kTL59_1	lin	0.05307133	0.05307133	0.05307133	0
vTL59	kTL59_2	lin	100	100	100	0
vTL60	kTL60_1	lin	0.006055101	0.006055101	0.006055101	0
vTL60	kTL60_2	lin	100	100	100	0
vTL61	kTL61_1	lin	0.01763978	0.01763978	0.01763978	0
vTL61	kTL61_2	lin	100	100	100	0
vTL62	kTL62_1	lin	0.03319824	0.03319824	0.03319824	0
vTL62	kTL62_2	lin	100	100	100	0
vTL63	kTL63_1	lin	0.01428499	0.01428499	0.01428499	0
vTL63	kTL63_2	lin	100	100	100	0
vTL64	kTL64_1	lin	0.07122388	0.07122388	0.07122388	0
vTL64	kTL64_2	lin	100	100	100	0
vTL65	kTL65_1	lin	0.03319589	0.03319589	0.03319589	0
vTL65	kTL65_2	lin	100	100	100	0
vTL66	kTL66_1	lin	0.03319589	0.03319589	0.03319589	0
vTL66	kTL66_2	lin	100	100	100	0
vTL67	kTL67_1	lin	0.07122388	0.07122388	0.07122388	0
vTL67	kTL67_2	lin	100	100	100	0
vTL68	kTL68_1	lin	0.003920992	0.003920992	0.003920992	0
vTL68	kTL68_2	lin	100	100	100	0
vTL69	kTL69_1	lin	0.05176996	0.05176996	0.05176996	0
vTL69	kTL69_2	lin	100	100	100	0
vTL70	kTL70_1	lin	0.6184815	0.6184815	0.6184815	0
vTL70	kTL70_2	lin	100	100	100	0
vTL71	kTL71_1	lin	0.03020566	0.03020566	0.03020566	0
vTL71	kTL71_2	lin	100	100	100	0
vTL72	kTL72_1	lin	0.03179077	0.03179077	0.03179077	0
vTL72	kTL72_2	lin	100	100	100	0
vTL73	kTL73_1	lin	0.01463618	0.01463618	0.01463618	0
vTL73	kTL73_2	lin	100	100	100	0
vTL74	kTL74_1	lin	0.01108511	0.01108511	0.01108511	0
vTL74	kTL74_2	lin	100	100	100	0
vTL75	kTL75_1	lin	0.002549623	0.002549623	0.002549623	0
vTL75	kTL75_2	lin	100	100	100	0
vTL76	kTL76_1	lin	0.002549623	0.002549623	0.002549623	0
vTL76	kTL76_2	lin	100	100	100	0
vTL77	kTL77_1	lin	0.0974545	0.0974545	0.0974545	0
vTL77	kTL77_2	lin	100	100	100	0
vTL78	kTL78_1	lin	0.00544119	0.00544119	0.00544119	0
vTL78	kTL78_2	lin	100	100	100	0
vTL79	kTL79_1	lin	4.92E-05	4.92E-05	4.92E-05	0
vTL79	kTL79_2	lin	100	100	100	0
vTL80	kTL80_1	lin	0.02728923	0.02728923	0.02728923	0
vTL80	kTL80_2	lin	100	100	100	0
vTL81	kTL81_1	lin	0.01395976	0.01395976	0.01395976	0
vTL81	kTL81_2	lin	100	100	100	0
vTL82	kTL82_1	lin	0.2953445	0.2953445	0.2953445	0
vTL82	kTL82_2	lin	100	100	100	0
vTL83	kTL83_1	lin	0.2953445	0.2953445	0.2953445	0
vTL83	kTL83_2	lin	100	100	100	0
vTL84	kTL84_1	lin	0.03608434	0.03608434	0.03608434	0
vTL84	kTL84_2	lin	100	100	100	0
vTL85	kTL85_1	lin	0.2077922	0.2077922	0.2077922	0
vTL85	kTL85_2	lin	100	100	100	0
vTL86	kTL86_1	lin	1.012784	1.012784	1.012784	0
vTL86	kTL86_2	lin	100	100	100	0
vTL87	kTL87_1	lin	0.002217992	0.002217992	0.002217992	0
vTL87	kTL87_2	lin	100	100	100	0
vTL88	kTL88_1	lin	0.06589921	0.06589921	0.06589921	0
vTL88	kTL88_2	lin	100	100	100	0
vTL89	kTL89_1	lin	0.03871855	0.03871855	0.03871855	0
vTL89	kTL89_2	lin	100	100	100	0
vTL90	kTL90_1	lin	0.2384683	0.2384683	0.2384683	0
vTL90	kTL90_2	lin	100	100	100	0
vTL91	kTL91_1	lin	0.407612	0.407612	0.407612	0
vTL91	kTL91_2	lin	100	100	100	0
vTL92	kTL92_1	lin	0.000811183	0.000811183	0.000811183	0
vTL92	kTL92_2	lin	100	100	100	0
vTL93	kTL93_1	lin	0.1455156	0.1455156	0.1455156	0
vTL93	kTL93_2	lin	100	100	100	0
vTL94	kTL94_1	lin	0.007642617	0.007642617	0.007642617	0
vTL94	kTL94_2	lin	100	100	100	0
vTL95	kTL95_1	lin	0.02037869	0.02037869	0.02037869	0
vTL95	kTL95_2	lin	100	100	100	0
vTL96	kTL96_1	lin	0.1264408	0.1264408	0.1264408	0
vTL96	kTL96_2	lin	100	100	100	0
vTL97	kTL97_1	lin	0.000684513	0.000684513	0.000684513	0
vTL97	kTL97_2	lin	100	100	100	0
vTL98	kTL98_1	lin	0.3941679	0.3941679	0.3941679	0
vTL98	kTL98_2	lin	100	100	100	0
vTL99	kTL99_1	lin	0.1648827	0.1648827	0.1648827	0
vTL99	kTL99_2	lin	100	100	100	0
vTL100	kTL100_1	lin	39.40506	39.40506	39.40506	0
vTL100	kTL100_2	lin	100	100	100	0
vTL101	kTL101_1	lin	5.20533	5.20533	5.20533	0
vTL101	kTL101_2	lin	100	100	100	0
vTL102	kTL102_1	lin	0.000657728	0.000657728	0.000657728	0
vTL102	kTL102_2	lin	100	100	100	0
vTL103	kTL103_1	lin	0.7378095	0.7378095	0.7378095	0
vTL103	kTL103_2	lin	100	100	100	0
vTL104	kTL104_1	lin	0.180917	0.180917	0.180917	0
vTL104	kTL104_2	lin	100	100	100	0
vTL105	kTL105_1	lin	0.122997	0.122997	0.122997	0
vTL105	kTL105_2	lin	100	100	100	0
vTL106	kTL106_1	lin	0.01636325	0.01636325	0.01636325	0
vTL106	kTL106_2	lin	100	100	100	0
vTL107	kTL107_1	lin	0.4239369	0.4239369	0.4239369	0
vTL107	kTL107_2	lin	100	100	100	0
vTL108	kTL108_1	lin	0.3710793	0.3710793	0.3710793	0
vTL108	kTL108_2	lin	100	100	100	0
vTL109	kTL109_1	lin	0.001418598	0.001418598	0.001418598	0
vTL109	kTL109_2	lin	100	100	100	0
vTL111	kTL111_1	lin	0.007713443	0.007713443	0.007713443	0
vTL111	kTL111_2	lin	100	100	100	0
vTL112	kTL112_1	lin	0.006884487	0.006884487	0.006884487	0
vTL112	kTL112_2	lin	100	100	100	0
vTL113	kTL113_1	lin	0.006884487	0.006884487	0.006884487	0
vTL113	kTL113_2	lin	100	100	100	0
vTL114	kTL114_1	lin	0.08877329	0.08877329	0.08877329	0
vTL114	kTL114_2	lin	100	100	100	0
vTL115	kTL115_1	lin	0.0749669	0.0749669	0.0749669	0
vTL115	kTL115_2	lin	100	100	100	0
vTL116	kTL116_1	lin	0.6472173	0.6472173	0.6472173	0
vTL116	kTL116_2	lin	100	100	100	0
vTL117	kTL117_1	lin	0.0877117	0.0877117	0.0877117	0
vTL117	kTL117_2	lin	100	100	100	0
vTL118	kTL118_1	lin	0.03933951	0.03933951	0.03933951	0
vTL118	kTL118_2	lin	100	100	100	0
vTL119	kTL119_1	lin	0.1285295	0.1285295	0.1285295	0
vTL119	kTL119_2	lin	100	100	100	0
vTL120	kTL120_1	lin	0.3704438	0.3704438	0.3704438	0
vTL120	kTL120_2	lin	100	100	100	0
vTL121	kTL121_1	lin	0.1502261	0.1502261	0.1502261	0
vTL121	kTL121_2	lin	100	100	100	0
vTL122	kTL122_1	lin	0.0557306	0.0557306	0.0557306	0
vTL122	kTL122_2	lin	100	100	100	0
vTL123	kTL123_1	lin	0.06125023	0.06125023	0.06125023	0
vTL123	kTL123_2	lin	100	100	100	0
vTL124	kTL124_1	lin	0.009427201	0.009427201	0.009427201	0
vTL124	kTL124_2	lin	100	100	100	0
vTL125	kTL125_1	lin	0.01236526	0.01236526	0.01236526	0
vTL125	kTL125_2	lin	100	100	100	0
vTL126	kTL126_1	lin	0.001518757	0.001518757	0.001518757	0
vTL126	kTL126_2	lin	100	100	100	0
vTL127	kTL127_1	lin	0.001835863	0.001835863	0.001835863	0
vTL127	kTL127_2	lin	100	100	100	0
vTL128	kTL128_1	lin	0.001835863	0.001835863	0.001835863	0
vTL128	kTL128_2	lin	100	100	100	0
vTL129	kTL129_1	lin	0.07122388	0.07122388	0.07122388	0
vTL129	kTL129_2	lin	100	100	100	0
vTL130	kTL130_1	lin	0.07122388	0.07122388	0.07122388	0
vTL130	kTL130_2	lin	100	100	100	0
vTL131	kTL131_1	lin	0.1190007	0.1190007	0.1190007	0
vTL131	kTL131_2	lin	100	100	100	0
vTL132	kTL132_1	lin	0.005799864	0.005799864	0.005799864	0
vTL132	kTL132_2	lin	100	100	100	0
vTL133	kTL133_1	lin	0.113843	0.113843	0.113843	0
vTL133	kTL133_2	lin	100	100	100	0
vTL134	kTL134_1	lin	0.07122388	0.07122388	0.07122388	0
vTL134	kTL134_2	lin	100	100	100	0
vTL135	kTL135_1	lin	0.07122388	0.07122388	0.07122388	0
vTL135	kTL135_2	lin	100	100	100	0
vTL136	kTL136_1	lin	0.01450361	0.01450361	0.01450361	0
vTL136	kTL136_2	lin	100	100	100	0
vTL137	kTL137_1	lin	0.07574784	0.07574784	0.07574784	0
vTL137	kTL137_2	lin	100	100	100	0
vTL138	kTL138_1	lin	0.04751087	0.04751087	0.04751087	0
vTL138	kTL138_2	lin	100	100	100	0
vTL139	kTL139_1	lin	0.2023389	0.2023389	0.2023389	0
vTL139	kTL139_2	lin	100	100	100	0
vTL140	kTL140_1	lin	0.01397178	0.01397178	0.01397178	0
vTL140	kTL140_2	lin	100	100	100	0
vTL141	kTL141_1	lin	0.07122388	0.07122388	0.07122388	0
vTL141	kTL141_2	lin	100	100	100	0
vTLCd1	kvTLCd1	0
vTLCd2	kvTLCd2	0
vTLCd3	kvTLCd3	0
vTLCd4	kvTLCd4	7.70E-05
vTLCd5	kvTLCd5	5.54E-06
vTLCd6	kvTLCd6	5.60E-06
vTLCd7	kvTLCd7	0
vTLCd8	kvTLCd8	0.00026019
vTLCd9	kvTLCd9	6.03E-06
vTLCd10	kvTLCd10	1.21E-05
vTLCd11	kvTLCd11	0
vTLCd12	kvTLCd12	0
vTLCd13	kvTLCd13	0
vTLCd14	kvTLCd14	0
vTLCd15	kvTLCd15	0
vTLCd16	kvTLCd16	0
vTLCd17	kvTLCd17	0
vTLCd18	kvTLCd18	0
vTLCd19	kvTLCd19	0
vTLCd20	kvTLCd20	0
vTLCd21	kvTLCd21	0
vTLCd22	kvTLCd22	0
vTLCd23	kvTLCd23	0
vTLCd24	kvTLCd24	0
vTLCd25	kvTLCd25	0
vTLCd26	kvTLCd26	0
vTLCd27	kvTLCd27	0
vTLCd28	kvTLCd28	2.69E-06
vTLCd29	kvTLCd29	0.000192541
vTLCd30	kvTLCd30	2.34E-06
vTLCd31	kvTLCd31	2.86E-05
vTLCd32	kvTLCd32	2.33E-06
vTLCd33	kvTLCd33	5.32E-07
vTLCd34	kvTLCd34	2.86E-05
vTLCd35	kvTLCd35	2.50E-06
vTLCd36	kvTLCd36	2.83E-06
vTLCd37	kvTLCd37	0.000121963
vTLCd38	kvTLCd38	2.47E-06
vTLCd39	kvTLCd39	1.32E-06
vTLCd40	kvTLCd40	2.10E-06
vTLCd41	kvTLCd41	6.06E-06
vTLCd42	kvTLCd42	2.34E-06
vTLCd43	kvTLCd43	9.25E-06
vTLCd44	kvTLCd44	2.75E-05
vTLCd45	kvTLCd45	0.000128361
vTLCd46	kvTLCd46	6.42E-05
vTLCd47	kvTLCd47	0
vTLCd48	kvTLCd48	0
vTLCd49	kvTLCd49	0
vTLCd50	kvTLCd50	0
vTLCd51	kvTLCd51	0
vTLCd52	kvTLCd52	0
vTLCd53	kvTLCd53	0
vTLCd54	kvTLCd54	1.51E-05
vTLCd55	kvTLCd55	1.04E-05
vTLCd56	kvTLCd56	1.23E-05
vTLCd57	kvTLCd57	0
vTLCd58	kvTLCd58	0
vTLCd59	kvTLCd59	6.55E-06
vTLCd60	kvTLCd60	6.42E-05
vTLCd61	kvTLCd61	6.55E-06
vTLCd62	kvTLCd62	6.55E-06
vTLCd63	kvTLCd63	2.87E-05
vTLCd64	kvTLCd64	5.82E-05
vTLCd65	kvTLCd65	9.63E-05
vTLCd66	kvTLCd66	6.51E-06
vTLCd67	kvTLCd67	1.12E-05
vTLCd68	kvTLCd68	6.22E-06
vTLCd69	kvTLCd69	4.81E-06
vTLCd70	kvTLCd70	4.39E-06
vTLCd71	kvTLCd71	8.99E-06
vTLCd72	kvTLCd72	6.78E-06
vTLCd73	kvTLCd73	6.86E-06
vTLCd74	kvTLCd74	2.49E-06
vTLCd75	kvTLCd75	9.62E-06
vTLCd76	kvTLCd76	9.62E-06
vTLCd77	kvTLCd77	2.22E-06
vTLCd78	kvTLCd78	0.000256721
vTLCd79	kvTLCd79	3.23E-06
vTLCd80	kvTLCd80	0.000256721
vTLCd81	kvTLCd81	0.000256721
vTLCd82	kvTLCd82	8.89E-05
vTLCd83	kvTLCd83	0.000385082
vTLCd84	kvTLCd84	1.34E-05
vTLCd85	kvTLCd85	1.45E-06
vTLCd86	kvTLCd86	5.75E-06
vTLCd87	kvTLCd87	7.01E-06
vTLCd88	kvTLCd88	7.24E-06
vTLCd89	kvTLCd89	5.16E-06
vTLCd90	kvTLCd90	5.85E-06
vTLCd91	kvTLCd91	3.68E-06
vTLCd92	kvTLCd92	5.35E-06
vTLCd93	kvTLCd93	3.18E-06
vTLCd94	kvTLCd94	5.93E-07
vTLCd95	kvTLCd95	3.43E-06
vTLCd96	kvTLCd96	4.15E-06
vTLCd97	kvTLCd97	8.40E-06
vTLCd98	kvTLCd98	2.55E-05
vTLCd99	kvTLCd99	6.41E-06
vTLCd100	kvTLCd100	3.03E-05
vTLCd101	kvTLCd101	5.00E-06
vTLCd102	kvTLCd102	1.67E-06
vE1	kvE1	0.001
vE2	kvE2	0.1
vE3	kE3	lin	0.000210658	0.000210658	0.000210658	0
vE4	kvE4	1.67E-06
vE5	kvE5	1.67E-06
vD1	kvD1	0
vD2	kD2	lin	1.39E-06	1.39E-06	1.39E-06	0
vD3	kD3_1	lin	0.0005	0.0005	0.0005	0
vD3	kD3_2	lin	0.002777778	0.002777778	0.002777778	0
vD3	kD3_3	lin	4	4	4	0
vD3	kD3_4	lin	1000	1000	1000	0
vD4	kD4	lin	3.89E-08	3.89E-08	3.89E-08	0
vD5	kD5	lin	0.000555556	0.000555556	0.000555556	0
vD6	kD6	lin	3.89E-07	3.89E-07	3.89E-07	0
vD7	kvD7	0
vD8	kvD8	0
vD9	kD9	lin	1.39E-07	1.39E-07	1.39E-07	0
vD10	kD10	lin	2.78E-08	2.78E-08	2.78E-08	0
vD11	kD11	lin	0.000277778	0.000277778	0.000277778	0
vD12	kvD12	0
vD13	kD13	lin	0.000194444	0.000194444	0.000194444	0
vD14	kD14_1	lin	2.777778	2.777778	2.777778	0
vD14	kD14_2	lin	20	20	20	0
vD14	kD14_3	lin	2	2	2	0
vD15	kD15_1	lin	0.01388889	0.01388889	0.01388889	0
vD15	kD15_2	lin	4	4	4	0
vD15	kD15_3	lin	200	200	200	0
vD16	kD16	lin	0.002083333	0.002083333	0.002083333	0
vD17	kD17_1	lin	1.25	1.25	1.25	0
vD17	kD17_2	lin	20	20	20	0
vD17	kD17_3	lin	2	2	2	0
vD18	kD18	lin	0.002083333	0.002083333	0.002083333	0
vD19	kD19	lin	122.2128	122.2128	122.2128	0
vD20	kD20	lin	122.2128	122.2128	122.2128	0
vD21	kD21	lin	211.0104	211.0104	211.0104	0
vD22	kD22	lin	211.0104	211.0104	211.0104	0
vD23	kD23	lin	12.88008	12.88008	12.88008	0
vD24	kD24	lin	12.88008	12.88008	12.88008	0
vD25	kD25	lin	1213.38	1213.38	1213.38	0
vD26	kD26	lin	1213.38	1213.38	1213.38	0
vD27	kD27	lin	48.5856	48.5856	48.5856	0
vD28	kD28	lin	48.5856	48.5856	48.5856	0
vD29	kD29	lin	111.3804	111.3804	111.3804	0
vD30	kD30	lin	111.3804	111.3804	111.3804	0
vD31	kD31	lin	15.28632	15.28632	15.28632	0
vD32	kD32	lin	15.28632	15.28632	15.28632	0
vD33	kD33	lin	291.9924	291.9924	291.9924	0
vD34	kD34	lin	291.9924	291.9924	291.9924	0
vD35	kD35	lin	363.348	363.348	363.348	0
vD36	kD36	lin	363.348	363.348	363.348	0
vD37	kD37	lin	478.62	478.62	478.62	0
vD38	kD38	lin	478.62	478.62	478.62	0
vD39	kD39	lin	289.3572	289.3572	289.3572	0
vD40	kD40	lin	289.3572	289.3572	289.3572	0
vD41	kD41	lin	440.892	440.892	440.892	0
vD42	kD42	lin	440.892	440.892	440.892	0
vD43	kD43	lin	594.792	594.792	594.792	0
vD44	kD44	lin	594.792	594.792	594.792	0
vD45	kD45	lin	357.246	357.246	357.246	0
vD46	kD46	lin	357.246	357.246	357.246	0
vD47	kD47	lin	490.644	490.644	490.644	0
vD48	kD48	lin	490.644	490.644	490.644	0
vD49	kD49	lin	1026.18	1026.18	1026.18	0
vD50	kD450	lin	1026.18	1026.18	1026.18	0
vD51	kD51	lin	380.7	380.7	380.7	0
vD52	kD52	lin	380.7	380.7	380.7	0
vD53	kD53	lin	238.6764	238.6764	238.6764	0
vD54	kD54	lin	238.6764	238.6764	238.6764	0
vD55	kD55	lin	399.312	399.312	399.312	0
vD56	kD56	lin	399.312	399.312	399.312	0
vD57	kD57	lin	152.7624	152.7624	152.7624	0
vD58	kD58	lin	152.7624	152.7624	152.7624	0
vD59	kD59	lin	0	0	0	0
vD60	kD60	lin	0	0	0	0
vD61	kD61	lin	0	0	0	0
vD62	kD62	lin	0	0	0	0
vD63	kD63	lin	5.00E-05	5.00E-05	5.00E-05	0
vD64	kD64	lin	1.00E-05	1.00E-05	1.00E-05	0
vD65	kD65	lin	1.00E-05	1.00E-05	1.00E-05	0
vD66	kD66_1	lin	1.00E-06	1.00E-06	1.00E-06	0
vD66	kD66_2	lin	0.005	0.005	0.005	0
vD66	kD66_3	lin	0	0	0	0
vD66	kD66_4	lin	5000	5000	5000	0
vD66	kD66_5	lin	5	5	5	0
vD66	kD66_6	lin	20	20	20	0
vC1	kC1	lin	0	0	0	0
vC2	kvC2	2.36E-06
vC3	kvC3	0.002361111
vC4	kC4_1	lin	0.01038889	0.01038889	0.01038889	0
vC4	kC4_2	lin	10	10	10	0
vC5	kC5_1	lin	0.9444444	0.9444444	0.9444444	0
vC5	kC5_2	lin	10	10	10	0
vC6	kvC6	4.72E-05
vC7	kC7_1	lin	0.004722222	0.004722222	0.004722222	0
vC7	kC7_2	lin	10	10	10	0
vC8	kC8_1	lin	0.9444444	0.9444444	0.9444444	0
vC8	kC8_2	lin	10	10	10	0
vC9	kvC9	1.18E-06
vC10	kvC10	0.002361111
vC11	kvC11	0.000283333
vC12	kvC12	0.000188889
vC13	kvC13	0
vC14	kC14_1	lin	0.01888889	0.01888889	0.01888889	0
vC14	kc14_2	lin	500	500	500	0
vC15	kC15_1	lin	0.3541667	0.3541667	0.3541667	0
vC15	kC15_2	lin	500	500	500	0
vC16	kvC16	9.44E-06
vC17	kvC17	0.005194444
vC18	kvC18	0
vC19	kC19_1	lin	8.26E-06	8.26E-06	8.26E-06	0
vC19	kC19_2	lin	150	150	150	0
vC20	kvC20	0.000472222
vC21	kC21_1	lin	2.361111	2.361111	2.361111	0
vC21	kC21_2	lin	10	10	10	0
vC22	kvC22	2.36E-05
vC23	kC23_1	lin	0.09444444	0.09444444	0.09444444	0
vC23	kC23_2	lin	10	10	10	0
vC24	kC24_1	lin	0.4722222	0.4722222	0.4722222	0
vC24	kC24_2	lin	10	10	10	0
vC25	kvC25	7.08E-06
vC26	kvC26	0.000708333
vC27	kvC27	0
vC28	kC28_1	lin	9.44E-06	9.44E-06	9.44E-06	0
vC28	kC28_2	lin	200	200	200	0
vC29	kvC29	0.000472222
vC30	kC30_1	lin	1.416667	1.416667	1.416667	0
vC30	kC30_2	lin	200	200	200	0
vC30	kC30_3	lin	10	10	10	0
vC31	kC31_1	lin	0.006611111	0.006611111	0.006611111	0
vC31	kC31_2	lin	50	50	50	0
vC31	kC31_3	lin	10	10	10	0
vC32	kC32_1	lin	0.009444444	0.009444444	0.009444444	0
vC32	kC32_2	lin	10	10	10	0
vC33	kvC33	9.44E-06
vC34	kvC34	0.000472222
vC35	kvC35	0
vC36	kC36_1	lin	0.5194444	0.5194444	0.5194444	0
vC36	k36_2	lin	50	50	50	0
vC36	kC36_3	lin	40	40	40	0
vC37	kvC37	2.36E-05
vC38	kvC38	0
vC39	kC39_1	lin	0.3777778	0.3777778	0.3777778	0
vC39	kC39_2	lin	1	1	1	0
vC39	kC39_3	lin	0.01	0.01	0.01	0
vC39	kC39_4	lin	10	10	10	0
vC40	kC40_1	lin	0.02361111	0.02361111	0.02361111	0
vC40	kC40_2	lin	25	25	25	0
vC40	kC40_3	lin	10	10	10	0
vC41	kvC41	0.000708333
vC42	kvC42	0.000354167
vC43	kvC43	0
vC44	kC44_1	lin	9.44E-06	9.44E-06	9.44E-06	0
vC44	kC44_2	lin	200	200	200	0
vC45	kvC45	0.000472222
vC46	kC46_1	lin	1.180556	1.180556	1.180556	0
vC46	kC46_2	lin	110	110	110	0
vC46	kC46_3	lin	200	200	200	0
vC47	kvC47	2.36E-05
vC48	kC48_1	lin	0.008736111	0.008736111	0.008736111	0
vC48	kC48_2	lin	50	50	50	0
vC48	kC48_3	lin	10	10	10	0
vC49	kC49_1	lin	0.009444444	0.009444444	0.009444444	0
vC49	kC49_2	lin	10	10	10	0
vC50	kvC50	7.08E-06
vC51	kvC51	0.000590278
vC52	kC52_1	lin	0.4722222	0.4722222	0.4722222	0
vC52	kC52_2	lin	50	50	50	0
vC53	kC53_1	lin	0.04722222	0.04722222	0.04722222	0
vC53	kC53_2	lin	50	50	50	0
vC54	kC54_1	lin	2.361111	2.361111	2.361111	0
vC54	kC54_2	lin	10	10	10	0
vC54	kC54_3	lin	10	10	10	0
vC55	kvC55	4.72E-05
vC56	kC56_1	lin	0.03777778	0.03777778	0.03777778	0
vC56	kC56_2	lin	1	1	1	0
vC57	kC57_1	lin	0.5902778	0.5902778	0.5902778	0
vC57	kC57_2	lin	1	1	1	0
vC58	kvC58	0.000944444
vC59	kvC59	0
vC60	kvC60	0.000472222
vC61	kvC61	0
vC62	kC62_1	lin	0.4722222	0.4722222	0.4722222	0
vC62	kC62_2	lin	1	1	1	0
vC62	kC62_3	lin	0.01	0.01	0.01	0
vC62	kC62_4	lin	10	10	10	0
vC63	kC63_1	lin	0.01888889	0.01888889	0.01888889	0
vC63	kC63_2	lin	20	20	20	0
vC63	kC63_3	lin	10	10	10	0
vC64	kvC64	0.000708333
vC65	kvC65	0.000354167
vC66	kvC66	0
vC67	kC67_1	lin	1.18E-05	1.18E-05	1.18E-05	0
vC67	kC67_2	lin	50	50	50	0
vC68	kvC68	0.000472222
vC69	kC69_1	lin	0.02833333	0.02833333	0.02833333	0
vC69	kC69_2	lin	0.5	0.5	0.5	0
vC69	kC69_3	lin	20	20	20	0
vC69	kC69_4	lin	10	10	10	0
vC70	kvC70	2.36E-05
vC71	kC71_1	lin	0.009916667	0.009916667	0.009916667	0
vC71	kC71_2	lin	50	50	50	0
vC71	kC71_3	lin	10	10	10	0
vC72	kC72_1	lin	0.01841667	0.01841667	0.01841667	0
vC72	kC72_2	lin	10	10	10	0
vC73	kvC73	5.67E-06
vC74	kvC74	0.000944444
vC75	kvC75	0
vC76	kC76_1	lin	0.03777778	0.03777778	0.03777778	0
vC76	kC76_2	lin	10	10	10	0
vC77	kC77_1	lin	0.3305556	0.3305556	0.3305556	0
vC77	kC77_2	lin	10	10	10	0
vC78	kvC78	0.000661111
vC79	kvC79	0.000236111
vC80	kvC80	0
vC81	kC81_1	lin	0.4722222	0.4722222	0.4722222	0
vC81	kC81_2	lin	1	1	1	0
vC81	kC81_3	lin	0.01	0.01	0.01	0
vC81	kC81_4	lin	10	10	10	0
vC82	kC82_1	lin	0.02361111	0.02361111	0.02361111	0
vC82	kC82_2	lin	11	11	11	0
vC82	kC82_3	lin	10	10	10	0
vC83	kvC83	0.000944444
vC84	kvC84	0.000472222
vC85	kvC85	0
vC86	kC86_1	lin	0.005666667	0.005666667	0.005666667	0
vC86	kC86_2	lin	75	75	75	0
vC86	kC86_3	lin	10	10	10	0
vC87	kC87_1	lin	0.4722222	0.4722222	0.4722222	0
vC87	kC87_2	lin	10	10	10	0
vC88	kvC88	0.000472222
vC89	kvC89	0.000944444
vC90	kC90_1	lin	0.01888889	0.01888889	0.01888889	0
vC90	kC90_2	lin	50	50	50	0
vC90	kC90_3	lin	50	50	50	0
vC91	kC91_1	lin	0.04722222	0.04722222	0.04722222	0
vC91	kC91_2	lin	50	50	50	0
vC92	kvC92	2.36E-05
vC93	kvC93	0
vC94	kvC94	0
vC95	kvC95	0.000283333
vC96	kvC96	1.42E-06
vC97	kvC97	0.000236111
vC98	kvC98	1.89E-06
vC99	kvC99	0.000472222
vC100	kvC100	1.42E-06
vC101	kvC101	0.000590278
vC102	kvC102	1.13E-06
vC103	kvC103	0.000944444
vC104	kvC104	0.000289731
vA1	kvA1	0.00126483
vA2	kvA2	0.001
vA3	kvA3	1.00E-06
vA4	kvA4	0.003162075
vA5	kvA5	0.001
vA6	kvA6	0.003162075
vA7	kvA7	0.001
vA8	kvA8	1
vA9	kvA9	0.003162075
vA10	kvA10	0.001
vA11	kvA11	0.000316208
vA12	kvA12	0.001
vA13	kvA13	0.001
vA14	kvA14	3.16E-06
vA15	kvA15	0.001
vA16	kvA16	1
vA17	kvA17	9.49E-06
vA18	kvA18	0.001
vA19	kvA19	1
vA20	kvA20	0.00632415
vA21	kvA21	0.001
vA22	kvA22	0.1
vA23	kvA23	3.16E-05
vA24	kvA24	0.01
vA25	kvA25	1
vA26	kvA26	3.16E-06
vA27	kvA27	0.001
vA28	kvA28	0.0001
vA29	kvA29	0.003162075
vA30	kvA30	0.001
vA31	kvA31	0.000316208
vA32	kvA32	0.001
vA33	kvA33	1
vA34	kvA34	0.01
vA35	kvA35	0.01
vA36	kvA36	0.003162075
vA37	kvA37	0.001
vA38	kvA38	316.2075
vA39	kvA39	10
vA40	kvA40	0.003162075
vA41	kvA41	0.001
vA42	kvA42	316.2075
vA43	kvA43	10
vA44	kvA44	0.003162075
vA45	kvA45	0.001
vA46	kvA46	0.003162075
vA47	kvA47	0.001
vA48	kvA48	1
vA49	kvA49	0.00632415
vA50	kvA50	1
vA51	kvA51	0.1
vA52	kvA52	0.00632415
vA53	kvA53	1
vA54	kvA54	0.1
vA55	kvA55	0.01
vA56	kvA56	0.01
vA57	kvA57	0.001581038
vA58	kvA58	0.001
vA59	kvA59	1
vA60	kvA60	0.000158104
vA61	kvA61	0.001
vA62	kvA62	1.58E-05
vA63	kvA63	0.001
vA64	kvA64	0.0001
vA65	kvA65	0.01
vA66	kvA66	0.01
vA67	kvA67	0.00632415
vA68	kvA68	0.001
vA69	kvA69	0.02213453
vA70	kvA70	0.001
vA71	kvA71	0.003162075
vA72	kvA72	0.001
vA73	kvA73	0.003162075
vA74	kvA74	0.001
vA75	kvA75	0.003162075
vA76	kvA76	0.001
vA77	kvA77	1.58E-08
vA78	kvA78	0.001
vA79	kvA79	1
vA80	kvA80	0.003162075
vA81	kvA81	0.001
vA82	kvA82	0.01
vA83	kvA83	0.01
vA84	kvA84	0.01
vA85	kvA85	0.001
vA86	kvA86	0.1
vA87	kvA87	1.00E-09
vR1	kvR1	0.001
vR2	kvR2	0.001
vR3	kvR3	0.01
vR4	kvR4	0.001
vR5	kvR5	0.01
vR6	kvR6	0.01
vR7	kvR7	0.001
vR8	kvR8	0.02
vR9	kvR9	0.01
vR10	kvR10	0.01
vR11	kvR11	0.01
vR12	kvR12	0.001
vR13	kvR13	0.001
vR14	kvR14	0.01
vR15	kvR15	0.01
vR16	kvR16	0.01
vR17	kvR17	0.01
vR18	kvR18	0.01
vR19	kvR19	0.01
vR20	kvR20	0.01
vR21	kvR21	0.001
vR22	kvR22	0.01
vR23	kvR23	0.01
vR24	kvR24	0.01
vR25	kvR25	0.001
vR26	kvR26	0.001
vR27	kvR27	0.01
vR28	kvR28	0.01
vR29	kvR29	0.01
vR30	kvR30	0.01
vR31	kvR31	0.001
vR32	kvR32	0.01
vR33	kvR33	0.01
vR34	kvR34	0.01
vR35	kvR35	0.001
vR36	kvR36	0.02
vR37	kvR37	0.01
vR38	kvR38	0.01
vR39	kvR39	0.01
vR40	kvR40	0.01
vR41	kvR41	0.01
vR42	kvR42	0.01
vR43	kvR43	0.001
vR44	kvR44	0.01
vR45	kvR45	0.01
vR46	kvR46	0.01
vR47	kvR47	0.001
vR48	kvR48	0.001
vR49	kvR49	0.01
vR50	kvR50	0.01
vR51	kvR51	0.01
vR52	kvR52	0.01
vR53	kvR53	0.001
vR54	kvR54	0.01
vR55	kvR55	0.01
vR56	kvR56	0.01
vR57	kvR57	0.001
vR58	kvR58	0.01
vR59	kvR59	0.01
vR60	kvR60	0.01
vR61	kvR61	0.01
vR62	kvR62	0.01
vR63	kvR63	0.001
vR64	kvR64	0.02
vR65	kvR65	0.01
vR66	kvR66	0.01
vR67	kvR67	0.001
vR68	kvR68	0.1
vR69	kvR69	0.001
vR70	kvR70	0.1
vR71	kvR71	0.001
vR72	kvR72	0.1
vR73	kvR73	0.05
vR74	kvR74	0.0016
vR75	kvR75	0.01
vR76	kvR76	0.01
vR77	kvR77	0.05
vR78	kvR78	0.0032
vR79	kvR79	0.01
vR80	kvR80	0.01
vR81	kvR81	0.05
vR82	kvR82	0.05
vR83	kvR83	0.01
vR84	kvR84	0.0001
vR85	kvR85	2
vR86	kvR86	0.001
vR87	kvR87	0.001
vR88	kvR88	2.00E-05
vR89	kvR89	0.01
vR90	kvR90	0.001
vR91	kvR91	0.004
vR92	kvR92	0.001
vR93	kvR93	0.001
vR94	kvR94	0.01
vR95	kvR95	0.01
vR96	kvR96	0
vR97	kvR97	0.01
vR98	kvR98	0
vR99	kvR99	0.1
vR100	kvR100	1
vR101	kvR101	0.1
vR102	kvR102	1
vR103	kvR103	0.1
vR104	kvR104	1
vR105	kvR105	0.001
vR106	kvR106	1
vR107	kvR107	0.001
vR108	kvR108	1
vR109	kvR109	0.001
vR110	kvR110	1
vR111	kvR111	0.001
vR112	kvR112	1
vR113	kvR113	0.001
vR114	kvR114	1
vR115	kvR115	0.001
vR116	kvR116	1
vR117	kvR117	0.001
vR118	kvR118	1
vR119	kvR119	0.001
vR120	kvR120	1
vR121	kvR121	0.001
vR122	kvR122	1
vR123	kvR123	0.002
vR124	kvR124	0.001
vR125	kvR125	0.001
vR126	kvR126	0.001
vR127	kvR127	0.001
vR128	kvR128	0.001
vR129	kvR129	0.001
vR130	kvR130	0.001
vR131	kvR131	0.001
vR132	kvR132	0.001
vR133	kvR133	0.001
vR134	kvR134	0.001
vR135	kvR135	0.001
vR136	kvR136	0.001
vR137	kvR137	0.001
vR138	kvR138	0.001
vR139	kvR139	0.002
vR140	kvR140	0.001
vR141	kvR141	0.002
vR142	kvR142	0.001
vR143	kvR143	0.001
vR144	kvR144	1
vR145	kvR145	0.1
vR146	kvR146	0.0016
vR147	kvR147	0.001
vR148	kvR148	1
vR149	kvR149	0.002
vR150	kvR150	2.00E-05
vR151	kvR151	0.000347
vR152	kvR152	3.12E-05
vR153	kvR153	0.000347
vR154	kvR154	0.0031
vR155	kvR155	9.80E-05
vR156	kvR156	0.0031
vR157	kvR157	5.58E-06
vR158	kvR158	0.01
vRP1_1	kvRP1_1	1
vRP1_2	kvRP1_2	1
vRP1_3	kvRP1_3	1
vRP1_4	kvRP1_4	1
vRP1_5	kvRP1_5	1
vRP1_6	kvRP1_6	1
vRP1_7	kvRP1_7	1
vRP1_8	kvRP1_8	1
vRP1_9	kvRP1_9	1
vRP1_10	kvRP1_10	1
vRP1_11	kvRP1_11	1
vRP1_12	kvRP1_12	1
vRP1_13	kvRP1_13	1
vRP1_14	kvRP1_14	1
vRP1_15	kvRP1_15	1
vRP1_16	kvRP1_16	1
vRP1_17	kvRP1_17	1
vRP1_18	kvRP1_18	1
vRP1_19	kvRP1_19	1
vRP1_20	kvRP1_20	1
vRP1_21	kvRP1_21	1
vRP1_22	kvRP1_22	1
vRP1_23	kvRP1_23	1
vRP1_24	kvRP1_24	1
vRP1_25	kvRP1_25	1
vRP1_26	kvRP1_26	1
vRP1_27	kvRP1_27	1
vRP1_28	kvRP1_28	1
vRP1_29	kvRP1_29	1
vRP2_1	kvRP2_1	1
vRP2_2	kvRP2_2	1
vRP2_3	kvRP2_3	1
vRP2_4	kvRP2_4	1
vRP2_5	kvRP2_5	1
vRP2_6	kvRP2_6	1
vRP2_7	kvRP2_7	1
vRP2_8	kvRP2_8	1
vRP2_9	kvRP2_9	1
vRP2_10	kvRP2_10	1
vRP2_11	kvRP2_11	1
vRP2_12	kvRP2_12	1
vRP2_13	kvRP2_13	1
vRP2_14	kvRP2_14	1
vRP2_15	kvRP2_15	1
vRP2_16	kvRP2_16	1
vRP2_17	kvRP2_17	1
vRP2_18	kvRP2_18	1
vRP2_19	kvRP2_19	1
vRP2_20	kvRP2_20	1
vRP2_21	kvRP2_21	1
vRP2_22	kvRP2_22	1
vRP2_23	kvRP2_23	1
vRP2_24	kvRP2_24	1
vRP2_25	kvRP2_25	1
vRP2_26	kvRP2_26	1
vRP2_27	kvRP2_27	1
vRP2_28	kvRP2_28	1
vRP2_29	kvRP2_29	1
vRP3_1	kvRP3_1	0.001
vRP3_2	kvRP3_2	0.001
vRP3_3	kvRP3_3	0.001
vRP3_4	kvRP3_4	0.001
vRP3_5	kvRP3_5	0.001
vRP3_6	kvRP3_6	0.001
vRP3_7	kvRP3_7	0.001
vRP3_8	kvRP3_8	0.001
vRP3_9	kvRP3_9	0.001
vRP3_10	kvRP3_10	0.001
vRP3_11	kvRP3_11	0.001
vRP3_12	kvRP3_12	0.001
vRP3_13	kvRP3_13	0.001
vRP3_14	kvRP3_14	0.001
vRP3_15	kvRP3_15	0.001
vRP3_16	kvRP3_16	0.001
vRP3_17	kvRP3_17	0.001
vRP3_18	kvRP3_18	0.001
vRP3_19	kvRP3_19	0.001
vRP3_20	kvRP3_20	0.001
vRP3_21	kvRP3_21	0.001
vRP3_22	kvRP3_22	0.001
vRP3_23	kvRP3_23	0.001
vRP3_24	kvRP3_24	0.001
vRP3_25	kvRP3_25	0.001
vRP3_26	kvRP3_26	0.001
vRP3_27	kvRP3_27	0.001
vRP3_28	kvRP3_28	0.001
vRP3_29	kvRP3_29	0.001
vRP4_1	kvRP4_1	0.001
vRP4_2	kvRP4_2	0.001
vRP4_3	kvRP4_3	0.001
vRP4_4	kvRP4_4	0.001
vRP4_5	kvRP4_5	0.001
vRP4_6	kvRP4_6	0.001
vRP4_7	kvRP4_7	0.001
vRP4_8	kvRP4_8	0.001
vRP4_9	kvRP4_9	0.001
vRP4_10	kvRP4_10	0.001
vRP4_11	kvRP4_11	0.001
vRP4_12	kvRP4_12	0.001
vRP4_13	kvRP4_13	0.001
vRP4_14	kvRP4_14	0.001
vRP4_15	kvRP4_15	0.001
vRP4_16	kvRP4_16	0.001
vRP4_17	kvRP4_17	0.001
vRP4_18	kvRP4_18	0.001
vRP4_19	kvRP4_19	0.001
vRP4_20	kvRP4_20	0.001
vRP4_21	kvRP4_21	0.001
vRP4_22	kvRP4_22	0.001
vRP4_23	kvRP4_23	0.001
vRP4_24	kvRP4_24	0.001
vRP4_25	kvRP4_25	0.001
vRP4_26	kvRP4_26	0.001
vRP4_27	kvRP4_27	0.001
vRP4_28	kvRP4_28	0.001
vRP4_29	kvRP4_29	0.001
vRP5_1	kRP51_1	lin	0.001667	0.001667	0.001667	0
vRP5_1	kRP51_2	lin	2	2	2	0
vRP5_1	kRP51_3	lin	0.00016667	0.00016667	0.00016667	0
vRP5_2	kRP52_1	lin	0.001667	0.001667	0.001667	0
vRP5_2	kRP52_2	lin	2	2	2	0
vRP5_2	kRP52_3	lin	0.00016667	0.00016667	0.00016667	0
vRP5_3	kRP53_1	lin	0.004667	0.004667	0.004667	0
vRP5_3	kRP53_2	lin	2	2	2	0
vRP5_3	kRP53_3	lin	0.00016667	0.00016667	0.00016667	0
vRP5_4	kRP54_1	lin	0.004667	0.004667	0.004667	0
vRP5_4	kRP54_2	lin	2	2	2	0
vRP5_4	kRP54_3	lin	0.00016667	0.00016667	0.00016667	0
vRP5_5	kRP55_1	lin	0.001667	0.001667	0.001667	0
vRP5_5	kRP55_2	lin	2	2	2	0
vRP5_5	kRP55_3	lin	0.00016667	0.00016667	0.00016667	0
vRP5_6	kRP56_1	lin	0.001667	0.001667	0.001667	0
vRP5_6	kRP56_2	lin	2	2	2	0
vRP5_6	kRP56_3	lin	0.00016667	0.00016667	0.00016667	0
vRP5_7	kRP57_1	lin	0.001667	0.001667	0.001667	0
vRP5_7	kRP57_2	lin	2	2	2	0
vRP5_7	kRP57_3	lin	0.00016667	0.00016667	0.00016667	0
vRP5_8	kRP58_1	lin	0.001667	0.001667	0.001667	0
vRP5_8	kRP58_2	lin	2	2	2	0
vRP5_8	kRP58_3	lin	0.00016667	0.00016667	0.00016667	0
vRP5_9	kRP59_1	lin	0.00016667	0.00016667	0.00016667	0
vRP5_9	kRP59_2	lin	2	2	2	0
vRP5_9	kRP59_3	lin	0.00016667	0.00016667	0.00016667	0
vRP5_10	kRP510_1	lin	0.00016667	0.00016667	0.00016667	0
vRP5_10	kRP510_2	lin	2	2	2	0
vRP5_10	kRP510_3	lin	0.00016667	0.00016667	0.00016667	0
vRP5_11	kRP511_1	lin	0.001667	0.001667	0.001667	0
vRP5_11	kRP511_2	lin	2	2	2	0
vRP5_11	kRP511_3	lin	0.00016667	0.00016667	0.00016667	0
vRP5_12	kRP512_1	lin	0.00016667	0.00016667	0.00016667	0
vRP5_12	kRP512_2	lin	2	2	2	0
vRP5_12	kRP512_3	lin	0.00016667	0.00016667	0.00016667	0
vRP5_13	kRP513_1	lin	0.00016667	0.00016667	0.00016667	0
vRP5_13	kRP513_2	lin	2	2	2	0
vRP5_13	kRP513_3	lin	0.00016667	0.00016667	0.00016667	0
vRP5_14	kRP514_1	lin	0.00016667	0.00016667	0.00016667	0
vRP5_14	kRP514_2	lin	2	2	2	0
vRP5_14	kRP514_3	lin	0.00016667	0.00016667	0.00016667	0
vRP5_15	kRP515_1	lin	0.00016667	0.00016667	0.00016667	0
vRP5_15	kRP515_2	lin	2	2	2	0
vRP5_15	kRP515_3	lin	0.00016667	0.00016667	0.00016667	0
vRP5_16	kRP516_1	lin	0.001667	0.001667	0.001667	0
vRP5_16	kRP516_2	lin	2	2	2	0
vRP5_16	kRP516_3	lin	0.00016667	0.00016667	0.00016667	0
vRP5_17	kRP517_1	lin	0.00016667	0.00016667	0.00016667	0
vRP5_17	kRP517_2	lin	2	2	2	0
vRP5_17	kRP517_3	lin	0.00016667	0.00016667	0.00016667	0
vRP5_18	kRP518_1	lin	0.00016667	0.00016667	0.00016667	0
vRP5_18	kRP518_2	lin	2	2	2	0
vRP5_18	kRP518_3	lin	0.00016667	0.00016667	0.00016667	0
vRP5_19	kRP519_1	lin	0.00016667	0.00016667	0.00016667	0
vRP5_19	kRP519_2	lin	2	2	2	0
vRP5_19	kRP519_3	lin	0.00016667	0.00016667	0.00016667	0
vRP5_20	kRP520_1	lin	0.00016667	0.00016667	0.00016667	0
vRP5_20	kRP520_2	lin	2	2	2	0
vRP5_20	kRP520_3	lin	0.00016667	0.00016667	0.00016667	0
vRP5_21	kRP521_1	lin	0.00016667	0.00016667	0.00016667	0
vRP5_21	kRP521_2	lin	2	2	2	0
vRP5_21	kRP521_3	lin	0.00016667	0.00016667	0.00016667	0
vRP5_22	kRP522_1	lin	0.00016667	0.00016667	0.00016667	0
vRP5_22	kRP522_2	lin	2	2	2	0
vRP5_22	kRP522_3	lin	0.00016667	0.00016667	0.00016667	0
vRP5_23	kRP523_1	lin	0.00016667	0.00016667	0.00016667	0
vRP5_23	kRP523_2	lin	2	2	2	0
vRP5_23	kRP523_3	lin	0.00016667	0.00016667	0.00016667	0
vRP5_24	kRP524_1	lin	0.00016667	0.00016667	0.00016667	0
vRP5_24	kRP524_2	lin	2	2	2	0
vRP5_24	kRP524_3	lin	0.00016667	0.00016667	0.00016667	0
vRP5_25	kRP525_1	lin	0.00016667	0.00016667	0.00016667	0
vRP5_25	kRP525_2	lin	2	2	2	0
vRP5_25	kRP525_3	lin	0.00016667	0.00016667	0.00016667	0
vRP5_26	kRP526_1	lin	7.93E-05	7.93E-05	7.93E-05	0
vRP5_26	kRP526_2	lin	2	2	2	0
vRP5_26	kRP526_3	lin	0.00016667	0.00016667	0.00016667	0
vRP5_27	kRP527_1	lin	0.00016667	0.00016667	0.00016667	0
vRP5_27	kRP527_2	lin	2	2	2	0
vRP5_27	kRP527_3	lin	0.00016667	0.00016667	0.00016667	0
vRP5_28	kRP528_1	lin	7.93E-05	7.93E-05	7.93E-05	0
vRP5_28	kRP528_2	lin	2	2	2	0
vRP5_28	kRP528_3	lin	0.00016667	0.00016667	0.00016667	0
vRP5_29	kRP529_1	lin	0.00016667	0.00016667	0.00016667	0
vRP5_29	kRP529_2	lin	2	2	2	0
vRP5_29	kRP529_3	lin	0.00016667	0.00016667	0.00016667	0
vRP6_1	kvRP6_1	1
vRP6_2	kvRP6_2	1
vRP6_3	kvRP6_3	1
vRP6_4	kvRP6_4	1
vRP6_5	kvRP6_5	1
vRP6_6	kvRP6_6	1
vRP6_7	kvRP6_7	1
vRP6_8	kvRP6_8	1
vRP6_9	kvRP6_9	1
vRP6_10	kvRP6_10	1
vRP6_11	kvRP6_11	1
vRP6_12	kvRP6_12	1
vRP6_13	kvRP6_13	1
vRP6_14	kvRP6_14	1
vRP6_15	kvRP6_15	1
vRP6_16	kvRP6_16	1
vRP6_17	kvRP6_17	1
vRP6_18	kvRP6_18	1
vRP6_19	kvRP6_19	1
vRP6_20	kvRP6_20	1
vRP6_21	kvRP6_21	1
vRP6_22	kvRP6_22	1
vRP6_23	kvRP6_23	1
vRP6_24	kvRP6_24	1
vRP6_25	kvRP6_25	1
vRP6_26	kvRP6_26	1
vRP6_27	kvRP6_27	1
vRP6_28	kvRP6_28	1
vRP6_29	kvRP6_29	1
vRP7_1	kvRP7_1	1
vRP7_2	kvRP7_2	1
vRP7_3	kvRP7_3	1
vRP7_4	kvRP7_4	1
vRP7_5	kvRP7_5	1
vRP7_6	kvRP7_6	1
vRP7_7	kvRP7_7	1
vRP7_8	kvRP7_8	1
vRP7_9	kvRP7_9	1
vRP7_10	kvRP7_10	1
vRP7_11	kvRP7_11	1
vRP7_12	kvRP7_12	1
vRP7_13	kvRP7_13	1
vRP7_14	kvRP7_14	1
vRP7_15	kvRP7_15	1
vRP7_16	kvRP7_16	1
vRP7_17	kvRP7_17	1
vRP7_18	kvRP7_18	1
vRP7_19	kvRP7_19	1
vRP7_20	kvRP7_20	1
vRP7_21	kvRP7_21	1
vRP7_22	kvRP7_22	1
vRP7_23	kvRP7_23	1
vRP7_24	kvRP7_24	1
vRP7_25	kvRP7_25	1
vRP7_26	kvRP7_26	1
vRP7_27	kvRP7_27	1
vRP7_28	kvRP7_28	1
vRP7_29	kvRP7_29	1
vRP8_1	kvRP8_1	0.00085205
vRP8_2	kvRP8_2	0.00085205
vRP8_3	kvRP8_3	0.00083711
vRP8_4	kvRP8_4	0.00083711
vRP8_5	kvRP8_5	0.00085205
vRP8_6	kvRP8_6	0.00085205
vRP8_7	kvRP8_7	0.00085205
vRP8_8	kvRP8_8	0.00085205
vRP8_9	kvRP8_9	0.0014
vRP8_10	kvRP8_10	0.0014
vRP8_11	kvRP8_11	0.00085205
vRP8_12	kvRP8_12	0.0014
vRP8_13	kvRP8_13	0.0014
vRP8_14	kvRP8_14	0.0014
vRP8_15	kvRP8_15	0.0014
vRP8_16	kvRP8_16	0.00085205
vRP8_17	kvRP8_17	0.0014
vRP8_18	kvRP8_18	0.0014
vRP8_19	kvRP8_19	0.0014
vRP8_20	kvRP8_20	0.0014
vRP8_21	kvRP8_21	0.0014
vRP8_22	kvRP8_22	0.0014
vRP8_23	kvRP8_23	0.0014
vRP8_24	kvRP8_24	0.0014
vRP8_25	kvRP8_25	0.0014
vRP8_26	kvRP8_26	7.70E-07
vRP8_27	kvRP8_27	3.20E-05
vRP8_28	kvRP8_28	7.70E-07
vRP8_29	kvRP8_29	3.20E-05
vRP9_1	kvRP9_1	0.009
vRP9_2	kvRP9_2	0.01
vRP9_3	kvRP9_3	0.01
vRP9_4	kvRP9_4	0.01
vRP9_5	kvRP9_5	0.008
vRP9_6	kvRP9_6	0.008
vRP9_7	kvRP9_7	0.011
vRP9_8	kvRP9_8	0.011
vRP9_9	kvRP9_9	0.007
vRP9_10	kvRP9_10	0.008
vRP9_11	kvRP9_11	0.008
vRP9_12	kvRP9_12	0.009
vRP9_13	kvRP9_13	0.009
vRP9_14	kvRP9_14	0.01
vRP9_15	kvRP9_15	0.011
vRP9_16	kvRP9_16	0.011
vRP9_17	kvRP9_17	0.009
vRP9_18	kvRP9_18	0.012
vRP9_19	kvRP9_19	0.012
vRP9_20	kvRP9_20	0.002
vRP9_21	kvRP9_21	0.002
vRP9_22	kvRP9_22	0.001
vRP9_23	kvRP9_23	0.001
vRP9_24	kvRP9_24	0.008
vRP9_25	kvRP9_25	0.008
vRP9_26	kvRP9_26	0.005
vRP9_27	kvRP9_27	0.007
vRP9_28	kvRP9_28	0.005
vRP9_29	kvRP9_29	0.007
vRP10_1	kvRP10_1	2.6
vRP10_2	kvRP10_2	2.6
vRP10_3	kvRP10_3	2.6
vRP10_4	kvRP10_4	2.6
vRP10_5	kvRP10_5	2.6
vRP10_6	kvRP10_6	2.6
vRP10_7	kvRP10_7	2.6
vRP10_8	kvRP10_8	2.6
vRP10_9	kvRP10_9	2.6
vRP10_10	kvRP10_10	2.6
vRP10_11	kvRP10_11	2.6
vRP10_12	kvRP10_12	2.6
vRP10_13	kvRP10_13	2.6
vRP10_14	kvRP10_14	2.6
vRP10_15	kvRP10_15	2.6
vRP10_16	kvRP10_16	2.6
vRP10_17	kvRP10_17	2.6
vRP10_18	kvRP10_18	2.6
vRP10_19	kvRP10_19	2.6
vRP10_20	kvRP10_20	2.6
vRP10_21	kvRP10_21	2.6
vRP10_22	kvRP10_22	2.6
vRP10_23	kvRP10_23	2.6
vRP10_24	kvRP10_24	2.6
vRP10_25	kvRP10_25	2.6
vRP10_26	kvRP10_26	2.6
vRP10_27	kvRP10_27	2.6
vRP10_28	kvRP10_28	2.6
vRP10_29	kvRP10_29	2.6
vRP11_1	kvRP11_1	0.009
vRP11_2	kvRP11_2	0.01
vRP11_3	kvRP11_3	0.01
vRP11_4	kvRP11_4	0.01
vRP11_5	kvRP11_5	0.008
vRP11_6	kvRP11_6	0.008
vRP11_7	kvRP11_7	0.011
vRP11_8	kvRP11_8	0.011
vRP11_9	kvRP11_9	0.007
vRP11_10	kvRP11_10	0.008
vRP11_11	kvRP11_11	0.008
vRP11_12	kvRP11_12	0.009
vRP11_13	kvRP11_13	0.009
vRP11_14	kvRP11_14	0.01
vRP11_15	kvRP11_15	0.011
vRP11_16	kvRP11_16	0.011
vRP11_17	kvRP11_17	0.009
vRP11_18	kvRP11_18	0.012
vRP11_19	kvRP11_19	0.012
vRP11_20	kvRP11_20	0.002
vRP11_21	kvRP11_21	0.002
vRP11_22	kvRP11_22	0.001
vRP11_23	kvRP11_23	0.001
vRP11_24	kvRP11_24	0.008
vRP11_25	kvRP11_25	0.008
vRP11_26	kvRP11_26	0.005
vRP11_27	kvRP11_27	0.007
vRP11_28	kvRP11_28	0.005
vRP11_29	kvRP11_29	0.007
vRP12_1	kvRP12_1	2.6
vRP12_2	kvRP12_2	2.6
vRP12_3	kvRP12_3	2.6
vRP12_4	kvRP12_4	2.6
vRP12_5	kvRP12_5	2.6
vRP12_6	kvRP12_6	2.6
vRP12_7	kvRP12_7	2.6
vRP12_8	kvRP12_8	2.6
vRP12_9	kvRP12_9	2.6
vRP12_10	kvRP12_10	2.6
vRP12_11	kvRP12_11	2.6
vRP12_12	kvRP12_12	2.6
vRP12_13	kvRP12_13	2.6
vRP12_14	kvRP12_14	2.6
vRP12_15	kvRP12_15	2.6
vRP12_16	kvRP12_16	2.6
vRP12_17	kvRP12_17	2.6
vRP12_18	kvRP12_18	2.6
vRP12_19	kvRP12_19	2.6
vRP12_20	kvRP12_20	2.6
vRP12_21	kvRP12_21	2.6
vRP12_22	kvRP12_22	2.6
vRP12_23	kvRP12_23	2.6
vRP12_24	kvRP12_24	2.6
vRP12_25	kvRP12_25	2.6
vRP12_26	kvRP12_26	2.6
vRP12_27	kvRP12_27	2.6
vRP12_28	kvRP12_28	2.6
vRP12_29	kvRP12_29	2.6
vRP13_1	kvRP13_1	0.004
vRP13_2	kvRP13_2	0.004
vRP13_3	kvRP13_3	0.004
vRP13_4	kvRP13_4	0.004
vRP13_5	kvRP13_5	0.003
vRP13_6	kvRP13_6	0.003
vRP13_7	kvRP13_7	0.003
vRP13_8	kvRP13_8	0.003
vRP13_9	kvRP13_9	0.003
vRP13_10	kvRP13_10	0.003
vRP13_11	kvRP13_11	0.003
vRP13_12	kvRP13_12	0.002
vRP13_13	kvRP13_13	0.002
vRP13_14	kvRP13_14	0.003
vRP13_15	kvRP13_15	0.003
vRP13_16	kvRP13_16	0.003
vRP13_17	kvRP13_17	0.002
vRP13_18	kvRP13_18	0.002
vRP13_19	kvRP13_19	0.002
vRP13_20	kvRP13_20	0.004
vRP13_21	kvRP13_21	0.004
vRP13_22	kvRP13_22	0.005
vRP13_23	kvRP13_23	0.005
vRP13_24	kvRP13_24	0.002
vRP13_25	kvRP13_25	0.006
vRP13_26	kvRP13_26	0.0015
vRP13_27	kvRP13_27	0.0035
vRP13_28	kvRP13_28	0.0015
vRP13_29	kvRP13_29	0.0035
vRP14_1	kvRP14_1	0.51
vRP14_2	kvRP14_2	0.51
vRP14_3	kvRP14_3	0.51
vRP14_4	kvRP14_4	0.51
vRP14_5	kvRP14_5	0.51
vRP14_6	kvRP14_6	0.51
vRP14_7	kvRP14_7	0.51
vRP14_8	kvRP14_8	0.51
vRP14_9	kvRP14_9	0.51
vRP14_10	kvRP14_10	0.51
vRP14_11	kvRP14_11	0.51
vRP14_12	kvRP14_12	0.51
vRP14_13	kvRP14_13	0.51
vRP14_14	kvRP14_14	0.51
vRP14_15	kvRP14_15	0.51
vRP14_16	kvRP14_16	0.51
vRP14_17	kvRP14_17	0.51
vRP14_18	kvRP14_18	0.51
vRP14_19	kvRP14_19	0.51
vRP14_20	kvRP14_20	0.51
vRP14_21	kvRP14_21	0.51
vRP14_22	kvRP14_22	0.51
vRP14_23	kvRP14_23	0.51
vRP14_24	kvRP14_24	0.51
vRP14_25	kvRP14_25	0.51
vRP14_26	kvRP14_26	0.51
vRP14_27	kvRP14_27	0.51
vRP14_28	kvRP14_28	0.51
vRP14_29	kvRP14_29	0.51
vRP15_1	kvRP15_1	0.004
vRP15_2	kvRP15_2	0.002
vRP15_3	kvRP15_3	0.002
vRP15_4	kvRP15_4	0.002
vRP15_5	kvRP15_5	0.01
vRP15_6	kvRP15_6	0.01
vRP15_7	kvRP15_7	0.004
vRP15_8	kvRP15_8	0.004
vRP15_9	kvRP15_9	0.012
vRP15_10	kvRP15_10	0.01
vRP15_11	kvRP15_11	0.01
vRP15_12	kvRP15_12	0.012
vRP15_13	kvRP15_13	0.012
vRP15_14	kvRP15_14	0.006
vRP15_15	kvRP15_15	0.004
vRP15_16	kvRP15_16	0.004
vRP15_17	kvRP15_17	0.012
vRP15_18	kvRP15_18	0.006
vRP15_19	kvRP15_19	0.006
vRP15_20	kvRP15_20	0.006
vRP15_21	kvRP15_21	0.006
vRP15_22	kvRP15_22	0.006
vRP15_23	kvRP15_23	0.006
vRP15_24	kvRP15_24	0.014
vRP15_25	kvRP15_25	0.016
vRP15_26	kvRP15_26	0.0105
vRP15_27	kvRP15_27	0.0145
vRP15_28	kvRP15_28	0.0105
vRP15_29	kvRP15_29	0.0145
vRP16_1	kvRP16_1	0.07
vRP16_2	kvRP16_2	0.07
vRP16_3	kvRP16_3	0.07
vRP16_4	kvRP16_4	0.07
vRP16_5	kvRP16_5	0.07
vRP16_6	kvRP16_6	0.07
vRP16_7	kvRP16_7	0.07
vRP16_8	kvRP16_8	0.07
vRP16_9	kvRP16_9	0.07
vRP16_10	kvRP16_10	0.07
vRP16_11	kvRP16_11	0.07
vRP16_12	kvRP16_12	0.07
vRP16_13	kvRP16_13	0.07
vRP16_14	kvRP16_14	0.07
vRP16_15	kvRP16_15	0.07
vRP16_16	kvRP16_16	0.07
vRP16_17	kvRP16_17	0.07
vRP16_18	kvRP16_18	0.07
vRP16_19	kvRP16_19	0.07
vRP16_20	kvRP16_20	0.07
vRP16_21	kvRP16_21	0.07
vRP16_22	kvRP16_22	0.07
vRP16_23	kvRP16_23	0.07
vRP16_24	kvRP16_24	0.07
vRP16_25	kvRP16_25	0.07
vRP16_26	kvRP16_26	0.07
vRP16_27	kvRP16_27	0.07
vRP16_28	kvRP16_28	0.07
vRP16_29	kvRP16_29	0.07
vRP17_1	kvRP17_1	0.004
vRP17_2	kvRP17_2	0.002
vRP17_3	kvRP17_3	0.002
vRP17_4	kvRP17_4	0.002
vRP17_5	kvRP17_5	0.01
vRP17_6	kvRP17_6	0.01
vRP17_7	kvRP17_7	0.004
vRP17_8	kvRP17_8	0.004
vRP17_9	kvRP17_9	0.012
vRP17_10	kvRP17_10	0.01
vRP17_11	kvRP17_11	0.01
vRP17_12	kvRP17_12	0.012
vRP17_13	kvRP17_13	0.012
vRP17_14	kvRP17_14	0.006
vRP17_15	kvRP17_15	0.004
vRP17_16	kvRP17_16	0.004
vRP17_17	kvRP17_17	0.012
vRP17_18	kvRP17_18	0.006
vRP17_19	kvRP17_19	0.006
vRP17_20	kvRP17_20	0.006
vRP17_21	kvRP17_21	0.006
vRP17_22	kvRP17_22	0.006
vRP17_23	kvRP17_23	0.006
vRP17_24	kvRP17_24	0.014
vRP17_25	kvRP17_25	0.016
vRP17_26	kvRP17_26	0.0105
vRP17_27	kvRP17_27	0.0145
vRP17_28	kvRP17_28	0.0105
vRP17_29	kvRP17_29	0.0145
vRP18_1	kvRP18_1	0.07
vRP18_2	kvRP18_2	0.07
vRP18_3	kvRP18_3	0.07
vRP18_4	kvRP18_4	0.07
vRP18_5	kvRP18_5	0.07
vRP18_6	kvRP18_6	0.07
vRP18_7	kvRP18_7	0.07
vRP18_8	kvRP18_8	0.07
vRP18_9	kvRP18_9	0.07
vRP18_10	kvRP18_10	0.07
vRP18_11	kvRP18_11	0.07
vRP18_12	kvRP18_12	0.07
vRP18_13	kvRP18_13	0.07
vRP18_14	kvRP18_14	0.07
vRP18_15	kvRP18_15	0.07
vRP18_16	kvRP18_16	0.07
vRP18_17	kvRP18_17	0.07
vRP18_18	kvRP18_18	0.07
vRP18_19	kvRP18_19	0.07
vRP18_20	kvRP18_20	0.07
vRP18_21	kvRP18_21	0.07
vRP18_22	kvRP18_22	0.07
vRP18_23	kvRP18_23	0.07
vRP18_24	kvRP18_24	0.07
vRP18_25	kvRP18_25	0.07
vRP18_26	kvRP18_26	0.07
vRP18_27	kvRP18_27	0.07
vRP18_28	kvRP18_28	0.07
vRP18_29	kvRP18_29	0.07
vRP19_1	kvRP19_1	0.001
vRP19_2	kvRP19_2	0.001
vRP19_3	kvRP19_3	0.001
vRP19_4	kvRP19_4	0.001
vRP19_5	kvRP19_5	0.001
vRP19_6	kvRP19_6	0.001
vRP19_7	kvRP19_7	0.001
vRP19_8	kvRP19_8	0.001
vRP19_9	kvRP19_9	0.001
vRP19_10	kvRP19_10	0.001
vRP19_11	kvRP19_11	0.001
vRP19_12	kvRP19_12	0.001
vRP19_13	kvRP19_13	0.001
vRP19_14	kvRP19_14	0.001
vRP19_15	kvRP19_15	0.001
vRP19_16	kvRP19_16	0.001
vRP19_17	kvRP19_17	0.001
vRP19_18	kvRP19_18	0.001
vRP19_19	kvRP19_19	0.001
vRP19_20	kvRP19_20	0.001
vRP19_21	kvRP19_21	0.001
vRP19_22	kvRP19_22	0.001
vRP19_23	kvRP19_23	0.001
vRP19_24	kvRP19_24	0.001
vRP19_25	kvRP19_25	0.001
vRP19_26	kvRP19_26	0.001
vRP19_27	kvRP19_27	0.001
vRP19_28	kvRP19_28	0.001
vRP19_29	kvRP19_29	0.001
vRP20_1	kvRP20_1	0.01
vRP20_2	kvRP20_2	0.01
vRP20_3	kvRP20_3	0.01
vRP20_4	kvRP20_4	0.01
vRP20_5	kvRP20_5	0.01
vRP20_6	kvRP20_6	0.01
vRP20_7	kvRP20_7	0.01
vRP20_8	kvRP20_8	0.01
vRP20_9	kvRP20_9	0.01
vRP20_10	kvRP20_10	0.01
vRP20_11	kvRP20_11	0.01
vRP20_12	kvRP20_12	0.01
vRP20_13	kvRP20_13	0.01
vRP20_14	kvRP20_14	0.01
vRP20_15	kvRP20_15	0.01
vRP20_16	kvRP20_16	0.01
vRP20_17	kvRP20_17	0.01
vRP20_18	kvRP20_18	0.01
vRP20_19	kvRP20_19	0.01
vRP20_20	kvRP20_20	0.01
vRP20_21	kvRP20_21	0.01
vRP20_22	kvRP20_22	0.01
vRP20_23	kvRP20_23	0.01
vRP20_24	kvRP20_24	0.01
vRP20_25	kvRP20_25	0.01
vRP20_26	kvRP20_26	0.01
vRP20_27	kvRP20_27	0.01
vRP20_28	kvRP20_28	0.01
vRP20_29	kvRP20_29	0.01
vRP21_1	kvRP21_1	1
vRP21_2	kvRP21_2	1
vRP21_3	kvRP21_3	1
vRP21_4	kvRP21_4	1
vRP21_5	kvRP21_5	1
vRP21_6	kvRP21_6	1
vRP21_7	kvRP21_7	1
vRP21_8	kvRP21_8	1
vRP21_9	kvRP21_9	1
vRP21_10	kvRP21_10	1
vRP21_11	kvRP21_11	1
vRP21_12	kvRP21_12	1
vRP21_13	kvRP21_13	1
vRP21_14	kvRP21_14	1
vRP21_15	kvRP21_15	1
vRP21_16	kvRP21_16	1
vRP21_17	kvRP21_17	1
vRP21_18	kvRP21_18	1
vRP21_19	kvRP21_19	1
vRP21_20	kvRP21_20	1
vRP21_21	kvRP21_21	1
vRP21_22	kvRP21_22	1
vRP21_23	kvRP21_23	1
vRP21_24	kvRP21_24	1
vRP21_25	kvRP21_25	1
vRP21_26	kvRP21_26	1
vRP21_27	kvRP21_27	1
vRP21_28	kvRP21_28	1
vRP21_29	kvRP21_29	1
vRP22_1	kvRP22_1	1
vRP22_2	kvRP22_2	1
vRP22_3	kvRP22_3	1
vRP22_4	kvRP22_4	1
vRP22_5	kvRP22_5	1
vRP22_6	kvRP22_6	1
vRP22_7	kvRP22_7	1
vRP22_8	kvRP22_8	1
vRP22_9	kvRP22_9	1
vRP22_10	kvRP22_10	1
vRP22_11	kvRP22_11	1
vRP22_12	kvRP22_12	1
vRP22_13	kvRP22_13	1
vRP22_14	kvRP22_14	1
vRP22_15	kvRP22_15	1
vRP22_16	kvRP22_16	1
vRP22_17	kvRP22_17	1
vRP22_18	kvRP22_18	1
vRP22_19	kvRP22_19	1
vRP22_20	kvRP22_20	1
vRP22_21	kvRP22_21	1
vRP22_22	kvRP22_22	1
vRP22_23	kvRP22_23	1
vRP22_24	kvRP22_24	1
vRP22_25	kvRP22_25	1
vRP22_26	kvRP22_26	1
vRP22_27	kvRP22_27	1
vRP22_28	kvRP22_28	1
vRP22_29	kvRP22_29	1
vRP23_1	kvRP23_1	10
vRP23_2	kvRP23_2	10
vRP23_3	kvRP23_3	10
vRP23_4	kvRP23_4	10
vRP23_5	kvRP23_5	10
vRP23_6	kvRP23_6	10
vRP23_7	kvRP23_7	10
vRP23_8	kvRP23_8	10
vRP23_9	kvRP23_9	10
vRP23_10	kvRP23_10	10
vRP23_11	kvRP23_11	10
vRP23_12	kvRP23_12	10
vRP23_13	kvRP23_13	10
vRP23_14	kvRP23_14	10
vRP23_15	kvRP23_15	10
vRP23_16	kvRP23_16	10
vRP23_17	kvRP23_17	10
vRP23_18	kvRP23_18	10
vRP23_19	kvRP23_19	10
vRP23_20	kvRP23_20	10
vRP23_21	kvRP23_21	10
vRP23_22	kvRP23_22	10
vRP23_23	kvRP23_23	10
vRP23_24	kvRP23_24	10
vRP23_25	kvRP23_25	10
vRP23_26	kvRP23_26	10
vRP23_27	kvRP23_27	10
vRP23_28	kvRP23_28	10
vRP23_29	kvRP23_29	10
vRP24_1	kvRP24_1	10
vRP24_2	kvRP24_2	10
vRP24_3	kvRP24_3	10
vRP24_4	kvRP24_4	10
vRP24_5	kvRP24_5	10
vRP24_6	kvRP24_6	10
vRP24_7	kvRP24_7	10
vRP24_8	kvRP24_8	10
vRP24_9	kvRP24_9	10
vRP24_10	kvRP24_10	10
vRP24_11	kvRP24_11	10
vRP24_12	kvRP24_12	10
vRP24_13	kvRP24_13	10
vRP24_14	kvRP24_14	10
vRP24_15	kvRP24_15	10
vRP24_16	kvRP24_16	10
vRP24_17	kvRP24_17	10
vRP24_18	kvRP24_18	10
vRP24_19	kvRP24_19	10
vRP24_20	kvRP24_20	10
vRP24_21	kvRP24_21	10
vRP24_22	kvRP24_22	10
vRP24_23	kvRP24_23	10
vRP24_24	kvRP24_24	10
vRP24_25	kvRP24_25	10
vRP24_26	kvRP24_26	10
vRP24_27	kvRP24_27	10
vRP24_28	kvRP24_28	10
vRP24_29	kvRP24_29	10
vRP25_1	kvRP25_1	0.001
vRP25_2	kvRP25_2	0.001
vRP25_3	kvRP25_3	0.001
vRP25_4	kvRP25_4	0.001
vRP25_5	kvRP25_5	0.001
vRP25_6	kvRP25_6	0.001
vRP25_7	kvRP25_7	0.001
vRP25_8	kvRP25_8	0.001
vRP25_9	kvRP25_9	0.001
vRP25_10	kvRP25_10	0.001
vRP25_11	kvRP25_11	0.001
vRP25_12	kvRP25_12	0.001
vRP25_13	kvRP25_13	0.001
vRP25_14	kvRP25_14	0.001
vRP25_15	kvRP25_15	0.001
vRP25_16	kvRP25_16	0.001
vRP25_17	kvRP25_17	0.001
vRP25_18	kvRP25_18	0.001
vRP25_19	kvRP25_19	0.001
vRP25_20	kvRP25_20	0.001
vRP25_21	kvRP25_21	0.001
vRP25_22	kvRP25_22	0.001
vRP25_23	kvRP25_23	0.001
vRP25_24	kvRP25_24	0.001
vRP25_25	kvRP25_25	0.001
vRP25_26	kvRP25_26	0.001
vRP25_27	kvRP25_27	0.001
vRP25_28	kvRP25_28	0.001
vRP25_29	kvRP25_29	0.001
vRP26_1	kvRP26_1	0.1
vRP26_2	kvRP26_2	0.1
vRP26_3	kvRP26_3	0.1
vRP26_4	kvRP26_4	0.1
vRP26_5	kvRP26_5	0.1
vRP26_6	kvRP26_6	0.1
vRP26_7	kvRP26_7	0.1
vRP26_8	kvRP26_8	0.1
vRP26_9	kvRP26_9	0.1
vRP26_10	kvRP26_10	0.1
vRP26_11	kvRP26_11	0.1
vRP26_12	kvRP26_12	0.1
vRP26_13	kvRP26_13	0.1
vRP26_14	kvRP26_14	0.1
vRP26_15	kvRP26_15	0.1
vRP26_16	kvRP26_16	0.1
vRP26_17	kvRP26_17	0.1
vRP26_18	kvRP26_18	0.1
vRP26_19	kvRP26_19	0.1
vRP26_20	kvRP26_20	0.1
vRP26_21	kvRP26_21	0.1
vRP26_22	kvRP26_22	0.1
vRP26_23	kvRP26_23	0.1
vRP26_24	kvRP26_24	0.1
vRP26_25	kvRP26_25	0.1
vRP26_26	kvRP26_26	0.1
vRP26_27	kvRP26_27	0.1
vRP26_28	kvRP26_28	0.1
vRP26_29	kvRP26_29	0.1
vRP27_1	kvRP27_1	1
vRP27_2	kvRP27_2	1
vRP27_3	kvRP27_3	1
vRP27_4	kvRP27_4	1
vRP27_5	kvRP27_5	1
vRP27_6	kvRP27_6	1
vRP27_7	kvRP27_7	1
vRP27_8	kvRP27_8	1
vRP27_9	kvRP27_9	1
vRP27_10	kvRP27_10	1
vRP27_11	kvRP27_11	1
vRP27_12	kvRP27_12	1
vRP27_13	kvRP27_13	1
vRP27_14	kvRP27_14	1
vRP27_15	kvRP27_15	1
vRP27_16	kvRP27_16	1
vRP27_17	kvRP27_17	1
vRP27_18	kvRP27_18	1
vRP27_19	kvRP27_19	1
vRP27_20	kvRP27_20	1
vRP27_21	kvRP27_21	1
vRP27_22	kvRP27_22	1
vRP27_23	kvRP27_23	1
vRP27_24	kvRP27_24	1
vRP27_25	kvRP27_25	1
vRP27_26	kvRP27_26	1
vRP27_27	kvRP27_27	1
vRP27_28	kvRP27_28	1
vRP27_29	kvRP27_29	1
vRP28_1	kvRP28_1	0.001
vRP28_2	kvRP28_2	0.001
vRP28_3	kvRP28_3	0.001
vRP28_4	kvRP28_4	0.001
vRP28_5	kvRP28_5	0.001
vRP28_6	kvRP28_6	0.001
vRP28_7	kvRP28_7	0.001
vRP28_8	kvRP28_8	0.001
vRP28_9	kvRP28_9	0.001
vRP28_10	kvRP28_10	0.001
vRP28_11	kvRP28_11	0.001
vRP28_12	kvRP28_12	0.001
vRP28_13	kvRP28_13	0.001
vRP28_14	kvRP28_14	0.001
vRP28_15	kvRP28_15	0.001
vRP28_16	kvRP28_16	0.001
vRP28_17	kvRP28_17	0.001
vRP28_18	kvRP28_18	0.001
vRP28_19	kvRP28_19	0.001
vRP28_20	kvRP28_20	0.001
vRP28_21	kvRP28_21	0.001
vRP28_22	kvRP28_22	0.001
vRP28_23	kvRP28_23	0.001
vRP28_24	kvRP28_24	0.001
vRP28_25	kvRP28_25	0.001
vRP28_26	kvRP28_26	0.005
vRP28_27	kvRP28_27	0.005
vRP28_28	kvRP28_28	0.005
vRP28_29	kvRP28_29	0.005
vRP29_1	kvRP29_1	0.01
vRP29_2	kvRP29_2	0.01
vRP29_3	kvRP29_3	0.01
vRP29_4	kvRP29_4	0.01
vRP29_5	kvRP29_5	0.01
vRP29_6	kvRP29_6	0.01
vRP29_7	kvRP29_7	0.01
vRP29_8	kvRP29_8	0.01
vRP29_9	kvRP29_9	0.01
vRP29_10	kvRP29_10	0.01
vRP29_11	kvRP29_11	0.01
vRP29_12	kvRP29_12	0.01
vRP29_13	kvRP29_13	0.01
vRP29_14	kvRP29_14	0.01
vRP29_15	kvRP29_15	0.01
vRP29_16	kvRP29_16	0.01
vRP29_17	kvRP29_17	0.01
vRP29_18	kvRP29_18	0.01
vRP29_19	kvRP29_19	0.01
vRP29_20	kvRP29_20	0.01
vRP29_21	kvRP29_21	0.01
vRP29_22	kvRP29_22	0.01
vRP29_23	kvRP29_23	0.01
vRP29_24	kvRP29_24	0.01
vRP29_25	kvRP29_25	0.01
vRP29_26	kvRP29_26	0.05
vRP29_27	kvRP29_27	0.05
vRP29_28	kvRP29_28	0.05
vRP29_29	kvRP29_29	0.05
vRP30_1	kvRP30_1	1
vRP30_2	kvRP30_2	1
vRP30_3	kvRP30_3	1
vRP30_4	kvRP30_4	1
vRP30_5	kvRP30_5	1
vRP30_6	kvRP30_6	1
vRP30_7	kvRP30_7	1
vRP30_8	kvRP30_8	1
vRP30_9	kvRP30_9	1
vRP30_10	kvRP30_10	1
vRP30_11	kvRP30_11	1
vRP30_12	kvRP30_12	1
vRP30_13	kvRP30_13	1
vRP30_14	kvRP30_14	1
vRP30_15	kvRP30_15	1
vRP30_16	kvRP30_16	1
vRP30_17	kvRP30_17	1
vRP30_18	kvRP30_18	1
vRP30_19	kvRP30_19	1
vRP30_20	kvRP30_20	1
vRP30_21	kvRP30_21	1
vRP30_22	kvRP30_22	1
vRP30_23	kvRP30_23	1
vRP30_24	kvRP30_24	1
vRP30_25	kvRP30_25	1
vRP30_26	kvRP30_26	5
vRP30_27	kvRP30_27	5
vRP30_28	kvRP30_28	5
vRP30_29	kvRP30_29	5
vRP31_1	kvRP31_1	0.001
vRP31_2	kvRP31_2	0.001
vRP31_3	kvRP31_3	0.001
vRP31_4	kvRP31_4	0.001
vRP31_5	kvRP31_5	0.001
vRP31_6	kvRP31_6	0.001
vRP31_7	kvRP31_7	0.001
vRP31_8	kvRP31_8	0.001
vRP31_9	kvRP31_9	0.001
vRP31_10	kvRP31_10	0.001
vRP31_11	kvRP31_11	0.001
vRP31_12	kvRP31_12	0.001
vRP31_13	kvRP31_13	0.001
vRP31_14	kvRP31_14	0.001
vRP31_15	kvRP31_15	0.001
vRP31_16	kvRP31_16	0.001
vRP31_17	kvRP31_17	0.001
vRP31_18	kvRP31_18	0.001
vRP31_19	kvRP31_19	0.001
vRP31_20	kvRP31_20	0.001
vRP31_21	kvRP31_21	0.001
vRP31_22	kvRP31_22	0.001
vRP31_23	kvRP31_23	0.001
vRP31_24	kvRP31_24	0.001
vRP31_25	kvRP31_25	0.001
vRP31_26	kvRP31_26	0.001
vRP31_27	kvRP31_27	0.001
vRP31_28	kvRP31_28	0.001
vRP31_29	kvRP31_29	0.001
vRP32_1	kvRP32_1	0.01
vRP32_2	kvRP32_2	0.01
vRP32_3	kvRP32_3	0.01
vRP32_4	kvRP32_4	0.01
vRP32_5	kvRP32_5	0.01
vRP32_6	kvRP32_6	0.01
vRP32_7	kvRP32_7	0.01
vRP32_8	kvRP32_8	0.01
vRP32_9	kvRP32_9	0.01
vRP32_10	kvRP32_10	0.01
vRP32_11	kvRP32_11	0.01
vRP32_12	kvRP32_12	0.01
vRP32_13	kvRP32_13	0.01
vRP32_14	kvRP32_14	0.01
vRP32_15	kvRP32_15	0.01
vRP32_16	kvRP32_16	0.01
vRP32_17	kvRP32_17	0.01
vRP32_18	kvRP32_18	0.01
vRP32_19	kvRP32_19	0.01
vRP32_20	kvRP32_20	0.01
vRP32_21	kvRP32_21	0.01
vRP32_22	kvRP32_22	0.01
vRP32_23	kvRP32_23	0.01
vRP32_24	kvRP32_24	0.01
vRP32_25	kvRP32_25	0.01
vRP32_26	kvRP32_26	0.01
vRP32_27	kvRP32_27	0.01
vRP32_28	kvRP32_28	0.01
vRP32_29	kvRP32_29	0.01
vRP33_1	kvRP33_1	1
vRP33_2	kvRP33_2	1
vRP33_3	kvRP33_3	1
vRP33_4	kvRP33_4	1
vRP33_5	kvRP33_5	1
vRP33_6	kvRP33_6	1
vRP33_7	kvRP33_7	1
vRP33_8	kvRP33_8	1
vRP33_9	kvRP33_9	1
vRP33_10	kvRP33_10	1
vRP33_11	kvRP33_11	1
vRP33_12	kvRP33_12	1
vRP33_13	kvRP33_13	1
vRP33_14	kvRP33_14	1
vRP33_15	kvRP33_15	1
vRP33_16	kvRP33_16	1
vRP33_17	kvRP33_17	1
vRP33_18	kvRP33_18	1
vRP33_19	kvRP33_19	1
vRP33_20	kvRP33_20	1
vRP33_21	kvRP33_21	1
vRP33_22	kvRP33_22	1
vRP33_23	kvRP33_23	1
vRP33_24	kvRP33_24	1
vRP33_25	kvRP33_25	1
vRP33_26	kvRP33_26	1
vRP33_27	kvRP33_27	1
vRP33_28	kvRP33_28	1
vRP33_29	kvRP33_29	1
vRP34_1	kvRP34_1	0.008
vRP34_2	kvRP34_2	0.01
vRP34_3	kvRP34_3	0.008
vRP34_4	kvRP34_4	0.01
vRP34_5	kvRP34_5	0.008
vRP34_6	kvRP34_6	0.01
vRP34_7	kvRP34_7	0.008
vRP34_8	kvRP34_8	0.01
vRP34_9	kvRP34_9	0.008
vRP34_10	kvRP34_10	0.01
vRP34_11	kvRP34_11	0.008
vRP34_12	kvRP34_12	0.01
vRP34_13	kvRP34_13	0.008
vRP34_14	kvRP34_14	0.01
vRP34_15	kvRP34_15	0.008
vRP34_16	kvRP34_16	0.01
vP1	kvP1	0.001
vP2	kvP2	0.01
vP3	kvP3	0.001
vP4	kvP4	0.01
vP5	kvP5	0.1
vP6	kvP6	1
vP7	kvP7	0.1
vP8	kvP8	1
vP9	kvP9	0.1
vP10	kvP10	0.1
vP13	kvP13	0.1
vP14	kvP14	1
vP15	kvP15	1
vP16	kvP16	0.1
vP17	kvP17	1
vP18	kvP18	1
vP19	kvP19	0.1
vP20	kvP20	1
vP21	kvP21	10
vP22	kvP22	0.1
vP23	kvP23	1
vP24	kvP24	10
vP25	kvP25	0.1
vP26	kvP26	1
vP27	kvP27	5
vP28	kvP28	0.1
vP29	kvP29	1
vP30	kvP30	5
vP31	kvP31	0.1
vP32	kvP32	0.01
vP33	kvP33	0.001
vP34	kvP34	1
vP35	kvP35	1
vP36	kvP36	0.001
vP37	kvP37	1
vP38	kvP38	1
vP39	kvP39	0.002
vP40	kvP40	0.2
vP41	kvP41	1
vP42	kvP42	0.001
vP43	kvP43	0.1
vP44	kvP44	0.01
vP45	kvP45	0.013
vP46	kvP46	0.001
vP47	kvP47	0.1
vP48	kvP48	1
vP49	kvP49	0.01
vP50	kvP50	0.001
vP51	kvP51	0.1
vP52	kvP52	1
vP53	kvP53	0.01
vP54	kvP54	0.001
vP55	kvP55	0.1
vP56	kvP56	1
vP57	kvP57	0.02
vP58	kvP58	2
vP59	kvP59	10
vP60	kvP60	0
vP61	kvP61	0.1
vP62	kvP62	1
vP63	kvP63	1
vP64	kvP64	0.001
vP65	kvP65	0.1
vP66	kvP66	1
vP67	kvP67	0.001
vP68	kvP68	0.1
vP69	kvP69	1
vP70	kvP70	0.001
vP71	kvP71	0.1
vP72	kvP72	1
vP73	kvP73	1
vP74	kvP74	0.011
vP75	kvP75	0
vP76	kvP76	0.001
vP77	kvP77	0.1
vP78	kvP78	1
vP79	kvP79	0.9
vP80	kvP80	0.011
vP81	kvP81	0.001
vP82	kvP82	0.1
vP83	kvP83	1
vP86	kvP86	1
vP87	kvP87	0.001
vP88	kvP88	0.1
vP89	kvP89	1
vP90	kvP90	0.001
vP91	kvP91	0.1
vP92	kvP92	1
vP93	kvP93	0.001
vP94	kvP94	0.01
vP95	kvP95	1
vP96	kvP96	100
vP97	kvP97	0.001
vP98	kvP98	0.1
vP99	kvP99	0.001
vP100	kvP100	0.1
vP101	kvP101	1
vP102	kvP102	0.001
vP103	kvP103	0
vP104	kvP104	0.1
vP105	kvP105	0.01
vP106	kvP106	1
vP107	kvP107	10
vP108	kvP108	0.001
vP109	kvP109	0.1
vP110	kvP110	0.001
vP111	kvP111	0.1
vP112	kvP112	0.001
vP113	kvP113	0.0001
vP114	kvP114	0.05
vP115	kvP115	5
vP116	kvP116	10
vP117	kvP117	0.01
vP118	kvP118	0.05
vP119	kvP119	5
vP120	kvP120	10
vP121	kvP121	0.001
vP122	kvP122	1
vP123	kvP123	0.0001
vP124	kvP124	0.001
vP125	kvP125	0.1
vP126	kvP126	1
vP127	kvP127	0.01
vP128	kP128_1	lin	60	60	60	0
vP128	kP128_2	lin	4	4	4	0
vP128	kP128_3	lin	200	200	200	0
vP131	kvP131	0.01
vP132	kvP132	0.012
vP133	kvP133	0.018
vP134	kvP134	0.01
vP135	kvP135	1
vP136	kvP136	1
vP137	kvP137	0.0001
vP138	kvP138	0.1
vP139	kvP139	0.1
vP140	kvP140	0.1
vP141	kvP141	0.01
vP146	kvP146	0.001
vP147	kP147_1	lin	1	1	1	0
vP147	kP147_2	lin	4	4	4	0
vP147	kP147_3	lin	0.1	0.1	0.1	0
vP148	kvP148	0.001
vP149	kvP149	0.0001
vP150	kvP150	0.1
vP151	kvP151	1
vP152	kvP152	10
vP153	kvP153	0.01
vP154	kvP154	0.01
vP155	kvP155	1
vP156	kvP156	10
vP157	kvP157	0.03
vP158	kvP158	0.005
vP159	kvP159	0.1
vP160	kvP160	1
vP161	kvP161	0.001
vP162	kvP162	0.001
vP163	kvP163	0.1
vP164	kvP164	1
vP165	kvP165	0.001
vP166	kvP166	0.001
vP167	kvP167	0.0001
vP168	kvP168	0.001
vP169	kvP169	0.001
vP170	kvP170	0.0001
vP171	kvP171	0.001
vP172	kvP172	0.01
vP173	kP173	lin	0.483	0.483	0.483	0
vP174	kP174	lin	0.001	0.001	0.001	0
vP175	kvP175	0.1
vP176	kvP176	0.01
vP177	kvP177	0.05
vP178	kvP178	0.01
vP179	kvP179	0.1
vP180	kvP180	1.00E-05
vP181	kvP181	0.1
vP182	kvP182	0.01
vP183	kvP183	5.00E-06
vP184	kvP184	0.01
vP185	kvP185	0.0004
vP186	kvP186	0.01
vP187	kvP187	0.001
vP188	kvP188	0.0001
vP189	kvP189	0.001
vP190	kvP190	0.0001
vDP1	kvDP1	0
vDP2	kvDP2	0
vDP3	kvDP3	0
vDP4	kvDP4	0
vPA1	kvPA1	0.001
vPA2	kvPA2	0.1
vPA3	kvPA3	1
vPA4	kvPA4	0.005
vPA5	kvPA5	0.001
vPA6	kvPA6	0.1
vPA7	kvPA7	1
vPA8	kvPA8	0.001
vPA9	kvPA9	0.1
vPA10	kvPA10	1
vPA11	kvPA11	0.001
vAd1	kvAd1	2.69E-06
vAd2	kvAd2	0.002688368
vAd3	kvAd3	0.000192541
vAd4	kvAd4	2.69E-06
vAd5	kvAd5	0.000233979
vAd6	kvAd6	2.86E-05
vAd7	kvAd7	2.34E-06
vAd8	kvAd8	0.000232799
vAd9	kvAd9	2.33E-06
vAd10	kvAd10	5.32E-05
vAd11	kvAd11	2.34E-06
vAd12	kvAd12	2.86E-05
vAd13	kvAd13	2.50E-06
vAd14	kvAd14	2.50E-06
vAd15	kvAd15	2.83E-06
vAd16	kvAd16	0.000283273
vAd17	kvAd17	0.000121963
vAd18	kvAd18	2.83E-06
vAd19	kvAd19	0.000247132
vAd20	kvAd20	2.47E-06
vAd21	kvAd21	0.000121963
vAd22	kvAd22	0.000121963
vAd23	kvAd23	2.47E-06
vAd24	kvAd24	0.000121963
vAd25	kvAd25	2.47E-06
vAd26	kvAd26	0.000121963
vAd27	kvAd27	1.32E-06
vAd28	kvAd28	2.10E-06
vAd29	kvAd29	1.32E-06
vAd30	kvAd30	6.06E-06
vAd31	kvAd31	6.06E-06
vAd32	kvAd32	6.06E-06
vAd33	kvAd33	6.06E-06
vAd34	kvAd34	2.10E-06
vAd35	kvAd35	2.86E-05
vAd36	kvAd36	2.86E-05
vAd37	kvAd37	2.33E-06
vAd38	kvAd38	0.000121963
vAd39	kvAd39	0.000121963
vAd40	kvAd40	0.000128361
vAd41	kvAd41	6.42E-05
vAd42	kvAd42	0.000121963
vAd43	kvAd43	6.42E-05
vAd44	kvAd44	0.000641803
vAd45	kvAd45	9.25E-06
vAd46	kvAd46	9.25E-05
vAd47	kvAd47	9.25E-06
vRd1	kvRd1	1.51E-05
vRd2	kvRd2	1.04E-05
vRd3	kvRd3	0
vRd4	kvRd4	1.51E-05
vRd5	kvRd5	1.51E-05
vRd6	kvRd6	1.51E-05
vRd7	kvRd7	1.51E-05
vRd8	kvRd8	1.04E-05
vRd9	kvRd9	1.23E-05
vRd10	kvRd10	1.04E-05
vRd11	kvRd11	1.23E-05
vRd12	kvRd12	0
vRd13	kvRd13	6.55E-06
vRd14	kvRd14	6.55E-06
vRd15	kvRd15	6.55E-06
vRd16	kvRd16	2.87E-05
vRd17	kvRd17	1.51E-05
vRd18	kvRd18	1.23E-05
vRd19	kvRd19	0
vRd20	kvRd20	6.55E-06
vRd21	kvRd21	6.42E-05
vRd22	kvRd22	6.55E-06
vRd23	kvRd23	1.51E-05
vRd24	kvRd24	1.51E-05
vRd25	kvRd25	1.51E-05
vRd26	kvRd26	1.51E-05
vRd27	kvRd27	1.51E-05
vRd28	kvRd28	1.23E-05
vRd29	kvRd29	1.51E-05
vRd30	kvRd30	1.23E-05
vRd31	kvRd31	1.23E-05
vRd32	kvRd32	1.23E-05
vRd33	kvRd33	1.04E-05
vRd34	kvRd34	0
vRd35	kvRd35	1.51E-05
vRd36	kvRd36	1.23E-05
vRd37	kvRd37	0
vRd38	kvRd38	6.55E-06
vRd39	kvRd39	6.42E-05
vRd40	kvRd40	6.55E-06
vRd41	kvRd41	6.55E-06
vRd42	kvRd42	2.87E-05
vRd43	kvRd43	1.51E-05
vRd44	kvRd44	1.51E-05
vRd45	kvRd45	1.51E-05
vRd46	kvRd46	1.23E-05
vRd47	kvRd47	1.23E-05
vRd48	kvRd48	0
vRd49	kvRd49	6.55E-06
vRd50	kvRd50	6.42E-05
vRd51	kvRd51	6.55E-06
vRd52	kvRd52	6.55E-06
vRd53	kvRd53	2.87E-05
vRd54	kvRd54	1.51E-05
vRd55	kvRd55	1.04E-05
vRd56	kvRd56	3.43E-06
vRPd1_1	kvRPd1_1	1.51E-05
vRPd1_2	kvRPd1_2	1.51E-05
vRPd1_3	kvRPd1_3	1.51E-05
vRPd1_4	kvRPd1_4	1.51E-05
vRPd1_5	kvRPd1_5	1.51E-05
vRPd1_6	kvRPd1_6	1.51E-05
vRPd1_7	kvRPd1_7	1.51E-05
vRPd1_8	kvRPd1_8	1.51E-05
vRPd1_9	kvRPd1_9	1.23E-05
vRPd1_10	kvRPd1_10	1.23E-05
vRPd1_11	kvRPd1_11	1.51E-05
vRPd1_12	kvRPd1_12	1.23E-05
vRPd1_13	kvRPd1_13	1.23E-05
vRPd1_14	kvRPd1_14	1.04E-05
vRPd1_15	kvRPd1_15	0
vRPd1_16	kvRPd1_16	1.51E-05
vRPd1_17	kvRPd1_17	1.23E-05
vRPd1_18	kvRPd1_18	0
vRPd1_19	kvRPd1_19	0
vRPd1_20	kvRPd1_20	6.55E-06
vRPd1_21	kvRPd1_21	6.55E-06
vRPd1_22	kvRPd1_22	6.42E-05
vRPd1_23	kvRPd1_23	6.42E-05
vRPd1_24	kvRPd1_24	6.55E-06
vRPd1_25	kvRPd1_25	6.55E-06
vRPd1_26	kvRPd1_26	6.55E-06
vRPd1_27	kvRPd1_27	2.87E-05
vRPd1_28	kvRPd1_28	6.55E-06
vRPd1_29	kvRPd1_29	2.87E-05
vRPd1_30	kvRPd1_30	5.82E-05
vRPd1_31	kvRPd1_31	5.82E-05
vRPd1_32	kvRPd1_32	5.82E-05
vRPd1_33	kvRPd1_33	5.82E-05
vRPd2_1	kvRPd2_1	9.63E-05
vRPd2_2	kvRPd2_2	9.63E-05
vRPd2_3	kvRPd2_3	9.63E-05
vRPd2_4	kvRPd2_4	9.63E-05
vRPd2_5	kvRPd2_5	9.63E-05
vRPd2_6	kvRPd2_6	9.63E-05
vRPd2_7	kvRPd2_7	9.63E-05
vRPd2_8	kvRPd2_8	9.63E-05
vRPd2_9	kvRPd2_9	9.63E-05
vRPd2_10	kvRPd2_10	9.63E-05
vRPd2_11	kvRPd2_11	9.63E-05
vRPd2_12	kvRPd2_12	9.63E-05
vRPd2_13	kvRPd2_13	9.63E-05
vRPd2_14	kvRPd2_14	9.63E-05
vRPd2_15	kvRPd2_15	9.63E-05
vRPd2_16	kvRPd2_16	9.63E-05
vRPd2_17	kvRPd2_17	9.63E-05
vRPd2_18	kvRPd2_18	9.63E-05
vRPd2_19	kvRPd2_19	9.63E-05
vRPd2_20	kvRPd2_20	9.63E-05
vRPd2_21	kvRPd2_21	9.63E-05
vRPd2_22	kvRPd2_22	9.63E-05
vRPd2_23	kvRPd2_23	9.63E-05
vRPd2_24	kvRPd2_24	9.63E-05
vRPd2_25	kvRPd2_25	9.63E-05
vRPd2_26	kvRPd2_26	9.63E-05
vRPd2_27	kvRPd2_27	9.63E-05
vRPd2_28	kvRPd2_28	9.63E-05
vRPd2_29	kvRPd2_29	9.63E-05
vRPd3_1	kvRPd3_1	0.00021301
vRPd3_2	kvRPd3_2	0.00021301
vRPd3_3	kvRPd3_3	0.00083711
vRPd3_4	kvRPd3_4	0.00083711
vRPd3_5	kvRPd3_5	0.00021301
vRPd3_6	kvRPd3_6	0.00021301
vRPd3_7	kvRPd3_7	0.00021301
vRPd3_8	kvRPd3_8	0.00021301
vRPd3_9	kvRPd3_9	8.71E-05
vRPd3_10	kvRPd3_10	8.71E-05
vRPd3_11	kvRPd3_11	0.00021301
vRPd3_12	kvRPd3_12	8.71E-05
vRPd3_13	kvRPd3_13	8.71E-05
vRPd3_14	kvRPd3_14	8.71E-05
vRPd3_15	kvRPd3_15	8.71E-05
vRPd3_16	kvRPd3_16	0.00021301
vRPd3_17	kvRPd3_17	8.71E-05
vRPd3_18	kvRPd3_18	8.71E-05
vRPd3_19	kvRPd3_19	8.71E-05
vRPd3_20	kvRPd3_20	8.71E-05
vRPd3_21	kvRPd3_21	8.71E-05
vRPd3_22	kvRPd3_22	8.71E-05
vRPd3_23	kvRPd3_23	8.71E-05
vRPd3_24	kvRPd3_24	8.71E-05
vRPd3_25	kvRPd3_25	8.71E-05
vRPd3_26	kvRPd3_26	8.71E-05
vRPd3_27	kvRPd3_27	8.71E-05
vRPd3_28	kvRPd3_28	8.71E-05
vRPd3_29	kvRPd3_29	8.71E-05
vRPd4_1	kvRPd4_1	0.00021301
vRPd4_2	kvRPd4_2	0.00021301
vRPd4_3	kvRPd4_3	0.00083711
vRPd4_4	kvRPd4_4	0.00083711
vRPd4_5	kvRPd4_5	0.00021301
vRPd4_6	kvRPd4_6	0.00021301
vRPd4_7	kvRPd4_7	0.00021301
vRPd4_8	kvRPd4_8	0.00021301
vRPd4_9	kvRPd4_9	8.71E-05
vRPd4_10	kvRPd4_10	8.71E-05
vRPd4_11	kvRPd4_11	0.00021301
vRPd4_12	kvRPd4_12	8.71E-05
vRPd4_13	kvRPd4_13	8.71E-05
vRPd4_14	kvRPd4_14	8.71E-05
vRPd4_15	kvRPd4_15	8.71E-05
vRPd4_16	kvRPd4_16	0.00021301
vRPd4_17	kvRPd4_17	8.71E-05
vRPd4_18	kvRPd4_18	8.71E-05
vRPd4_19	kvRPd4_19	8.71E-05
vRPd4_20	kvRPd4_20	8.71E-05
vRPd4_21	kvRPd4_21	8.71E-05
vRPd4_22	kvRPd4_22	8.71E-05
vRPd4_23	kvRPd4_23	8.71E-05
vRPd4_24	kvRPd4_24	8.71E-05
vRPd4_25	kvRPd4_25	8.71E-05
vRPd4_26	kvRPd4_26	8.71E-05
vRPd4_27	kvRPd4_27	8.71E-05
vRPd4_28	kvRPd4_28	8.71E-05
vRPd4_29	kvRPd4_29	8.71E-05
vRPd4_30	kvRPd4_30	8.71E-05
vRPd4_31	kvRPd4_31	8.71E-05
vRPd4_32	kvRPd4_32	8.71E-05
vRPd4_33	kvRPd4_33	8.71E-05
vRPd5_1	kvRPd5_1	1.51E-05
vRPd5_2	kvRPd5_2	1.51E-05
vRPd5_3	kvRPd5_3	1.51E-05
vRPd5_4	kvRPd5_4	1.51E-05
vRPd5_5	kvRPd5_5	1.51E-05
vRPd5_6	kvRPd5_6	1.51E-05
vRPd5_7	kvRPd5_7	1.51E-05
vRPd5_8	kvRPd5_8	1.51E-05
vRPd5_9	kvRPd5_9	1.23E-05
vRPd5_10	kvRPd5_10	1.23E-05
vRPd5_11	kvRPd5_11	1.51E-05
vRPd5_12	kvRPd5_12	1.23E-05
vRPd5_13	kvRPd5_13	1.23E-05
vRPd5_14	kvRPd5_14	1.12E-05
vRPd5_15	kvRPd5_15	1.12E-05
vRPd5_16	kvRPd5_16	1.51E-05
vRPd5_17	kvRPd5_17	1.23E-05
vRPd5_18	kvRPd5_18	1.12E-05
vRPd5_19	kvRPd5_19	1.12E-05
vRPd5_20	kvRPd5_20	1.12E-05
vRPd5_21	kvRPd5_21	1.12E-05
vRPd5_22	kvRPd5_22	6.42E-05
vRPd5_23	kvRPd5_23	6.42E-05
vRPd5_24	kvRPd5_24	1.12E-05
vRPd5_25	kvRPd5_25	1.12E-05
vRPd5_26	kvRPd5_26	5.82E-05
vRPd5_27	kvRPd5_27	5.82E-05
vRPd5_28	kvRPd5_28	5.82E-05
vRPd5_29	kvRPd5_29	5.82E-05
vRPd6_1	kvRPd6_1	0.00021301
vRPd6_2	kvRPd6_2	0.00021301
vRPd6_3	kvRPd6_3	0.00083711
vRPd6_4	kvRPd6_4	0.00083711
vRPd6_5	kvRPd6_5	0.00021301
vRPd6_6	kvRPd6_6	0.00021301
vRPd6_7	kvRPd6_7	0.00021301
vRPd6_8	kvRPd6_8	0.00021301
vRPd6_9	kvRPd6_9	8.71E-05
vRPd6_10	kvRPd6_10	8.71E-05
vRPd6_11	kvRPd6_11	0.00021301
vRPd6_12	kvRPd6_12	8.71E-05
vRPd6_13	kvRPd6_13	8.71E-05
vRPd6_14	kvRPd6_14	8.71E-05
vRPd6_15	kvRPd6_15	8.71E-05
vRPd6_16	kvRPd6_16	0.00021301
vRPd6_17	kvRPd6_17	8.71E-05
vRPd6_18	kvRPd6_18	8.71E-05
vRPd6_19	kvRPd6_19	8.71E-05
vRPd6_20	kvRPd6_20	8.71E-05
vRPd6_21	kvRPd6_21	8.71E-05
vRPd6_22	kvRPd6_22	8.71E-05
vRPd6_23	kvRPd6_23	8.71E-05
vRPd6_24	kvRPd6_24	8.71E-05
vRPd6_25	kvRPd6_25	8.71E-05
vRPd6_26	kvRPd6_26	8.71E-05
vRPd6_27	kvRPd6_27	8.71E-05
vRPd6_28	kvRPd6_28	8.71E-05
vRPd6_29	kvRPd6_29	8.71E-05
vRPd7_1	kvRPd7_1	1.51E-05
vRPd7_2	kvRPd7_2	1.51E-05
vRPd7_3	kvRPd7_3	1.51E-05
vRPd7_4	kvRPd7_4	1.51E-05
vRPd7_5	kvRPd7_5	1.51E-05
vRPd7_6	kvRPd7_6	1.51E-05
vRPd7_7	kvRPd7_7	1.51E-05
vRPd7_8	kvRPd7_8	1.51E-05
vRPd7_9	kvRPd7_9	1.23E-05
vRPd7_10	kvRPd7_10	1.23E-05
vRPd7_11	kvRPd7_11	1.51E-05
vRPd7_12	kvRPd7_12	1.23E-05
vRPd7_13	kvRPd7_13	1.23E-05
vRPd7_14	kvRPd7_14	1.04E-05
vRPd7_15	kvRPd7_15	6.22E-06
vRPd7_16	kvRPd7_16	1.51E-05
vRPd7_17	kvRPd7_17	1.23E-05
vRPd7_18	kvRPd7_18	6.22E-06
vRPd7_19	kvRPd7_19	6.22E-06
vRPd7_20	kvRPd7_20	6.55E-06
vRPd7_21	kvRPd7_21	6.55E-06
vRPd7_22	kvRPd7_22	6.42E-05
vRPd7_23	kvRPd7_23	6.42E-05
vRPd7_24	kvRPd7_24	6.55E-06
vRPd7_25	kvRPd7_25	6.55E-06
vRPd7_26	kvRPd7_26	5.82E-05
vRPd7_27	kvRPd7_27	5.82E-05
vRPd7_28	kvRPd7_28	5.82E-05
vRPd7_29	kvRPd7_29	5.82E-05
vRPd8_1	kvRPd8_1	1.51E-05
vRPd8_2	kvRPd8_2	1.51E-05
vRPd8_3	kvRPd8_3	1.51E-05
vRPd8_4	kvRPd8_4	1.51E-05
vRPd8_5	kvRPd8_5	1.51E-05
vRPd8_6	kvRPd8_6	1.51E-05
vRPd8_7	kvRPd8_7	1.51E-05
vRPd8_8	kvRPd8_8	1.51E-05
vRPd8_9	kvRPd8_9	1.23E-05
vRPd8_10	kvRPd8_10	1.23E-05
vRPd8_11	kvRPd8_11	1.51E-05
vRPd8_12	kvRPd8_12	1.23E-05
vRPd8_13	kvRPd8_13	1.23E-05
vRPd8_14	kvRPd8_14	1.04E-05
vRPd8_15	kvRPd8_15	4.81E-06
vRPd8_16	kvRPd8_16	1.51E-05
vRPd8_17	kvRPd8_17	1.23E-05
vRPd8_18	kvRPd8_18	4.81E-06
vRPd8_19	kvRPd8_19	4.81E-06
vRPd8_20	kvRPd8_20	6.55E-06
vRPd8_21	kvRPd8_21	6.55E-06
vRPd8_22	kvRPd8_22	6.42E-05
vRPd8_23	kvRPd8_23	6.42E-05
vRPd8_24	kvRPd8_24	6.55E-06
vRPd8_25	kvRPd8_25	6.55E-06
vRPd8_26	kvRPd8_26	5.82E-05
vRPd8_27	kvRPd8_27	5.82E-05
vRPd8_28	kvRPd8_28	5.82E-05
vRPd8_29	kvRPd8_29	5.82E-05
vRPd10_1	kvRPd10_1	1.51E-05
vRPd10_2	kvRPd10_2	1.51E-05
vRPd10_3	kvRPd10_3	1.51E-05
vRPd10_4	kvRPd10_4	1.51E-05
vRPd10_5	kvRPd10_5	1.51E-05
vRPd10_6	kvRPd10_6	1.51E-05
vRPd10_7	kvRPd10_7	1.51E-05
vRPd10_8	kvRPd10_8	1.51E-05
vRPd10_9	kvRPd10_9	1.23E-05
vRPd10_10	kvRPd10_10	1.23E-05
vRPd10_11	kvRPd10_11	1.51E-05
vRPd10_12	kvRPd10_12	1.23E-05
vRPd10_13	kvRPd10_13	1.23E-05
vRPd10_14	kvRPd10_14	1.04E-05
vRPd10_15	kvRPd10_15	8.99E-06
vRPd10_16	kvRPd10_16	1.51E-05
vRPd10_17	kvRPd10_17	1.23E-05
vRPd10_18	kvRPd10_18	8.99E-06
vRPd10_19	kvRPd10_19	8.99E-06
vRPd10_20	kvRPd10_20	8.99E-06
vRPd10_21	kvRPd10_21	8.99E-06
vRPd10_22	kvRPd10_22	6.42E-05
vRPd10_23	kvRPd10_23	6.42E-05
vRPd10_24	kvRPd10_24	8.99E-06
vRPd10_25	kvRPd10_25	8.99E-06
vRPd10_26	kvRPd10_26	5.82E-05
vRPd10_27	kvRPd10_27	5.82E-05
vRPd10_28	kvRPd10_28	5.82E-05
vRPd10_29	kvRPd10_29	5.82E-05
vRPd11_1	kvRPd11_1	0.00021301
vRPd11_2	kvRPd11_2	0.00021301
vRPd11_3	kvRPd11_3	0.00083711
vRPd11_4	kvRPd11_4	0.00083711
vRPd11_5	kvRPd11_5	0.00021301
vRPd11_6	kvRPd11_6	0.00021301
vRPd11_7	kvRPd11_7	0.00021301
vRPd11_8	kvRPd11_8	0.00021301
vRPd11_9	kvRPd11_9	8.71E-05
vRPd11_10	kvRPd11_10	8.71E-05
vRPd11_11	kvRPd11_11	0.00021301
vRPd11_12	kvRPd11_12	8.71E-05
vRPd11_13	kvRPd11_13	8.71E-05
vRPd11_14	kvRPd11_14	8.71E-05
vRPd11_15	kvRPd11_15	8.71E-05
vRPd11_16	kvRPd11_16	0.00021301
vRPd11_17	kvRPd11_17	8.71E-05
vRPd11_18	kvRPd11_18	8.71E-05
vRPd11_19	kvRPd11_19	8.71E-05
vRPd11_20	kvRPd11_20	8.71E-05
vRPd11_21	kvRPd11_21	8.71E-05
vRPd11_22	kvRPd11_22	8.71E-05
vRPd11_23	kvRPd11_23	8.71E-05
vRPd11_24	kvRPd11_24	8.71E-05
vRPd11_25	kvRPd11_25	8.71E-05
vRPd11_26	kvRPd11_26	8.71E-05
vRPd11_27	kvRPd11_27	8.71E-05
vRPd11_28	kvRPd11_28	8.71E-05
vRPd11_29	kvRPd11_29	8.71E-05
vRPd12_1	kvRPd12_1	1.51E-05
vRPd12_2	kvRPd12_2	1.51E-05
vRPd12_3	kvRPd12_3	1.51E-05
vRPd12_4	kvRPd12_4	1.51E-05
vRPd12_5	kvRPd12_5	1.51E-05
vRPd12_6	kvRPd12_6	1.51E-05
vRPd12_7	kvRPd12_7	1.51E-05
vRPd12_8	kvRPd12_8	1.51E-05
vRPd12_9	kvRPd12_9	1.23E-05
vRPd12_10	kvRPd12_10	1.23E-05
vRPd12_11	kvRPd12_11	1.51E-05
vRPd12_12	kvRPd12_12	1.23E-05
vRPd12_13	kvRPd12_13	1.23E-05
vRPd12_14	kvRPd12_14	1.12E-05
vRPd12_15	kvRPd12_15	1.12E-05
vRPd12_16	kvRPd12_16	1.51E-05
vRPd12_17	kvRPd12_17	1.23E-05
vRPd12_18	kvRPd12_18	1.12E-05
vRPd12_19	kvRPd12_19	1.12E-05
vRPd12_20	kvRPd12_20	1.12E-05
vRPd12_21	kvRPd12_21	1.12E-05
vRPd12_22	kvRPd12_22	6.42E-05
vRPd12_23	kvRPd12_23	6.42E-05
vRPd12_24	kvRPd12_24	1.12E-05
vRPd12_25	kvRPd12_25	1.12E-05
vRPd12_26	kvRPd12_26	5.82E-05
vRPd12_27	kvRPd12_27	5.82E-05
vRPd12_28	kvRPd12_28	5.82E-05
vRPd12_29	kvRPd12_29	5.82E-05
vRPd13_1	kvRPd13_1	1.51E-05
vRPd13_2	kvRPd13_2	1.51E-05
vRPd13_3	kvRPd13_3	1.51E-05
vRPd13_4	kvRPd13_4	1.51E-05
vRPd13_5	kvRPd13_5	1.51E-05
vRPd13_6	kvRPd13_6	1.51E-05
vRPd13_7	kvRPd13_7	1.51E-05
vRPd13_8	kvRPd13_8	1.51E-05
vRPd13_9	kvRPd13_9	1.23E-05
vRPd13_10	kvRPd13_10	1.23E-05
vRPd13_11	kvRPd13_11	1.51E-05
vRPd13_12	kvRPd13_12	1.23E-05
vRPd13_13	kvRPd13_13	1.23E-05
vRPd13_14	kvRPd13_14	1.04E-05
vRPd13_15	kvRPd13_15	6.22E-06
vRPd13_16	kvRPd13_16	1.51E-05
vRPd13_17	kvRPd13_17	1.23E-05
vRPd13_18	kvRPd13_18	6.22E-06
vRPd13_19	kvRPd13_19	6.22E-06
vRPd13_20	kvRPd13_20	6.55E-06
vRPd13_21	kvRPd13_21	6.55E-06
vRPd13_22	kvRPd13_22	6.42E-05
vRPd13_23	kvRPd13_23	6.42E-05
vRPd13_24	kvRPd13_24	6.55E-06
vRPd13_25	kvRPd13_25	6.55E-06
vRPd13_26	kvRPd13_26	5.82E-05
vRPd13_27	kvRPd13_27	5.82E-05
vRPd13_28	kvRPd13_28	5.82E-05
vRPd13_29	kvRPd13_29	5.82E-05
vRPd14_1	kvRPd14_1	1.51E-05
vRPd14_2	kvRPd14_2	1.51E-05
vRPd14_3	kvRPd14_3	1.51E-05
vRPd14_4	kvRPd14_4	1.51E-05
vRPd14_5	kvRPd14_5	1.51E-05
vRPd14_6	kvRPd14_6	1.51E-05
vRPd14_7	kvRPd14_7	1.51E-05
vRPd14_8	kvRPd14_8	1.51E-05
vRPd14_9	kvRPd14_9	1.23E-05
vRPd14_10	kvRPd14_10	1.23E-05
vRPd14_11	kvRPd14_11	1.51E-05
vRPd14_12	kvRPd14_12	1.23E-05
vRPd14_13	kvRPd14_13	1.23E-05
vRPd14_14	kvRPd14_14	1.04E-05
vRPd14_15	kvRPd14_15	4.81E-06
vRPd14_16	kvRPd14_16	1.51E-05
vRPd14_17	kvRPd14_17	1.23E-05
vRPd14_18	kvRPd14_18	4.81E-06
vRPd14_19	kvRPd14_19	4.81E-06
vRPd14_20	kvRPd14_20	6.55E-06
vRPd14_21	kvRPd14_21	6.55E-06
vRPd14_22	kvRPd14_22	6.42E-05
vRPd14_23	kvRPd14_23	6.42E-05
vRPd14_24	kvRPd14_24	6.55E-06
vRPd14_25	kvRPd14_25	6.55E-06
vRPd14_26	kvRPd14_26	5.82E-05
vRPd14_27	kvRPd14_27	5.82E-05
vRPd14_28	kvRPd14_28	5.82E-05
vRPd14_29	kvRPd14_29	5.82E-05
vRPd16_1	kvRPd16_1	1.51E-05
vRPd16_2	kvRPd16_2	1.51E-05
vRPd16_3	kvRPd16_3	1.51E-05
vRPd16_4	kvRPd16_4	1.51E-05
vRPd16_5	kvRPd16_5	1.51E-05
vRPd16_6	kvRPd16_6	1.51E-05
vRPd16_7	kvRPd16_7	1.51E-05
vRPd16_8	kvRPd16_8	1.51E-05
vRPd16_9	kvRPd16_9	1.23E-05
vRPd16_10	kvRPd16_10	1.23E-05
vRPd16_11	kvRPd16_11	1.51E-05
vRPd16_12	kvRPd16_12	1.23E-05
vRPd16_13	kvRPd16_13	1.23E-05
vRPd16_14	kvRPd16_14	1.04E-05
vRPd16_15	kvRPd16_15	8.99E-06
vRPd16_16	kvRPd16_16	1.51E-05
vRPd16_17	kvRPd16_17	1.23E-05
vRPd16_18	kvRPd16_18	8.99E-06
vRPd16_19	kvRPd16_19	8.99E-06
vRPd16_20	kvRPd16_20	8.99E-06
vRPd16_21	kvRPd16_21	8.99E-06
vRPd16_22	kvRPd16_22	6.42E-05
vRPd16_23	kvRPd16_23	6.42E-05
vRPd16_24	kvRPd16_24	8.99E-06
vRPd16_25	kvRPd16_25	8.99E-06
vRPd16_26	kvRPd16_26	5.82E-05
vRPd16_27	kvRPd16_27	5.82E-05
vRPd16_28	kvRPd16_28	5.82E-05
vRPd16_29	kvRPd16_29	5.82E-05
vPd1	kvPd1	1.12E-05
vPd2	kvPd2	1.12E-05
vPd3	kvPd3	4.81E-06
vPd4	kvPd4	4.81E-06
vPd5	kvPd5	2.55E-05
vPd6	kvPd6	2.55E-05
vPd7	kvPd7	1.00E-05
vPd8	kvPd8	1.00E-05
vPd9	kvPd9	0.0108
vPd10	kvPd10	6.78E-06
vPd11	kvPd11	6.86E-06
vPd12	kvPd12	2.49E-06
vPd13	kvPd13	9.62E-06
vPd14	kvPd14	9.62E-06
vPd15	kvPd15	9.62E-06
vPd16	kvPd16	2.22E-06
vPd17	kvPd17	2.22E-06
vPd18	kvPd18	3.43E-06
vPd19	kvPd19	3.43E-06
vPd20	kvPd20	3.23E-06
vPd21	kvPd21	3.23E-06
vPd22	kvPd22	4.81E-05
vPd23	kvPd23	4.81E-05
vPd24	kvPd24	4.81E-05
vPd25	kvPd25	1.34E-05
vPd26	kvPd26	1.34E-05
vPd27	kvPd27	0.081
vPd28	kvPd28	4.83E-05
vPd29	kvPd29	4.83E-05
vPd30	kvPd30	5.75E-06
vPd31	kvPd31	5.75E-06
vPd32	kvPd32	5.75E-06
vPd33	kvPd33	7.01E-06
vPd34	kvPd34	5.75E-06
vPd35	kvPd35	7.24E-06
vPd36	kvPd36	5.75E-06
vPd37	kvPd37	5.85E-06
vPd38	kvPd38	5.35E-06
vPd39	kvPd39	5.35E-06
vPd40	kvPd40	3.18E-06
vPd41	kvPd41	5.93E-07
vPd42	kvPd42	9.62E-06
vPd43	kvPd43	3.43E-06
vPd44	kvPd44	3.43E-06
vPd45	kvPd45	4.15E-05
vPd46	kvPd46	8.40E-06
vPd47	kvPd47	6.41E-06
vPd48	kvPd48	3.03E-05
vPd49	kvPd49	1.12E-05
vPd50	kvPd50	9.62E-06
vPd51	kvPd51	6.86E-06
vPd52	kvPd52	6.86E-06
vPd53	kvPd53	3.43E-06
vPd54	kvPd54	9.62E-06
vPd55	kvPd55	9.62E-06
vPd56	kvPd56	3.43E-06
vPd57	kvPd57	3.43E-06
vPd58	kvPd58	3.43E-06
vPd59	kvPd59	0.000256721
vPd60	kvPd60	0.000256721
vPd61	kvPd61	0.000256721
vPd62	kvPd62	0.000256721
vPd63	kvPd63	3.18E-06
vPd64	kvPd64	1.45E-06
vPd65	kvPd65	7.01E-06
vPd66	kvPd66	7.24E-06
vPd67	kvPd67	5.85E-06
vPd69	kvPd69	5.75E-06
vPd70	kvPd70	5.35E-06
vPd71	kvPd71	8.40E-06
vPd72	kvPd72	3.03E-05
vPd73	kvPd73	2.55E-05
vPd74	kvPd74	5.75E-06
vPd75	kvPd75	2.55E-05
vPd76	kvPd76	0.000256721
vPd77	kvPd77	0.000256721
vPd78	kvPd78	0.000256721
vPd79	kvPd79	9.62E-06
vPd80	kvPd80	9.62E-06
vPd81	kvPd81	9.62E-06
vPd82	kvPd82	9.62E-06
vPd83	kvPd83	3.03E-05
vPd84	kvPd84	9.62E-06
vPd85	kvPd85	9.62E-06
vPd86	kvPd86	9.62E-06
vPd87	kvPd87	4.15E-06
vPd88	kvPd88	2.22E-06
vPd89	kvPd89	5.75E-06
vLap1	kLap1_1	lin	1.00E-02	1.00E-02	1.00E-02	0
vLap1	kLap1_2	lin	5.25E-12	5.25E-12	5.25E-12	0
vLap1	kLap1_3	lin	8.00E-08	8.00E-08	8.00E-08	0
vLap2	kvLap2	1.00E-02
vLap3	kvLap3	1.00E-03
vLap4	kvLap4	2.40E-03
vLap5	kvLap5	1.51E-05
vLap6	kvLap6	1.00E-03
vLap7	kvLap7	7.00E-03
vLap8	kvLap8	1.04E-05
vLap9	kvLap9	1.00E-02
vLap10	kvLap10	5.40E-01
vLap11	kvLap11	0
vAlp1	kAlp1_1	lin	1.00E-02	1.00E-02	1.00E-02	0
vAlp1	kAlp1_2	lin	5.25E-12	5.25E-12	5.25E-12	0
vAlp1	kAlp1_3	lin	8.00E-08	8.00E-08	8.00E-08	0
vAlp2	kvAlp2	1.00E-02
vAlp3	kvAlp3	1.00E-03
vAlp4	kvAlp4	2.40E-03
vAlp5	kvAlp5	4.81E-06
vAlp6	kvAlp6	1.00E-03
vAlp7	kvAlp7	2.40E-03
vAlp8	kvAlp8	4.81E-06
vNer1	kNer1_1	lin	1.00E-02	1.00E-02	1.00E-02	0
vNer1	kNer1_2	lin	5.25E-12	5.25E-12	5.25E-12	0
vNer1	kNer1_3	lin	8.00E-08	8.00E-08	8.00E-08	0
vNer2	kvNer2	1.00E-02
vNer3	kvNer3	1.00E-04
vNer4	kvNer4	0.00E+00
vNer5	kvNer5	1.51E-05
vNer6	kvNer6	1.00E-04
vNer7	kvNer7	0.00E+00
vNer8	kvNer8	1.04E-05
vNer9	kvNer9	1.00E-04
vNer10	kvNer10	0.00E+00
vNer11	kvNer11	0.00E+00
vPal1	kPal1_1	lin	1.00E-02	1.00E-02	1.00E-02	0
vPal1	kPal1_2	lin	5.25E-12	5.25E-12	5.25E-12	0
vPal1	kPal1_3	lin	8.00E-08	8.00E-08	8.00E-08	0
vPal2	kvPal2	1.00E-02
vPal3	kPal3_1	lin	1.00E-02	1.00E-02	1.00E-02	0
vPal3	kPal3_2	lin	1.75E-12	1.75E-12	1.75E-12	0
vPal3	kPal3_3	lin	5.25E-12	5.25E-12	5.25E-12	0
vPal4	kvPal4	1.00E-02
vPal5	kvPal5	1.00E-03
vPal6	kvPal6	1.90E-03
vPal7	kvPal7	2.36E-03
vTra1	kTra1_1	lin	1.00E-02	1.00E-02	1.00E-02	0
vTra1	kTra1_2	lin	5.25E-12	5.25E-12	5.25E-12	0
vTra1	kTra1_3	lin	8.00E-08	8.00E-08	8.00E-08	0
vTra2	kvTra2	1.00E-02
vTra3	kvTra3	1.00E-01
vTra4	kvTra4	3.50E-02
vTra5	kvTra5	2.22E-06
