reactionId	compartment	equation	formula
vR1	Cytoplasm	exc_prot__EGF_1_ + cyt_prot__EGFR_1_ => cyt_prot__EGF_1__EGFR_1_	kR1_1*exc_prot__EGF_1_*cyt_prot__EGFR_1_
vR2	Cytoplasm	cyt_prot__EGF_1__EGFR_1_ => exc_prot__EGF_1_ + cyt_prot__EGFR_1_	kR2_1*cyt_prot__EGF_1__EGFR_1_
vR3	Cytoplasm	cyt_prot__ERBB2_1_ + cyt_prot__EGF_1__EGFR_1_ => cyt_prot__EGF_1__EGFR_1__ERBB2_1_	kR3_1*cyt_prot__ERBB2_1_*cyt_prot__EGF_1__EGFR_1_
vR4	Cytoplasm	cyt_prot__EGF_1__EGFR_1__ERBB2_1_ => cyt_prot__ERBB2_1_ + cyt_prot__EGF_1__EGFR_1_	kR4_1*cyt_prot__EGF_1__EGFR_1__ERBB2_1_
vR5	Cytoplasm	cyt_prot__EGFR_1_ + cyt_prot__EGF_1__EGFR_1_ => cyt_prot__EGF_1__EGFR_1__EGFR_1_	kR5_1*cyt_prot__EGFR_1_*cyt_prot__EGF_1__EGFR_1_
vR6	Cytoplasm	cyt_prot__EGF_1__EGFR_1__EGFR_1_ => cyt_prot__EGFR_1_ + cyt_prot__EGF_1__EGFR_1_	kR6_1*cyt_prot__EGF_1__EGFR_1__EGFR_1_
vR7	Cytoplasm	exc_prot__EGF_1_ + cyt_prot__EGF_1__EGFR_1__EGFR_1_ => cyt_prot__EGF_1__EGFR_1__EGF_1__EGFR_1_	kR7_1*exc_prot__EGF_1_*cyt_prot__EGF_1__EGFR_1__EGFR_1_
vR8	Cytoplasm	cyt_prot__EGF_1__EGFR_1__EGF_1__EGFR_1_ => exc_prot__EGF_1_ + cyt_prot__EGF_1__EGFR_1__EGFR_1_	kR8_1*cyt_prot__EGF_1__EGFR_1__EGF_1__EGFR_1_
vR9	Cytoplasm	cyt_prot__EGF_1__EGFR_1__EGF_1__EGFR_1_ => cyt_prot__EGF_1__EGFR_1_ + cyt_prot__EGF_1__EGFR_1_	kR9_1*cyt_prot__EGF_1__EGFR_1__EGF_1__EGFR_1_
vR10	Cytoplasm	cyt_prot__EGF_1__EGFR_1_ + cyt_prot__EGF_1__EGFR_1_ => cyt_prot__EGF_1__EGFR_1__EGF_1__EGFR_1_	kR10_1*cyt_prot__EGF_1__EGFR_1_*cyt_prot__EGF_1__EGFR_1_
vR11	Cytoplasm	cyt_prot__ERBB3_1_ + cyt_prot__EGF_1__EGFR_1_ => cyt_prot__EGF_1__EGFR_1__ERBB3_1_	kR11_1*cyt_prot__ERBB3_1_*cyt_prot__EGF_1__EGFR_1_
vR12	Cytoplasm	cyt_prot__EGF_1__EGFR_1__ERBB3_1_ => cyt_prot__ERBB3_1_ + cyt_prot__EGF_1__EGFR_1_	kR12_1*cyt_prot__EGF_1__EGFR_1__ERBB3_1_
vR13	Cytoplasm	exc_prot__NRG1_1_ + cyt_prot__EGF_1__EGFR_1__ERBB3_1_ => cyt_prot__EGF_1__EGFR_1__NRG1_1__ERBB3_1_	kR13_1*exc_prot__NRG1_1_*cyt_prot__EGF_1__EGFR_1__ERBB3_1_
vR14	Cytoplasm	cyt_prot__EGF_1__EGFR_1__NRG1_1__ERBB3_1_ => exc_prot__NRG1_1_ + cyt_prot__EGF_1__EGFR_1__ERBB3_1_	kR14_1*cyt_prot__EGF_1__EGFR_1__NRG1_1__ERBB3_1_
vR15	Cytoplasm	cyt_prot__EGF_1__EGFR_1__NRG1_1__ERBB3_1_ => cyt_prot__EGF_1__EGFR_1_ + cyt_prot__NRG1_1__ERBB3_1_	kR15_1*cyt_prot__EGF_1__EGFR_1__NRG1_1__ERBB3_1_
vR16	Cytoplasm	cyt_prot__EGF_1__EGFR_1_ + cyt_prot__NRG1_1__ERBB3_1_ => cyt_prot__EGF_1__EGFR_1__NRG1_1__ERBB3_1_	kR16_1*cyt_prot__EGF_1__EGFR_1_*cyt_prot__NRG1_1__ERBB3_1_
vR19	Cytoplasm	cyt_prot__ERBB4_1_ + cyt_prot__EGF_1__EGFR_1_ => cyt_prot__EGF_1__EGFR_1__ERBB4_1_	kR19_1*cyt_prot__ERBB4_1_*cyt_prot__EGF_1__EGFR_1_
vR20	Cytoplasm	cyt_prot__EGF_1__EGFR_1__ERBB4_1_ => cyt_prot__ERBB4_1_ + cyt_prot__EGF_1__EGFR_1_	kR20_1*cyt_prot__EGF_1__EGFR_1__ERBB4_1_
vR21	Cytoplasm	exc_prot__NRG1_1_ + cyt_prot__EGF_1__EGFR_1__ERBB4_1_ => cyt_prot__EGF_1__EGFR_1__NRG1_1__ERBB4_1_	kR21_1*exc_prot__NRG1_1_*cyt_prot__EGF_1__EGFR_1__ERBB4_1_
vR22	Cytoplasm	cyt_prot__EGF_1__EGFR_1__NRG1_1__ERBB4_1_ => exc_prot__NRG1_1_ + cyt_prot__EGF_1__EGFR_1__ERBB4_1_	kR22_1*cyt_prot__EGF_1__EGFR_1__NRG1_1__ERBB4_1_
vR23	Cytoplasm	cyt_prot__EGF_1__EGFR_1__NRG1_1__ERBB4_1_ => cyt_prot__EGF_1__EGFR_1_ + cyt_prot__NRG1_1__ERBB4_1_	kR23_1*cyt_prot__EGF_1__EGFR_1__NRG1_1__ERBB4_1_
vR24	Cytoplasm	cyt_prot__EGF_1__EGFR_1_ + cyt_prot__NRG1_1__ERBB4_1_ => cyt_prot__EGF_1__EGFR_1__NRG1_1__ERBB4_1_	kR24_1*cyt_prot__EGF_1__EGFR_1_*cyt_prot__NRG1_1__ERBB4_1_
vR25	Cytoplasm	exc_prot__NRG1_1_ + cyt_prot__ERBB3_1_ => cyt_prot__NRG1_1__ERBB3_1_	kR25_1*exc_prot__NRG1_1_*cyt_prot__ERBB3_1_
vR26	Cytoplasm	cyt_prot__NRG1_1__ERBB3_1_ => exc_prot__NRG1_1_ + cyt_prot__ERBB3_1_	kR26_1*cyt_prot__NRG1_1__ERBB3_1_
vR27	Cytoplasm	cyt_prot__ERBB2_1_ + cyt_prot__NRG1_1__ERBB3_1_ => cyt_prot__ERBB2_1__NRG1_1__ERBB3_1_	kR27_1*cyt_prot__ERBB2_1_*cyt_prot__NRG1_1__ERBB3_1_
vR28	Cytoplasm	cyt_prot__ERBB2_1__NRG1_1__ERBB3_1_ => cyt_prot__ERBB2_1_ + cyt_prot__NRG1_1__ERBB3_1_	kR28_1*cyt_prot__ERBB2_1__NRG1_1__ERBB3_1_
vR29	Cytoplasm	cyt_prot__EGFR_1_ + cyt_prot__NRG1_1__ERBB3_1_ => cyt_prot__EGFR_1__NRG1_1__ERBB3_1_	kR29_1*cyt_prot__EGFR_1_*cyt_prot__NRG1_1__ERBB3_1_
vR30	Cytoplasm	cyt_prot__EGFR_1__NRG1_1__ERBB3_1_ => cyt_prot__EGFR_1_ + cyt_prot__NRG1_1__ERBB3_1_	kR30_1*cyt_prot__EGFR_1__NRG1_1__ERBB3_1_
vR31	Cytoplasm	exc_prot__EGF_1_ + cyt_prot__EGFR_1__NRG1_1__ERBB3_1_ => cyt_prot__EGF_1__EGFR_1__NRG1_1__ERBB3_1_	kR31_1*exc_prot__EGF_1_*cyt_prot__EGFR_1__NRG1_1__ERBB3_1_
vR32	Cytoplasm	cyt_prot__EGF_1__EGFR_1__NRG1_1__ERBB3_1_ => exc_prot__EGF_1_ + cyt_prot__EGFR_1__NRG1_1__ERBB3_1_	kR32_1*cyt_prot__EGF_1__EGFR_1__NRG1_1__ERBB3_1_
vR33	Cytoplasm	cyt_prot__ERBB3_1_ + cyt_prot__NRG1_1__ERBB3_1_ => cyt_prot__NRG1_1__ERBB3_1__ERBB3_1_	kR33_1*cyt_prot__ERBB3_1_*cyt_prot__NRG1_1__ERBB3_1_
vR34	Cytoplasm	cyt_prot__NRG1_1__ERBB3_1__ERBB3_1_ => cyt_prot__ERBB3_1_ + cyt_prot__NRG1_1__ERBB3_1_	kR34_1*cyt_prot__NRG1_1__ERBB3_1__ERBB3_1_
vR35	Cytoplasm	exc_prot__NRG1_1_ + cyt_prot__NRG1_1__ERBB3_1__ERBB3_1_ => cyt_prot__NRG1_1__ERBB3_1__NRG1_1__ERBB3_1_	kR35_1*exc_prot__NRG1_1_*cyt_prot__NRG1_1__ERBB3_1__ERBB3_1_
vR36	Cytoplasm	cyt_prot__NRG1_1__ERBB3_1__NRG1_1__ERBB3_1_ => cyt_cong__p_p_MAPK__BAD_ + cyt_prot__NRG1_1__ERBB3_1__ERBB3_1_	kR36_1*cyt_prot__NRG1_1__ERBB3_1__NRG1_1__ERBB3_1_
vR37	Cytoplasm	cyt_prot__NRG1_1__ERBB3_1__NRG1_1__ERBB3_1_ => cyt_prot__NRG1_1__ERBB3_1_ + cyt_prot__NRG1_1__ERBB3_1_	kR37_1*cyt_prot__NRG1_1__ERBB3_1__NRG1_1__ERBB3_1_
vR38	Cytoplasm	cyt_prot__NRG1_1__ERBB3_1_ + cyt_prot__NRG1_1__ERBB3_1_ => cyt_prot__NRG1_1__ERBB3_1__NRG1_1__ERBB3_1_	kR38_1*cyt_prot__NRG1_1__ERBB3_1_*cyt_prot__NRG1_1__ERBB3_1_
vR41	Cytoplasm	cyt_prot__ERBB4_1_ + cyt_prot__NRG1_1__ERBB3_1_ => cyt_prot__NRG1_1__ERBB3_1__ERBB4_1_	kR41_1*cyt_prot__ERBB4_1_*cyt_prot__NRG1_1__ERBB3_1_
vR42	Cytoplasm	cyt_prot__NRG1_1__ERBB3_1__ERBB4_1_ => cyt_prot__ERBB4_1_ + cyt_prot__NRG1_1__ERBB3_1_	kR42_1*cyt_prot__NRG1_1__ERBB3_1__ERBB4_1_
vR43	Cytoplasm	exc_prot__NRG1_1_ + cyt_prot__NRG1_1__ERBB3_1__ERBB4_1_ => cyt_prot__NRG1_1__ERBB3_1__NRG1_1__ERBB4_1_	kR43_1*exc_prot__NRG1_1_*cyt_prot__NRG1_1__ERBB3_1__ERBB4_1_
vR44	Cytoplasm	cyt_prot__NRG1_1__ERBB3_1__NRG1_1__ERBB4_1_ => exc_prot__NRG1_1_ + cyt_prot__NRG1_1__ERBB3_1__ERBB4_1_	kR44_1*cyt_prot__NRG1_1__ERBB3_1__NRG1_1__ERBB4_1_
vR45	Cytoplasm	cyt_prot__NRG1_1__ERBB3_1__NRG1_1__ERBB4_1_ => cyt_prot__NRG1_1__ERBB3_1_ + cyt_prot__NRG1_1__ERBB4_1_	kR45_1*cyt_prot__NRG1_1__ERBB3_1__NRG1_1__ERBB4_1_
vR46	Cytoplasm	cyt_prot__NRG1_1__ERBB3_1_ + cyt_prot__NRG1_1__ERBB4_1_ => cyt_prot__NRG1_1__ERBB3_1__NRG1_1__ERBB4_1_	kR46_1*cyt_prot__NRG1_1__ERBB3_1_*cyt_prot__NRG1_1__ERBB4_1_
vR47	Cytoplasm	exc_prot__NRG1_1_ + cyt_prot__ERBB4_1_ => cyt_prot__NRG1_1__ERBB4_1_	kR47_1*exc_prot__NRG1_1_*cyt_prot__ERBB4_1_
vR48	Cytoplasm	cyt_prot__NRG1_1__ERBB4_1_ => exc_prot__NRG1_1_ + cyt_prot__ERBB4_1_	kR48_1*cyt_prot__NRG1_1__ERBB4_1_
vR49	Cytoplasm	cyt_prot__ERBB2_1_ + cyt_prot__NRG1_1__ERBB4_1_ => cyt_prot__ERBB2_1__NRG1_1__ERBB4_1_	kR49_1*cyt_prot__ERBB2_1_*cyt_prot__NRG1_1__ERBB4_1_
vR50	Cytoplasm	cyt_prot__ERBB2_1__NRG1_1__ERBB4_1_ => cyt_prot__ERBB2_1_ + cyt_prot__NRG1_1__ERBB4_1_	kR50_1*cyt_prot__ERBB2_1__NRG1_1__ERBB4_1_
vR51	Cytoplasm	cyt_prot__EGFR_1_ + cyt_prot__NRG1_1__ERBB4_1_ => cyt_prot__EGFR_1__NRG1_1__ERBB4_1_	kR51_1*cyt_prot__EGFR_1_*cyt_prot__NRG1_1__ERBB4_1_
vR52	Cytoplasm	cyt_prot__EGFR_1__NRG1_1__ERBB4_1_ => cyt_prot__EGFR_1_ + cyt_prot__NRG1_1__ERBB4_1_	kR52_1*cyt_prot__EGFR_1__NRG1_1__ERBB4_1_
vR53	Cytoplasm	exc_prot__EGF_1_ + cyt_prot__EGFR_1__NRG1_1__ERBB4_1_ => cyt_prot__EGF_1__EGFR_1__NRG1_1__ERBB4_1_	kR53_1*exc_prot__EGF_1_*cyt_prot__EGFR_1__NRG1_1__ERBB4_1_
vR54	Cytoplasm	cyt_prot__EGF_1__EGFR_1__NRG1_1__ERBB4_1_ => exc_prot__EGF_1_ + cyt_prot__EGFR_1__NRG1_1__ERBB4_1_	kR54_1*cyt_prot__EGF_1__EGFR_1__NRG1_1__ERBB4_1_
vR55	Cytoplasm	cyt_prot__ERBB3_1_ + cyt_prot__NRG1_1__ERBB4_1_ => cyt_prot__ERBB3_1__NRG1_1__ERBB4_1_	kR55_1*cyt_prot__ERBB3_1_*cyt_prot__NRG1_1__ERBB4_1_
vR56	Cytoplasm	cyt_prot__ERBB3_1__NRG1_1__ERBB4_1_ => cyt_prot__ERBB3_1_ + cyt_prot__NRG1_1__ERBB4_1_	kR56_1*cyt_prot__ERBB3_1__NRG1_1__ERBB4_1_
vR57	Cytoplasm	exc_prot__NRG1_1_ + cyt_prot__ERBB3_1__NRG1_1__ERBB4_1_ => cyt_prot__NRG1_1__ERBB3_1__NRG1_1__ERBB4_1_	kR57_1*exc_prot__NRG1_1_*cyt_prot__ERBB3_1__NRG1_1__ERBB4_1_
vR58	Cytoplasm	cyt_prot__NRG1_1__ERBB3_1__NRG1_1__ERBB4_1_ => exc_prot__NRG1_1_ + cyt_prot__ERBB3_1__NRG1_1__ERBB4_1_	kR58_1*cyt_prot__NRG1_1__ERBB3_1__NRG1_1__ERBB4_1_
vR61	Cytoplasm	cyt_prot__ERBB4_1_ + cyt_prot__NRG1_1__ERBB4_1_ => cyt_prot__NRG1_1__ERBB4_1__ERBB4_1_	kR61_1*cyt_prot__ERBB4_1_*cyt_prot__NRG1_1__ERBB4_1_
vR62	Cytoplasm	cyt_prot__NRG1_1__ERBB4_1__ERBB4_1_ => cyt_prot__ERBB4_1_ + cyt_prot__NRG1_1__ERBB4_1_	kR62_1*cyt_prot__NRG1_1__ERBB4_1__ERBB4_1_
vR63	Cytoplasm	exc_prot__NRG1_1_ + cyt_prot__NRG1_1__ERBB4_1__ERBB4_1_ => cyt_prot__NRG1_1__ERBB4_1__NRG1_1__ERBB4_1_	kR63_1*exc_prot__NRG1_1_ *cyt_prot__NRG1_1__ERBB4_1__ERBB4_1_
vR64	Cytoplasm	cyt_prot__NRG1_1__ERBB4_1__NRG1_1__ERBB4_1_ => exc_prot__NRG1_1_  + cyt_prot__NRG1_1__ERBB4_1__ERBB4_1_	kR64_1*cyt_prot__NRG1_1__ERBB4_1__NRG1_1__ERBB4_1_
vR65	Cytoplasm	cyt_prot__NRG1_1__ERBB4_1__NRG1_1__ERBB4_1_ => cyt_prot__NRG1_1__ERBB4_1_ + cyt_prot__NRG1_1__ERBB4_1_	kR65_1*cyt_prot__NRG1_1__ERBB4_1__NRG1_1__ERBB4_1_
vR66	Cytoplasm	cyt_prot__NRG1_1__ERBB4_1_ + cyt_prot__NRG1_1__ERBB4_1_ => cyt_prot__NRG1_1__ERBB4_1__NRG1_1__ERBB4_1_	kR66_1*cyt_prot__NRG1_1__ERBB4_1_*cyt_prot__NRG1_1__ERBB4_1_
vR67	Cytoplasm	cyt_prot__EGFR_1_ + cyt_cong__p_p_MAPK_ => cyt_cong__EGFR_1__p_p_MAPK_	kR67_1*cyt_prot__EGFR_1_*cyt_cong__p_p_MAPK_
vR68	Cytoplasm	cyt_prot__pT693_EGFR_1_ => cyt_prot__EGFR_1_	kR68_1*cyt_prot__pT693_EGFR_1_
vR69	Cytoplasm	cyt_prot__ERBB2_1_ + cyt_cong__p_p_MAPK_ => cyt_cong__ERBB2_1__p_p_MAPK_	kR69_1*cyt_prot__ERBB2_1_*cyt_cong__p_p_MAPK_
vR70	Cytoplasm	cyt_prot__pT701_ERBB2_1_ => cyt_prot__ERBB2_1_	kR70_1*cyt_prot__pT701_ERBB2_1_
vR71	Cytoplasm	cyt_prot__ERBB4_1_ + cyt_cong__p_p_MAPK_ => cyt_cong__ERBB4_1__p_p_MAPK_	kR71_1*cyt_prot__ERBB4_1_*cyt_cong__p_p_MAPK_
vR72	Cytoplasm	cyt_prot__pT699_ERBB4_1_ => cyt_prot__ERBB4_1_	kR72_1*cyt_prot__pT699_ERBB4_1_
vR73	Cytoplasm	exc_prot__HGF_1_ + cyt_prot__MET_1_ => cyt_prot__HGF_1__MET_1_	kR73_1*exc_prot__HGF_1_*cyt_prot__MET_1_
vR74	Cytoplasm	cyt_prot__HGF_1__MET_1_ => exc_prot__HGF_1_ + cyt_prot__MET_1_	kR74_1*cyt_prot__HGF_1__MET_1_
vR75	Cytoplasm	cyt_prot__MET_1_ + cyt_prot__HGF_1__MET_1_ => cyt_prot__HGF_1__MET_1__MET_1_	kR75_1*cyt_prot__MET_1_*cyt_prot__HGF_1__MET_1_
vR76	Cytoplasm	cyt_prot__HGF_1__MET_1__MET_1_ => cyt_prot__MET_1_ + cyt_prot__HGF_1__MET_1_	kR76_1*cyt_prot__HGF_1__MET_1__MET_1_
vR77	Cytoplasm	exc_prot__HGF_1_ + cyt_prot__HGF_1__MET_1__MET_1_ => cyt_prot__HGF_1__MET_1__HGF_1__MET_1_	kR77_1*exc_prot__HGF_1_*cyt_prot__HGF_1__MET_1__MET_1_
vR78	Cytoplasm	cyt_prot__HGF_1__MET_1__HGF_1__MET_1_ => exc_prot__HGF_1_ + cyt_prot__HGF_1__MET_1__MET_1_	kR78_1*cyt_prot__HGF_1__MET_1__HGF_1__MET_1_
vR79	Cytoplasm	cyt_prot__HGF_1__MET_1__HGF_1__MET_1_ => cyt_prot__HGF_1__MET_1_ + cyt_prot__HGF_1__MET_1_	kR79_1*cyt_prot__HGF_1__MET_1__HGF_1__MET_1_
vR80	Cytoplasm	cyt_prot__HGF_1__MET_1_ + cyt_prot__HGF_1__MET_1_ => cyt_prot__HGF_1__MET_1__HGF_1__MET_1_	kR80_1*cyt_prot__HGF_1__MET_1_*cyt_prot__HGF_1__MET_1_
vR81	Cytoplasm	exc_prot__PDGFB_1_ + cyt_cong__PGFRB_ => cyt_cong__PDGFB_1__PGFRB_	kR81_1*exc_prot__PDGFB_1_*cyt_cong__PGFRB_
vR82	Cytoplasm	cyt_cong__PDGFB_1__PGFRB_ => exc_prot__PDGFB_1_ + cyt_cong__PGFRB_	kR82_1*cyt_cong__PDGFB_1__PGFRB_
vR83	Cytoplasm	cyt_cong__PDGFB_1__PGFRB_ + cyt_cong__PDGFB_1__PGFRB_ => cyt_cong__PDGFB_1__PGFRB__PDGFB_1__PGFRB_	kR83_1*cyt_cong__PDGFB_1__PGFRB_*cyt_cong__PDGFB_1__PGFRB_
vR84	Cytoplasm	cyt_cong__PDGFB_1__PGFRB__PDGFB_1__PGFRB_ => cyt_cong__PDGFB_1__PGFRB_ + cyt_cong__PDGFB_1__PGFRB_	kR84_1*cyt_cong__PDGFB_1__PGFRB__PDGFB_1__PGFRB_
vR85	Cytoplasm	cyt_cong__PDGFB_1__PGFRB__PDGFB_1__PGFRB_ => exc_prot__PDGFB_1_ + cyt_cong__PDGFB_1__PGFRB__PGFRB_	kR85_1*cyt_cong__PDGFB_1__PGFRB__PDGFB_1__PGFRB_
vR86	Cytoplasm	cyt_cong__PDGFB_1__PGFRB__PGFRB_ => cyt_cong__PGFRB_ + cyt_cong__PDGFB_1__PGFRB_	kR86_1*cyt_cong__PDGFB_1__PGFRB__PGFRB_
vR87	Cytoplasm	exc_cong__FGF_ + cyt_cong__FGFR_ => cyt_cong__FGF__FGFR_	kR87_1*exc_cong__FGF_*cyt_cong__FGFR_
vR88	Cytoplasm	cyt_cong__FGF__FGFR_ => exc_cong__FGF_ + cyt_cong__FGFR_	kR88_1*cyt_cong__FGF__FGFR_
vR89	Cytoplasm	cyt_cong__FGF__FGFR_ + cyt_cong__FGF__FGFR_ => cyt_cong__FGF__FGFR__FGF__FGFR_	kR89_1*cyt_cong__FGF__FGFR_*cyt_cong__FGF__FGFR_
vR90	Cytoplasm	cyt_cong__FGF__FGFR__FGF__FGFR_ => cyt_cong__FGF__FGFR_ + cyt_cong__FGF__FGFR_	kR90_1*cyt_cong__FGF__FGFR__FGF__FGFR_
vR91	Cytoplasm	cyt_cong__FGF__FGFR__FGF__FGFR_ => exc_cong__FGF_ + cyt_cong__FGF__FGFR__FGFR_	kR91_1*cyt_cong__FGF__FGFR__FGF__FGFR_
vR92	Cytoplasm	exc_cong__FGF_ + cyt_cong__FGF__FGFR__FGFR_ => cyt_cong__FGF__FGFR__FGF__FGFR_	kR92_1*exc_cong__FGF_*cyt_cong__FGF__FGFR__FGFR_
vR93	Cytoplasm	cyt_cong__FGF__FGFR__FGFR_ => cyt_cong__FGFR_ + cyt_cong__FGF__FGFR_	kR93_1*cyt_cong__FGF__FGFR__FGFR_
vR94	Cytoplasm	cyt_cong__FGFR_ + cyt_cong__FGF__FGFR_ => cyt_cong__FGF__FGFR__FGFR_	kR94_1*cyt_cong__FGFR_*cyt_cong__FGF__FGFR_
vR95	Cytoplasm	cyt_prot__IGF1R_1_ + cyt_prot__IGF1R_1_ => cyt_prot__IGF1R__IGF1R_	kR95_1*cyt_prot__IGF1R_1_*cyt_prot__IGF1R_1_
vR96	Cytoplasm	cyt_prot__IGF1R__IGF1R_ => cyt_prot__IGF1R_1_ + cyt_prot__IGF1R_1_	kR96_1*cyt_prot__IGF1R__IGF1R_
vR97	Cytoplasm	cyt_prot__INSR_1_ + cyt_prot__INSR_1_ => cyt_prot__INSR_1__INSR_1_	kR97_1*cyt_prot__INSR_1_*cyt_prot__INSR_1_
vR98	Cytoplasm	cyt_prot__INSR_1__INSR_1_ => cyt_prot__INSR_1_ + cyt_prot__INSR_1_	kR98_1*cyt_prot__INSR_1__INSR_1_
vR99	Cytoplasm	cyt_cong__EGFR_1__p_p_MAPK_ => cyt_prot__EGFR_1_ + cyt_cong__p_p_MAPK_	kR99_1*cyt_cong__EGFR_1__p_p_MAPK_
vR100	Cytoplasm	cyt_cong__EGFR_1__p_p_MAPK_ => cyt_prot__pT693_EGFR_1_ + cyt_cong__p_p_MAPK_	kR100_1*cyt_cong__EGFR_1__p_p_MAPK_
vR101	Cytoplasm	cyt_cong__ERBB2_1__p_p_MAPK_ => cyt_prot__ERBB2_1_ + cyt_cong__p_p_MAPK_	kR101_1*cyt_cong__ERBB2_1__p_p_MAPK_
vR102	Cytoplasm	cyt_cong__ERBB2_1__p_p_MAPK_ => cyt_prot__pT701_ERBB2_1_ + cyt_cong__p_p_MAPK_	kR102_1*cyt_cong__ERBB2_1__p_p_MAPK_
vR103	Cytoplasm	cyt_cong__ERBB4_1__p_p_MAPK_ => cyt_prot__ERBB4_1_ + cyt_cong__p_p_MAPK_	kR103_1*cyt_cong__ERBB4_1__p_p_MAPK_
vR104	Cytoplasm	cyt_cong__ERBB4_1__p_p_MAPK_ => cyt_prot__pT699_ERBB4_1_ + cyt_cong__p_p_MAPK_	kR104_1*cyt_cong__ERBB4_1__p_p_MAPK_
vR105	Cytoplasm	cyt_prot__EGFR_1_ + cyt_prot__EGFR_1_ => cyt_prot__EGFR_1__EGFR_1_	kR105_1*cyt_prot__EGFR_1_*cyt_prot__EGFR_1_
vR106	Cytoplasm	cyt_prot__EGFR_1__EGFR_1_ => cyt_prot__EGFR_1_ + cyt_prot__EGFR_1_	kR106_1*cyt_prot__EGFR_1__EGFR_1_
vR107	Cytoplasm	cyt_prot__EGFR_1_ + cyt_prot__ERBB2_1_ => cyt_prot__EGFR_1__ERBB2_1_	kR107_1*cyt_prot__EGFR_1_*cyt_prot__ERBB2_1_
vR108	Cytoplasm	cyt_prot__EGFR_1__ERBB2_1_ => cyt_prot__EGFR_1_ + cyt_prot__ERBB2_1_	kR108_1*cyt_prot__EGFR_1__ERBB2_1_
vR109	Cytoplasm	cyt_prot__EGFR_1_ + cyt_prot__ERBB3_1_ => cyt_prot__EGFR_1__ERBB3_1_	kR109_1*cyt_prot__EGFR_1_*cyt_prot__ERBB3_1_
vR110	Cytoplasm	cyt_prot__EGFR_1__ERBB3_1_ => cyt_prot__EGFR_1_ + cyt_prot__ERBB3_1_	kR110_1*cyt_prot__EGFR_1__ERBB3_1_
vR111	Cytoplasm	cyt_prot__EGFR_1_ + cyt_prot__ERBB4_1_ => cyt_prot__EGFR_1__ERBB4_1_	kR111_1*cyt_prot__EGFR_1_*cyt_prot__ERBB4_1_
vR112	Cytoplasm	cyt_prot__EGFR_1__ERBB4_1_ => cyt_prot__EGFR_1_ + cyt_prot__ERBB4_1_	kR112_1*cyt_prot__EGFR_1__ERBB4_1_
vR113	Cytoplasm	cyt_prot__ERBB2_1_ + cyt_prot__ERBB2_1_ => cyt_prot__ERBB2_1__ERBB2_1_	kR113_1*cyt_prot__ERBB2_1_*cyt_prot__ERBB2_1_
vR114	Cytoplasm	cyt_prot__ERBB2_1__ERBB2_1_ => cyt_prot__ERBB2_1_ + cyt_prot__ERBB2_1_	kR114_1*cyt_prot__ERBB2_1__ERBB2_1_
vR115	Cytoplasm	cyt_prot__ERBB2_1_ + cyt_prot__ERBB3_1_ => cyt_prot__ERBB2_1__ERBB3_1_	kR115_1*cyt_prot__ERBB2_1_*cyt_prot__ERBB3_1_
vR116	Cytoplasm	cyt_prot__ERBB2_1__ERBB3_1_ => cyt_prot__ERBB2_1_ + cyt_prot__ERBB3_1_	kR116_1*cyt_prot__ERBB2_1__ERBB3_1_
vR117	Cytoplasm	cyt_prot__ERBB2_1_ + cyt_prot__ERBB4_1_ => cyt_prot__ERBB2_1__ERBB4_1_	kR117_1*cyt_prot__ERBB2_1_*cyt_prot__ERBB4_1_
vR118	Cytoplasm	cyt_prot__ERBB2_1__ERBB4_1_ => cyt_prot__ERBB2_1_ + cyt_prot__ERBB4_1_	kR118_1*cyt_prot__ERBB2_1__ERBB4_1_
vR119	Cytoplasm	cyt_prot__ERBB3_1_ + cyt_prot__ERBB4_1_ => cyt_prot__ERBB3_1__ERBB4_1_	kR119_1*cyt_prot__ERBB3_1_*cyt_prot__ERBB4_1_
vR120	Cytoplasm	cyt_prot__ERBB3_1__ERBB4_1_ => cyt_prot__ERBB3_1_ + cyt_prot__ERBB4_1_	kR120_1*cyt_prot__ERBB3_1__ERBB4_1_
vR121	Cytoplasm	cyt_prot__ERBB4_1_ + cyt_prot__ERBB4_1_ => cyt_prot__ERBB4_1__ERBB4_1_	kR121_1*cyt_prot__ERBB4_1_*cyt_prot__ERBB4_1_
vR122	Cytoplasm	cyt_prot__ERBB4_1__ERBB4_1_ => cyt_prot__ERBB4_1_ + cyt_prot__ERBB4_1_	kR122_1*cyt_prot__ERBB4_1__ERBB4_1_
vR123	Cytoplasm	exc_prot__EGF_1_ + cyt_prot__EGFR_1__EGFR_1_ => cyt_prot__EGF_1__EGFR_1__EGFR_1_	kR123_1*exc_prot__EGF_1_*cyt_prot__EGFR_1__EGFR_1_
vR124	Cytoplasm	cyt_prot__EGF_1__EGFR_1__EGFR_1_ => exc_prot__EGF_1_ + cyt_prot__EGFR_1__EGFR_1_	kR124_1*cyt_prot__EGF_1__EGFR_1__EGFR_1_
vR125	Cytoplasm	exc_prot__EGF_1_ + cyt_prot__EGFR_1__ERBB2_1_ => cyt_prot__EGF_1__EGFR_1__ERBB2_1_	kR125_1*exc_prot__EGF_1_*cyt_prot__EGFR_1__ERBB2_1_
vR126	Cytoplasm	cyt_prot__EGF_1__EGFR_1__ERBB2_1_ => exc_prot__EGF_1_ + cyt_prot__EGFR_1__ERBB2_1_	kR126_1*cyt_prot__EGF_1__EGFR_1__ERBB2_1_
vR127	Cytoplasm	exc_prot__EGF_1_ + cyt_prot__EGFR_1__ERBB3_1_ => cyt_prot__EGF_1__EGFR_1__ERBB3_1_	kR127_1*exc_prot__EGF_1_*cyt_prot__EGFR_1__ERBB3_1_
vR128	Cytoplasm	cyt_prot__EGF_1__EGFR_1__ERBB3_1_ => exc_prot__EGF_1_ + cyt_prot__EGFR_1__ERBB3_1_	kR128_1*cyt_prot__EGF_1__EGFR_1__ERBB3_1_
vR129	Cytoplasm	exc_prot__NRG1_1_  + cyt_prot__EGFR_1__ERBB3_1_ => cyt_prot__EGFR_1__NRG1_1__ERBB3_1_	kR129_1*exc_prot__NRG1_1_ *cyt_prot__EGFR_1__ERBB3_1_
vR130	Cytoplasm	cyt_prot__EGFR_1__NRG1_1__ERBB3_1_ => exc_prot__NRG1_1_  + cyt_prot__EGFR_1__ERBB3_1_	kR130_1*cyt_prot__EGFR_1__NRG1_1__ERBB3_1_
vR131	Cytoplasm	exc_prot__EGF_1_ + cyt_prot__EGFR_1__ERBB4_1_ => cyt_prot__EGF_1__EGFR_1__ERBB4_1_	kR131_1*exc_prot__EGF_1_*cyt_prot__EGFR_1__ERBB4_1_
vR132	Cytoplasm	cyt_prot__EGF_1__EGFR_1__ERBB4_1_ => exc_prot__EGF_1_ + cyt_prot__EGFR_1__ERBB4_1_	kR132_1*cyt_prot__EGF_1__EGFR_1__ERBB4_1_
vR133	Cytoplasm	exc_prot__NRG1_1_  + cyt_prot__EGFR_1__ERBB4_1_ => cyt_prot__EGFR_1__NRG1_1__ERBB4_1_	kR133_1*exc_prot__NRG1_1_ *cyt_prot__EGFR_1__ERBB4_1_
vR134	Cytoplasm	cyt_prot__EGFR_1__NRG1_1__ERBB4_1_ => exc_prot__NRG1_1_  + cyt_prot__EGFR_1__ERBB4_1_	kR134_1*cyt_prot__EGFR_1__NRG1_1__ERBB4_1_
vR135	Cytoplasm	exc_prot__NRG1_1_  + cyt_prot__ERBB2_1__ERBB3_1_ => cyt_prot__ERBB2_1__NRG1_1__ERBB3_1_	kR135_1*exc_prot__NRG1_1_ *cyt_prot__ERBB2_1__ERBB3_1_
vR136	Cytoplasm	cyt_prot__ERBB2_1__NRG1_1__ERBB3_1_ => exc_prot__NRG1_1_  + cyt_prot__ERBB2_1__ERBB3_1_	kR136_1*cyt_prot__ERBB2_1__NRG1_1__ERBB3_1_
vR137	Cytoplasm	exc_prot__NRG1_1_  + cyt_prot__ERBB2_1__ERBB4_1_ => cyt_prot__ERBB2_1__NRG1_1__ERBB4_1_	kR137_1*exc_prot__NRG1_1_ *cyt_prot__ERBB2_1__ERBB4_1_
vR138	Cytoplasm	cyt_prot__ERBB2_1__NRG1_1__ERBB4_1_ => cyt_cong__p_p_MAPK__BAD_ + cyt_prot__ERBB2_1__ERBB4_1_	kR138_1*cyt_prot__ERBB2_1__NRG1_1__ERBB4_1_
vR139	Cytoplasm	exc_prot__NRG1_1_  + cyt_prot__ERBB3_1__ERBB4_1_ => cyt_prot__ERBB3_1__NRG1_1__ERBB4_1_	kR139_1*exc_prot__NRG1_1_ *cyt_prot__ERBB3_1__ERBB4_1_
vR140	Cytoplasm	cyt_prot__ERBB3_1__NRG1_1__ERBB4_1_ => exc_prot__NRG1_1_  + cyt_prot__ERBB3_1__ERBB4_1_	kR140_1*cyt_prot__ERBB3_1__NRG1_1__ERBB4_1_
vR141	Cytoplasm	exc_prot__NRG1_1_ + cyt_prot__ERBB4_1__ERBB4_1_ => cyt_prot__NRG1_1__ERBB4_1__ERBB4_1_	kR141_1*exc_prot__NRG1_1_ *cyt_prot__ERBB4_1__ERBB4_1_
vR142	Cytoplasm	cyt_prot__NRG1_1__ERBB4_1__ERBB4_1_ => exc_prot__NRG1_1_  + cyt_prot__ERBB4_1__ERBB4_1_	kR142_1*cyt_prot__NRG1_1__ERBB4_1__ERBB4_1_
vR143	Cytoplasm	cyt_prot__MET_1_ + cyt_prot__MET_1_ => cyt_prot__MET_1__MET_1_	kR143_1*cyt_prot__MET_1_*cyt_prot__MET_1_
vR144	Cytoplasm	cyt_prot__MET_1__MET_1_ => cyt_prot__MET_1_ + cyt_prot__MET_1_	kR144_1*cyt_prot__MET_1__MET_1_
vR145	Cytoplasm	exc_prot__HGF_1_ + cyt_prot__MET_1__MET_1_ => cyt_prot__HGF_1__MET_1__MET_1_	kR145_1*exc_prot__HGF_1_*cyt_prot__MET_1__MET_1_
vR146	Cytoplasm	cyt_prot__HGF_1__MET_1__MET_1_ => exc_prot__HGF_1_ + cyt_prot__MET_1__MET_1_	kR146_1*cyt_prot__HGF_1__MET_1__MET_1_
vR147	Cytoplasm	cyt_cong__FGFR_ + cyt_cong__FGFR_ => cyt_cong__FGFR__FGFR_	kR147_1*cyt_cong__FGFR_*cyt_cong__FGFR_
vR148	Cytoplasm	cyt_cong__FGFR__FGFR_ => cyt_cong__FGFR_ + cyt_cong__FGFR_	kR148_1*cyt_cong__FGFR__FGFR_
vR149	Cytoplasm	exc_cong__FGF_ + cyt_cong__FGFR__FGFR_ => cyt_cong__FGF__FGFR__FGFR_	kR149_1*exc_cong__FGF_*cyt_cong__FGFR__FGFR_
vR150	Cytoplasm	cyt_cong__FGF__FGFR__FGFR_ => exc_cong__FGF_ + cyt_cong__FGFR__FGFR_	kR150_1*cyt_cong__FGF__FGFR__FGFR_
vR151	Cytoplasm	exc_cong__IGF_ + cyt_prot__IGF1R__IGF1R_ => cyt_cong__IGF__IGF1R__IGF1R_	kR151_1*exc_cong__IGF_*cyt_prot__IGF1R__IGF1R_
vR152	Cytoplasm	cyt_cong__IGF__IGF1R__IGF1R_ => exc_cong__IGF_ + cyt_prot__IGF1R__IGF1R_	kR152_1*cyt_cong__IGF__IGF1R__IGF1R_
vR153	Cytoplasm	exc_cong__IGF_ + cyt_cong__IGF__IGF1R__IGF1R_ => cyt_cong__IGF__IGF1R__IGF__IGF1R_	kR153_1*exc_cong__IGF_*cyt_cong__IGF__IGF1R__IGF1R_
vR154	Cytoplasm	cyt_cong__IGF__IGF1R__IGF__IGF1R_ => exc_cong__IGF_ + cyt_cong__IGF__IGF1R__IGF1R_	kR154_1*cyt_cong__IGF__IGF1R__IGF__IGF1R_
vR155	Cytoplasm	exc_prot__INS_1_ + cyt_prot__INSR_1__INSR_1_ => cyt_prot__INS_1__INSR_1__INSR_1_	kR155_1*exc_prot__INS_1_*cyt_prot__INSR_1__INSR_1_
vR156	Cytoplasm	cyt_prot__INS_1__INSR_1__INSR_1_ => exc_prot__INS_1_ + cyt_prot__INSR_1__INSR_1_	kR156_1*cyt_prot__INS_1__INSR_1__INSR_1_
vR157	Cytoplasm	exc_prot__INS_1_ + cyt_prot__INS_1__INSR_1__INSR_1_ => cyt_prot__INS_1__INSR_1__INS_1__INSR_1_	kR157_1*exc_prot__INS_1_*cyt_prot__INS_1__INSR_1__INSR_1_
vR158	Cytoplasm	cyt_prot__INS_1__INSR_1__INS_1__INSR_1_ => exc_prot__INS_1_ + cyt_prot__INS_1__INSR_1__INSR_1_	kR158_1*cyt_prot__INS_1__INSR_1__INS_1__INSR_1_
