speciesId	compartment	initialConcentration (nM)	solver
cyt_abs__ribosome_	Cytoplasm	1897.371866000000000	Deterministic
nuc_prot_i__P53_	Nucleus	296.618651000000000	Deterministic
nuc_prot_a__P53_	Nucleus	6.246134330000000	Deterministic
nuc_prot__MDM2_1_	Nucleus	205.618521300000000	Deterministic
nuc_prot__PPM1D_1_	Nucleus	2.230730408000000	Deterministic
nuc_prot_a__ATM_	Nucleus	0.000000000000000	Deterministic
nuc_prot_a__ATR_1_	Nucleus	0.000000000000000	Deterministic
nuc_abs__MDM2delay1_	Nucleus	6.246134330000000	Deterministic
nuc_abs__MDM2delay2_	Nucleus	6.246134330000000	Deterministic
nuc_abs__MDM2delay3_	Nucleus	6.246134330000000	Deterministic
nuc_abs__MDM2delay4_	Nucleus	6.246134330000000	Deterministic
nuc_abs__MDM2delay5_	Nucleus	6.246134330000000	Deterministic
nuc_abs__MDM2delay6_	Nucleus	6.246134330000000	Deterministic
nuc_abs__MDM2delay7_	Nucleus	6.246134330000000	Deterministic
nuc_abs__MDM2delay8_	Nucleus	6.246134330000000	Deterministic
nuc_abs__MDM2delay9_	Nucleus	6.246134330000000	Deterministic
nuc_abs__MDM2delay10_	Nucleus	6.246134330000000	Deterministic
nuc_abs__WIP1delay1_	Nucleus	6.246134330000000	Deterministic
nuc_abs__WIP1delay2_	Nucleus	6.246134330000000	Deterministic
nuc_abs__WIP1delay3_	Nucleus	6.246134330000000	Deterministic
nuc_abs__WIP1delay4_	Nucleus	6.246134330000000	Deterministic
nuc_abs__WIP1delay5_	Nucleus	6.246134330000000	Deterministic
nuc_abs__WIP1delay6_	Nucleus	6.246134330000000	Deterministic
nuc_abs__WIP1delay7_	Nucleus	6.246134330000000	Deterministic
nuc_abs__WIP1delay8_	Nucleus	6.246134330000000	Deterministic
nuc_abs__WIP1delay9_	Nucleus	6.246134330000000	Deterministic
nuc_abs__WIP1delay10_	Nucleus	6.246134330000000	Deterministic
nuc_prot__BRCA2_	Nucleus	0.821796644400000	Deterministic
nuc_prot__MSH6_1_	Nucleus	45.503656680000000	Deterministic
nuc_prot__MGMT_	Nucleus	120.255181600000000	Deterministic
nuc_abs__DNADoubleStrandBreak_	Nucleus	0.000243950689200	Deterministic
nuc_abs__DNASingleStrandBreak_	Nucleus	0.000006050000000	Deterministic
nuc_cong__p_p_AKT__MDM2_1_	Nucleus	0.000000000000000	Deterministic
nuc_prot__p_MDM2_1_	Nucleus	0.000000000000000	Deterministic
nuc_prot__ARF_1_	Nucleus	0.000000000000000	Deterministic
nuc_prot__MDM4_1_	Nucleus	0.027215687680000	Deterministic
nuc_prot_a__P53__MDM4_1_	Nucleus	0.000000000000000	Deterministic
nuc_prot_i__ATM_	Nucleus	1.503759502000000	Deterministic
nuc_prot_i__ATR_1_	Nucleus	2.400324008000000	Deterministic
nuc_prot__RB_	Nucleus	7983.140007000000000	Deterministic
nuc_prot__pT373_RB_	Nucleus	0.535492886300000	Deterministic
nuc_prot__pT373_pS807_pS811_RB_	Nucleus	0.006971196379000	Deterministic
nuc_cong__E2F_	Nucleus	1117.207529000000000	Deterministic
nuc_cong__CCND_	Nucleus	0.233311597900000	Deterministic
nuc_cong_i__CCND__CDK4and6_	Nucleus	0.589117168200000	Deterministic
nuc_cong__CCND__CDK4and6_	Nucleus	3.853697610000000	Deterministic
nuc_cong__CCND__CDK4and6__CDN1B_	Nucleus	0.787522147000000	Deterministic
nuc_cong__CCNE_	Nucleus	0.255339230500000	Deterministic
nuc_cong_i__CCNE__CDK2_	Nucleus	0.889568947600000	Deterministic
nuc_cong__CCNE__CDK2_	Nucleus	2.746655183000000	Deterministic
nuc_prot__SKP2_1_	Nucleus	11.408963010000000	Deterministic
nuc_cong__CCNE__CDK2__CDN1B_	Nucleus	1.122585115000000	Deterministic
nuc_prot__MPIP1_1_	Nucleus	141.288140200000000	Deterministic
nuc_prot_i__MPIP2_1_	Nucleus	49.175003890000000	Deterministic
nuc_prot_i__MPIP1_1_	Nucleus	16.022566020000000	Deterministic
nuc_prot_i__MPIP3_1_	Nucleus	55.298214750000000	Deterministic
nuc_prot__CCNA2_	Nucleus	4.029092509000000	Deterministic
nuc_prot_i__CCNA__CDK2_	Nucleus	14.036838660000000	Deterministic
nuc_prot__CCNA__CDK2_	Nucleus	5.235356085000000	Deterministic
nuc_prot__CCNA__CDK2__CDN1B_	Nucleus	1.283844951000000	Deterministic
nuc_prot__CDN1B_	Nucleus	20.435494080000000	Deterministic
nuc_prot_i__FZR1_1_	Nucleus	0.598588463200000	Deterministic
nuc_prot_a__FZR1_1_	Nucleus	108.802884600000000	Deterministic
nuc_cong__p_E2F_	Nucleus	11.605079920000000	Deterministic
nuc_prot__pT187_CDN1B_	Nucleus	4.204625911000000	Deterministic
nuc_prot__MPIP2_1_	Nucleus	41.649719590000000	Deterministic
nuc_cong__CCNB_	Nucleus	3.443669431000000	Deterministic
nuc_cong_i__CCNB__CDK1_	Nucleus	3.901124927000000	Deterministic
nuc_cong__CCNB__CDK1_	Nucleus	0.684271964500000	Deterministic
nuc_prot_i__CDC20_	Nucleus	71.167473010000000	Deterministic
nuc_prot_a__CDC20_	Nucleus	0.730146344800000	Deterministic
nuc_prot__MPIP3_1_	Nucleus	9.403016576000000	Deterministic
nuc_prot__WEE1_1_	Nucleus	26.518892800000000	Deterministic
nuc_prot__pS123_WEE1_1_	Nucleus	16.740415120000000	Deterministic
nuc_cong__CCNB__CDK1__CDN1B_	Nucleus	0.083900622970000	Deterministic
nuc_prot__CHK1_1_	Nucleus	0.149772043900000	Deterministic
nuc_cong__RB__E2F_	Nucleus	8918.824124000000000	Deterministic
nuc_cong__pT373_RB__E2F_	Nucleus	0.299128468900000	Deterministic
nuc_prot__CDN1A_1_	Nucleus	20.873409310000000	Deterministic
nuc_cong__CCND__CDK4and6__CDN1A_	Nucleus	0.482638981800000	Deterministic
nuc_cong__CCNE__CDK2__CDN1A_	Nucleus	0.229328255800000	Deterministic
nuc_cong__CCNA__CDK2__CDN1A_	Nucleus	0.262271404900000	Deterministic
nuc_cong__CCNB__CDK1__CDN1A_	Nucleus	0.017139702320000	Deterministic
exc_prot__TNF10_1_	Extracellular	0.000000000000000	Deterministic
cyt_cong__TNFRSF10_	Cytoplasm	8.031117651000000	Deterministic
cyt_cong__TNF10_1__TNFRSF10_	Cytoplasm	0.000000000000000	Deterministic
cyt_cong_a__TNF10_1__TNFRSF10_	Cytoplasm	0.000000000000000	Deterministic
cyt_prot__CFLAR_1_	Cytoplasm	0.525920351400000	Deterministic
cyt_cong_a__TNF10_1__TNFRSF10__CFLAR_1_	Cytoplasm	0.000000000000000	Deterministic
cyt_cong_i__CASP8_	Cytoplasm	26.526380900000000	Deterministic
cyt_cong_a__TNF10_1__TNFRSF10__CASP8_	Cytoplasm	0.000000000000000	Deterministic
cyt_cong_a__CASP8_	Cytoplasm	0.000505186636400	Deterministic
cyt_prot__BFAR_1_	Cytoplasm	0.841153961400000	Deterministic
cyt_cong__CASP8__BFAR_1_	Cytoplasm	0.001306372322000	Deterministic
cyt_cong__CASP3_	Cytoplasm	79.932868200000000	Deterministic
cyt_cong__CASP8__CASP3_	Cytoplasm	0.006376929866000	Deterministic
cyt_cong__cl_CASP3_	Cytoplasm	0.000202565798700	Deterministic
cyt_prot_i__CASP6_	Cytoplasm	47.676629220000000	Deterministic
cyt_cong__CASP3__CASP6_	Cytoplasm	0.000000030500000	Deterministic
cyt_prot_a__CASP6_	Cytoplasm	0.000573320594800	Deterministic
cyt_cong__CASP6__CASP8_	Cytoplasm	0.000000144000000	Deterministic
cyt_prot__XIAP_1_	Cytoplasm	5.269689424000000	Deterministic
cyt_cong__CASP3__XIAP_1_	Cytoplasm	0.000066800000000	Deterministic
cyt_prot__PARP1_1_	Cytoplasm	639.615770500000000	Deterministic
cyt_cong__CASP3__PARP1_1_	Cytoplasm	0.000004060000000	Deterministic
cyt_prot__cl_PARP1_1_	Cytoplasm	1.619665788000000	Deterministic
cyt_prot__BID_1_	Cytoplasm	50.475412010000000	Deterministic
cyt_cong__CASP8__BID_1_	Cytoplasm	0.000073100000000	Deterministic
cyt_prot__cl_BID_1_	Cytoplasm	0.000001600000000	Deterministic
cyt_cong__BCL2_	Cytoplasm	12.480622900000000	Deterministic
cyt_cong__cl_BID_1__BCL2_	Cytoplasm	0.000056200000000	Deterministic
cyt_prot_i__BAX_1_	Cytoplasm	88.226858780000000	Deterministic
cyt_prot__cl_BID_1__BAX_1_	Cytoplasm	0.000000044600000	Deterministic
cyt_prot_a__BAX_1_	Cytoplasm	0.000144180742400	Deterministic
mit_prot_a__BAX_1_	Mitochondria	0.001926774373000	Deterministic
mit_cong__BCL2_	Mitochondria	1.780761749000000	Deterministic
mit_cong__BAX_1__BCL2_	Mitochondria	0.009670088024000	Deterministic
mit_prot_a__BAX_1__BAX_1_	Mitochondria	0.000117383485600	Deterministic
mit_cong__BAX_1__BAX_1__BCL2_	Mitochondria	0.000589123798800	Deterministic
mit_prot_a__BAX_1__BAX_1__BAX_1__BAX_1_	Mitochondria	0.000000436000000	Deterministic
mit_cong__BAX_1__BAX_1__BAX_1__BAX_1__BCL2_	Mitochondria	0.000002190000000	Deterministic
mit_abs_i__pore_	Mitochondria	2259.969091000000000	Deterministic
mit_abs__BAX_1__BAX_1__BAX_1__BAX_1__pore_	Mitochondria	0.000003110000000	Deterministic
mit_abs_a__pore_	Mitochondria	0.000311028415300	Deterministic
mit_prot__CY1_	Mitochondria	15542.589690000000000	Deterministic
mit_abs__pore__CY1_	Mitochondria	0.027792839980000	Deterministic
mit_prot_i__CY1_	Mitochondria	0.277855002800000	Deterministic
mit_prot__DBLOH_1_	Mitochondria	1450.939930000000000	Deterministic
mit_abs__pore__DBLOH_1_	Mitochondria	0.002594531676000	Deterministic
mit_prot_i__DBLOH_1_	Mitochondria	0.020839318580000	Deterministic
cyt_prot__CY1_	Cytoplasm	0.019447280570000	Deterministic
cyt_prot__APAF_1_	Cytoplasm	0.096890420780000	Deterministic
cyt_prot__CY1__APAF_1_	Cytoplasm	0.000002980000000	Deterministic
cyt_prot_a__APAF_1_	Cytoplasm	0.010993387240000	Deterministic
cyt_prot__CASP9_1_	Cytoplasm	3.457423761000000	Deterministic
cyt_prot_a__APAF_1__CASP9_1_	Cytoplasm	0.003099873576000	Deterministic
cyt_cong_a__APAF_1__CASP9_1__CASP3_	Cytoplasm	0.003541869409000	Deterministic
cyt_prot__DBLOH_1_	Cytoplasm	0.001101638753000	Deterministic
cyt_prot_a__APAF_1__CASP9_1__XIAP_1_	Cytoplasm	0.100438130500000	Deterministic
cyt_prot__DBLOH_1__XIAP_1_	Cytoplasm	0.124928575900000	Deterministic
cyt_cong__u_CASP3_	Cytoplasm	2.870304688000000	Deterministic
cyt_prot__BAD_1_	Cytoplasm	0.095079599950000	Deterministic
cyt_prot__BBC3_1_	Cytoplasm	0.029099067810000	Deterministic
cyt_prot__APR_1_	Cytoplasm	0.005557139906000	Deterministic
cyt_cong__BCL2__BAD_1_	Cytoplasm	3.344393378000000	Deterministic
cyt_cong__BCL2__BBC3_1_	Cytoplasm	1.023550054000000	Deterministic
cyt_cong__BCL2__APR_1_	Cytoplasm	0.194362217600000	Deterministic
cyt_prot__B2L11_1_	Cytoplasm	0.060385346510000	Deterministic
cyt_prot__B2L11_1__BAX_1_	Cytoplasm	0.000000084100000	Deterministic
cyt_cong__BCL2__B2L11_1_	Cytoplasm	2.124034525000000	Deterministic
cyt_cong__p_p_ERK__B2L11_1_	Cytoplasm	0.000597003235600	Deterministic
cyt_prot__pS69_B2L11_1_	Cytoplasm	0.105817811500000	Deterministic
cyt_cong__p_p_AKT__BAD_	Cytoplasm	0.000033600000000	Deterministic
cyt_prot__p_BAD_	Cytoplasm	0.891280886400000	Deterministic
cyt_cong__p_p_ERK__BAD_	Cytoplasm	0.000940056929700	Deterministic
exc_prot__EGF_1_	Extracellular	0.000000000000000	Deterministic
exc_prot__NRG1_1_	Extracellular	0.000000000000000	Deterministic
exc_prot__HGF_1_	Extracellular	0.000000000000000	Deterministic
exc_prot__PDGFB_1_	Extracellular	0.000000000000000	Deterministic
exc_cong__FGF_	Extracellular	0.000000000000000	Deterministic
exc_cong__IGF_	Extracellular	0.000000000000000	Deterministic
exc_prot__INS_1_	Extracellular	0.000000000000000	Deterministic
cyt_prot__EGFR_1_	Cytoplasm	50.121959700000000	Deterministic
cyt_prot__pT693_EGFR_1_	Cytoplasm	4.954806943000000	Deterministic
cyt_prot__ERBB2_1_	Cytoplasm	3.805080167000000	Deterministic
cyt_prot__pT701_ERBB2_1_	Cytoplasm	0.376170746200000	Deterministic
cyt_prot__ERBB3_1_	Cytoplasm	1.739750707000000	Deterministic
cyt_prot__ERBB4_1_	Cytoplasm	0.000000000000000	Deterministic
cyt_prot__pT699_ERBB4_1_	Cytoplasm	0.000000000000000	Deterministic
cyt_prot__MET_1_	Cytoplasm	8.573223223000000	Deterministic
cyt_cong__PGFRB_	Cytoplasm	0.229676008100000	Deterministic
cyt_cong__FGFR_	Cytoplasm	0.186712963500000	Deterministic
cyt_prot__IGF1R_1_	Cytoplasm	0.021814789890000	Deterministic
cyt_prot__INSR_1_	Cytoplasm	0.029796213950000	Deterministic
cyt_prot__EGFR_1__EGFR_1_	Cytoplasm	2.512172788000000	Deterministic
cyt_prot__EGFR_1__ERBB2_1_	Cytoplasm	0.190715185700000	Deterministic
cyt_prot__EGFR_1__ERBB3_1_	Cytoplasm	0.087198393880000	Deterministic
cyt_prot__EGFR_1__ERBB4_1_	Cytoplasm	0.000000000000000	Deterministic
cyt_prot__ERBB2_1__ERBB2_1_	Cytoplasm	0.014478484560000	Deterministic
cyt_prot__ERBB2_1__ERBB3_1_	Cytoplasm	0.006619809285000	Deterministic
cyt_prot__ERBB2_1__ERBB4_1_	Cytoplasm	0.000000000000000	Deterministic
cyt_prot__ERBB3_1__ERBB4_1_	Cytoplasm	0.000000000000000	Deterministic
cyt_prot__ERBB4_1__ERBB4_1_	Cytoplasm	0.000000000000000	Deterministic
cyt_prot__MET_1__MET_1_	Cytoplasm	0.073499675250000	Deterministic
cyt_cong__FGFR__FGFR_	Cytoplasm	0.000034900000000	Deterministic
cyt_prot__IGF1R_1__IGF1R_1_	Cytoplasm	0.726899086100000	Deterministic
cyt_prot__INSR_1__INSR_1_	Cytoplasm	0.308939855700000	Deterministic
cyt_prot__EGF_1__EGFR_1_	Cytoplasm	0.000000000000000	Deterministic
cyt_prot__NRG1_1__ERBB3_1_	Cytoplasm	0.000000000000000	Deterministic
cyt_prot__NRG1_1__ERBB4_1_	Cytoplasm	0.000000000000000	Deterministic
cyt_prot__HGF_1__MET_1_	Cytoplasm	0.000000000000000	Deterministic
cyt_cong__PDGFB_1__PGFRB_	Cytoplasm	0.000000000000000	Deterministic
cyt_cong__FGF__FGFR_	Cytoplasm	0.000000000000000	Deterministic
cyt_prot__EGF_1__EGFR_1__ERBB2_1_	Cytoplasm	0.000000000000000	Deterministic
cyt_prot__EGF_1__EGFR_1__EGFR_1_	Cytoplasm	0.000000000000000	Deterministic
cyt_prot__EGF_1__EGFR_1__ERBB3_1_	Cytoplasm	0.000000000000000	Deterministic
cyt_prot__EGF_1__EGFR_1__ERBB4_1_	Cytoplasm	0.000000000000000	Deterministic
cyt_prot__ERBB2_1__NRG1_1__ERBB3_1_	Cytoplasm	0.000000000000000	Deterministic
cyt_prot__EGFR_1__NRG1_1__ERBB3_1_	Cytoplasm	0.000000000000000	Deterministic
cyt_prot__NRG1_1__ERBB3_1__ERBB3_1_	Cytoplasm	0.000000000000000	Deterministic
cyt_prot__NRG1_1__ERBB3_1__ERBB4_1_	Cytoplasm	0.000000000000000	Deterministic
cyt_prot__ERBB2_1__NRG1_1__ERBB4_1_	Cytoplasm	0.000000000000000	Deterministic
cyt_prot__EGFR_1__NRG1_1__ERBB4_1_	Cytoplasm	0.000000000000000	Deterministic
cyt_prot__ERBB3_1__NRG1_1__ERBB4_1_	Cytoplasm	0.000000000000000	Deterministic
cyt_prot__NRG1_1__ERBB4_1__ERBB4_1_	Cytoplasm	0.000000000000000	Deterministic
cyt_prot__HGF_1__MET_1__MET_1_	Cytoplasm	0.000000000000000	Deterministic
cyt_cong__PDGFB_1__PGFRB__PGFRB_	Cytoplasm	0.000000000000000	Deterministic
cyt_cong__FGF__FGFR__FGFR_	Cytoplasm	0.000000000000000	Deterministic
cyt_cong__IGF__IGF1R_1__IGF1R_1_	Cytoplasm	0.000000000000000	Deterministic
cyt_prot__INS_1__INSR_1__INSR_1_	Cytoplasm	0.000000000000000	Deterministic
cyt_prot__EGF_1__EGFR_1__EGF_1__EGFR_1_	Cytoplasm	0.000000000000000	Deterministic
cyt_prot__EGF_1__EGFR_1__NRG1_1__ERBB3_1_	Cytoplasm	0.000000000000000	Deterministic
cyt_prot__EGF_1__EGFR_1__NRG1_1__ERBB4_1_	Cytoplasm	0.000000000000000	Deterministic
cyt_prot__NRG1_1__ERBB3_1__NRG1_1__ERBB3_1_	Cytoplasm	0.000000000000000	Deterministic
cyt_prot__NRG1_1__ERBB3_1__NRG1_1__ERBB4_1_	Cytoplasm	0.000000000000000	Deterministic
cyt_prot__NRG1_1__ERBB4_1__NRG1_1__ERBB4_1_	Cytoplasm	0.000000000000000	Deterministic
cyt_prot__HGF_1__MET_1__HGF_1__MET_1_	Cytoplasm	0.000000000000000	Deterministic
cyt_cong__PDGFB_1__PGFRB__PDGFB_1__PGFRB_	Cytoplasm	0.000000000000000	Deterministic
cyt_cong__FGF__FGFR__FGF__FGFR_	Cytoplasm	0.000000000000000	Deterministic
cyt_cong__IGF__IGF1R_1__IGF__IGF1R_1_	Cytoplasm	0.000000000000000	Deterministic
cyt_prot__INS_1__INSR_1__INS_1__INSR_1_	Cytoplasm	0.000000000000000	Deterministic
cyt_cong__EGFR_1__p_p_ERK_	Cytoplasm	0.495555753500000	Deterministic
cyt_cong__ERBB2_1__p_p_ERK_	Cytoplasm	0.037620985430000	Deterministic
cyt_cong__ERBB4_1__p_p_ERK_	Cytoplasm	0.000000000000000	Deterministic
cyt_prot__EGF_1__p_EGFR_1__p_ERBB2_1_	Cytoplasm	0.000000000000000	Deterministic
cyt_prot__EGF_1__p_EGFR_1__p_EGFR_1_	Cytoplasm	0.000000000000000	Deterministic
cyt_prot__EGF_1__p_EGFR_1__EGF_1__p_EGFR_1_	Cytoplasm	0.000000000000000	Deterministic
cyt_prot__EGF_1__p_EGFR_1__p_ERBB3_1_	Cytoplasm	0.000000000000000	Deterministic
cyt_prot__EGF_1__p_EGFR_1__NRG1_1__p_ERBB3_1_	Cytoplasm	0.000000000000000	Deterministic
cyt_prot__EGF_1__p_EGFR_1__p_ERBB4_1_	Cytoplasm	0.000000000000000	Deterministic
cyt_prot__EGF_1__p_EGFR_1__NRG1_1__p_ERBB4_1_	Cytoplasm	0.000000000000000	Deterministic
cyt_prot__p_ERBB2_1__NRG1_1__p_ERBB3_1_	Cytoplasm	0.000000000000000	Deterministic
cyt_prot__p_EGFR_1__NRG1_1__p_ERBB3_1_	Cytoplasm	0.000000000000000	Deterministic
cyt_prot__NRG1_1___p_ERBB3_1__p_ERBB4_1_	Cytoplasm	0.000000000000000	Deterministic
cyt_prot__NRG1_1__p_ERBB3_1__NRG1_1__p_ERBB4_1_	Cytoplasm	0.000000000000000	Deterministic
cyt_prot__p_ERBB2_1__NRG1_1__p_ERBB4_1_	Cytoplasm	0.000000000000000	Deterministic
cyt_prot__p_EGFR_1__NRG1_1__p_ERBB4_1_	Cytoplasm	0.000000000000000	Deterministic
cyt_prot__p_ERBB3_1__NRG1_1__p_ERBB4_1_	Cytoplasm	0.000000000000000	Deterministic
cyt_prot__NRG1_1__p_ERBB4_1__p_ERBB4_1_	Cytoplasm	0.000000000000000	Deterministic
cyt_prot__NRG1_1__p_ERBB4_1__NRG1_1__p_ERBB4_1_	Cytoplasm	0.000000000000000	Deterministic
cyt_prot__HGF_1__p_MET_1__p_MET_1_	Cytoplasm	0.000000000000000	Deterministic
cyt_prot__HGF_1__p_MET_1__HGF_1__p_MET_1_	Cytoplasm	0.000000000000000	Deterministic
cyt_cong__PDGFB_1__p_PGFRB__PDGFB_1__p_PGFRB_	Cytoplasm	0.000000000000000	Deterministic
cyt_cong__PDGFB_1__p_PGFRB__p_PGFRB_	Cytoplasm	0.000000000000000	Deterministic
cyt_cong__FGF__p_FGFR__FGF__p_FGFR_	Cytoplasm	0.000000000000000	Deterministic
cyt_cong__FGF__p_FGFR__p_FGFR_	Cytoplasm	0.000000000000000	Deterministic
cyt_cong__IGF__p_IGF1R_1__p_IGF1R_1_	Cytoplasm	0.000000000000000	Deterministic
cyt_prot__INS_1__p_INSR_1__p_INSR_1_	Cytoplasm	0.000000000000000	Deterministic
cyt_cong__IGF__p_IGF1R_1__p_IGF1R_1__IGF_	Cytoplasm	0.000000000000000	Deterministic
cyt_prot__INS_1__p_INSR_1__p_INSR_1__INS_1_	Cytoplasm	0.000000000000000	Deterministic
cyt_cong__IGF__p_IGF1R_1__p_IGF1R_1__IRS_	Cytoplasm	0.000000000000000	Deterministic
cyt_cong__INS_1__p_INSR_1__p_INSR_1__IRS_	Cytoplasm	0.000000000000000	Deterministic
cyt_cong__IGF__p_IGF1R_1__p_IGF1R_1__IGF__IRS_	Cytoplasm	0.000000000000000	Deterministic
cyt_cong__INS_1__p_INSR_1__p_INSR_1__INS_1__IRS_	Cytoplasm	0.000000000000000	Deterministic
cyt_prot__SPY2__EGF_1__EGFR_1__ERBB2_1_	Cytoplasm	0.000000000000000	Deterministic
cyt_prot__SPY2__EGF_1__EGFR_1__EGFR_1_	Cytoplasm	0.000000000000000	Deterministic
cyt_prot__SPY2__EGF_1__EGFR_1__EGF_1__EGFR_1_	Cytoplasm	0.000000000000000	Deterministic
cyt_prot__SPY2__EGF_1__EGFR_1__ERBB3_1_	Cytoplasm	0.000000000000000	Deterministic
cyt_prot__SPY2__EGF_1__EGFR_1__NRG1_1__ERBB3_1_	Cytoplasm	0.000000000000000	Deterministic
cyt_prot__SPY2__EGF_1__EGFR_1__ERBB4_1_	Cytoplasm	0.000000000000000	Deterministic
cyt_prot__SPY2__EGF_1__EGFR_1__NRG1_1__ERBB4_1_	Cytoplasm	0.000000000000000	Deterministic
cyt_prot__SPY2__ERBB2_1__NRG1_1__ERBB3_1_	Cytoplasm	0.000000000000000	Deterministic
cyt_prot__SPY2__EGFR_1__NRG1_1__ERBB3_1_	Cytoplasm	0.000000000000000	Deterministic
cyt_prot__SPY2__NRG1_1__ERBB3_1__ERBB4_1_	Cytoplasm	0.000000000000000	Deterministic
cyt_prot__SPY2__NRG1_1__ERBB3_1__NRG1_1__ERBB4_1_	Cytoplasm	0.000000000000000	Deterministic
cyt_prot__SPY2__ERBB2_1__NRG1_1__ERBB4_1_	Cytoplasm	0.000000000000000	Deterministic
cyt_prot__SPY2__EGFR_1__NRG1_1__ERBB4_1_	Cytoplasm	0.000000000000000	Deterministic
cyt_prot__SPY2__ERBB3_1__NRG1_1__ERBB4_1_	Cytoplasm	0.000000000000000	Deterministic
cyt_prot__SPY2__NRG1_1__ERBB4_1__ERBB4_1_	Cytoplasm	0.000000000000000	Deterministic
cyt_prot__SPY2__NRG1_1__ERBB4_1__NRG1_1__ERBB4_1_	Cytoplasm	0.000000000000000	Deterministic
cyt_prot__SPY2__HGF_1__MET_1__MET_1_	Cytoplasm	0.000000000000000	Deterministic
cyt_prot__SPY2__HGF_1__MET_1__HGF_1__MET_1_	Cytoplasm	0.000000000000000	Deterministic
cyt_cong__SPY2__PDGFB_1__PGFRB__PDGFB_1__PGFRB_	Cytoplasm	0.000000000000000	Deterministic
cyt_cong__SPY2__PDGFB_1__PGFRB__PGFRB_	Cytoplasm	0.000000000000000	Deterministic
cyt_cong__SPY2__FGF__FGFR__FGF__FGFR_	Cytoplasm	0.000000000000000	Deterministic
cyt_cong__SPY2__FGF__FGFR__FGFR_	Cytoplasm	0.000000000000000	Deterministic
cyt_cong__SPY2__IGF__IGF1R_1__IGF1R_1_	Cytoplasm	0.000000000000000	Deterministic
cyt_prot__SPY2__INS_1__INSR_1__INSR_1_	Cytoplasm	0.000000000000000	Deterministic
cyt_cong__SPY2__IGF__IGF1R_1__IGF1R_1__IGF_	Cytoplasm	0.000000000000000	Deterministic
cyt_prot__SPY2__INS_1__INSR_1__INSR_1__INS_1_	Cytoplasm	0.000000000000000	Deterministic
cyt_prot_in__EGF_1__EGFR_1__ERBB2_1_	Cytoplasm	0.000000000000000	Deterministic
cyt_prot_in__EGF_1__EGFR_1__EGFR_1_	Cytoplasm	0.000000000000000	Deterministic
cyt_prot_in__EGF_1__EGFR_1__EGF_1__EGFR_1_	Cytoplasm	0.000000000000000	Deterministic
cyt_prot_in__EGF_1__EGFR_1__ERBB3_1_	Cytoplasm	0.000000000000000	Deterministic
cyt_prot_in__EGF_1__EGFR_1__NRG1_1__ERBB3_1_	Cytoplasm	0.000000000000000	Deterministic
cyt_prot_in__EGF_1__EGFR_1__ERBB4_1_	Cytoplasm	0.000000000000000	Deterministic
cyt_prot_in__EGF_1__EGFR_1__NRG1_1__ERBB4_1_	Cytoplasm	0.000000000000000	Deterministic
cyt_prot_in__ERBB2_1__NRG1_1__ERBB3_1_	Cytoplasm	0.000000000000000	Deterministic
cyt_prot_in__EGFR_1__NRG1_1__ERBB3_1_	Cytoplasm	0.000000000000000	Deterministic
cyt_prot_in__NRG1_1__ERBB3_1__ERBB4_1_	Cytoplasm	0.000000000000000	Deterministic
cyt_prot_in__NRG1_1__ERBB3_1__NRG1_1__ERBB4_1_	Cytoplasm	0.000000000000000	Deterministic
cyt_prot_in__ERBB2_1__NRG1_1__ERBB4_1_	Cytoplasm	0.000000000000000	Deterministic
cyt_prot_in__EGFR_1__NRG1_1__ERBB4_1_	Cytoplasm	0.000000000000000	Deterministic
cyt_prot_in__ERBB3_1__NRG1_1__ERBB4_1_	Cytoplasm	0.000000000000000	Deterministic
cyt_prot_in__NRG1_1__ERBB4_1__ERBB4_1_	Cytoplasm	0.000000000000000	Deterministic
cyt_prot_in__NRG1_1__ERBB4_1__NRG1_1__ERBB4_1_	Cytoplasm	0.000000000000000	Deterministic
cyt_prot_in__HGF_1__MET_1__MET_1_	Cytoplasm	0.000000000000000	Deterministic
cyt_prot_in__HGF_1__MET_1__HGF_1__MET_1_	Cytoplasm	0.000000000000000	Deterministic
cyt_cong_in__PDGFB_1__PGFRB__PDGFB_1__PGFRB_	Cytoplasm	0.000000000000000	Deterministic
cyt_cong_in__PDGFB_1__PGFRB__PGFRB_	Cytoplasm	0.000000000000000	Deterministic
cyt_cong_in__FGF__FGFR__FGF__FGFR_	Cytoplasm	0.000000000000000	Deterministic
cyt_cong_in__FGF__FGFR__FGFR_	Cytoplasm	0.000000000000000	Deterministic
cyt_cong_in__IGF__IGF1R_1__IGF1R_1_	Cytoplasm	0.000000000000000	Deterministic
cyt_prot_in__INS_1__INSR_1__INSR_1_	Cytoplasm	0.000000000000000	Deterministic
cyt_cong_in__IGF__IGF1R_1__IGF1R_1__IGF_	Cytoplasm	0.000000000000000	Deterministic
cyt_prot_in__INS_1__INSR_1__INSR_1__INS_1_	Cytoplasm	0.000000000000000	Deterministic
cyt_prot_in__EGF_1__p_EGFR_1__p_ERBB2_1_	Cytoplasm	0.000000000000000	Deterministic
cyt_prot_in__EGF_1__p_EGFR_1__p_EGFR_1_	Cytoplasm	0.000000000000000	Deterministic
cyt_prot_in__EGF_1__p_EGFR_1__EGF_1__p_EGFR_1_	Cytoplasm	0.000000000000000	Deterministic
cyt_prot_in__EGF_1__p_EGFR_1__p_ERBB3_1_	Cytoplasm	0.000000000000000	Deterministic
cyt_prot_in__EGF_1__p_EGFR_1__NRG1_1__p_ERBB3_1_	Cytoplasm	0.000000000000000	Deterministic
cyt_prot_in__EGF_1__p_EGFR_1__p_ERBB4_1_	Cytoplasm	0.000000000000000	Deterministic
cyt_prot_in__EGF_1__p_EGFR_1__NRG1_1__p_ERBB4_1_	Cytoplasm	0.000000000000000	Deterministic
cyt_prot_in__p_ERBB2_1__NRG1_1__p_ERBB3_1_	Cytoplasm	0.000000000000000	Deterministic
cyt_prot_in__p_EGFR_1__NRG1_1__p_ERBB3_1_	Cytoplasm	0.000000000000000	Deterministic
cyt_prot_in__NRG1_1__p_ERBB3_1__p_ERBB4_1_	Cytoplasm	0.000000000000000	Deterministic
cyt_prot_in__NRG1_1__p_ERBB3_1__NRG1_1__p_ERBB4_1_	Cytoplasm	0.000000000000000	Deterministic
cyt_prot_in__p_ERBB2_1__NRG1_1__p_ERBB4_1_	Cytoplasm	0.000000000000000	Deterministic
cyt_prot_in__p_EGFR_1__NRG1_1__p_ERBB4_1_	Cytoplasm	0.000000000000000	Deterministic
cyt_prot_in__p_ERBB3_1__NRG1_1__p_ERBB4_1_	Cytoplasm	0.000000000000000	Deterministic
cyt_prot_in__NRG1_1__p_ERBB4_1__p_ERBB4_1_	Cytoplasm	0.000000000000000	Deterministic
cyt_prot_in__NRG1_1__p_ERBB4_1__NRG1_1__p_ERBB4_1_	Cytoplasm	0.000000000000000	Deterministic
cyt_prot_in__HGF_1__p_MET_1__p_MET_1_	Cytoplasm	0.000000000000000	Deterministic
cyt_prot_in__HGF_1__p_MET_1__HGF_1__p_MET_1_	Cytoplasm	0.000000000000000	Deterministic
cyt_cong_in__PDGFB_1__p_PGFRB__PDGFB_1__p_PGFRB_	Cytoplasm	0.000000000000000	Deterministic
cyt_cong_in__PDGFB_1__p_PGFRB__p_PGFRB_	Cytoplasm	0.000000000000000	Deterministic
cyt_cong_in__FGF__p_FGFR__FGF__p_FGFR_	Cytoplasm	0.000000000000000	Deterministic
cyt_cong_in__FGF__p_FGFR__p_FGFR_	Cytoplasm	0.000000000000000	Deterministic
cyt_cong_in__IGF__p_IGF1R_1__p_IGF1R_1_	Cytoplasm	0.000000000000000	Deterministic
cyt_prot_in__INS_1__p_INSR_1__p_INSR_1_	Cytoplasm	0.000000000000000	Deterministic
cyt_cong_in__IGF__p_IGF1R_1__p_IGF1R_1__IGF_	Cytoplasm	0.000000000000000	Deterministic
cyt_prot_in__INS_1__p_INSR_1__p_INSR_1__INS_1_	Cytoplasm	0.000000000000000	Deterministic
cyt_cong_in__IGF__p_IGF1R_1__p_IGF1R_1__IRS_	Cytoplasm	0.000000000000000	Deterministic
cyt_cong_in__INS_1__p_INSR_1__p_INSR_1__IRS_	Cytoplasm	0.000000000000000	Deterministic
cyt_cong_in__IGF__p_IGF1R_1__p_IGF1R_1__IGF__IRS_	Cytoplasm	0.000000000000000	Deterministic
cyt_cong_in__INS_1__p_INSR_1__p_INSR_1__INS_1__IRS_	Cytoplasm	0.000000000000000	Deterministic
cyt_prot__EGF_1__p_EGFR_1__p_ERBB2_1__GRB2__SOS1_1_	Cytoplasm	0.000000000000000	Deterministic
cyt_prot__EGF_1__p_EGFR_1__p_EGFR_1__GRB2__SOS1_1_	Cytoplasm	0.000000000000000	Deterministic
cyt_prot__EGF_1__p_EGFR_1__EGF_1__p_EGFR_1__GRB2__SOS1_1_	Cytoplasm	0.000000000000000	Deterministic
cyt_prot__EGF_1__p_EGFR_1__p_ERBB3_1__GRB2__SOS1_1_	Cytoplasm	0.000000000000000	Deterministic
cyt_prot__EGF_1__p_EGFR_1__NRG1_1__p_ERBB3_1__GRB2__SOS1_1_	Cytoplasm	0.000000000000000	Deterministic
cyt_prot__EGF_1__p_EGFR_1__p_ERBB4_1__GRB2__SOS1_1_	Cytoplasm	0.000000000000000	Deterministic
cyt_prot__EGF_1__p_EGFR_1__NRG1_1__p_ERBB4_1__GRB2__SOS1_1_	Cytoplasm	0.000000000000000	Deterministic
cyt_prot__p_ERBB2_1__NRG1_1__p_ERBB3_1__GRB2__SOS1_1_	Cytoplasm	0.000000000000000	Deterministic
cyt_prot__p_EGFR_1__NRG1_1__p_ERBB3_1__GRB2__SOS1_1_	Cytoplasm	0.000000000000000	Deterministic
cyt_prot__NRG1_1__p_ERBB3_1__p_ERBB4_1__GRB2__SOS1_1_	Cytoplasm	0.000000000000000	Deterministic
cyt_prot__NRG1_1__p_ERBB3_1__NRG1_1__p_ERBB4_1__GRB2__SOS1_1_	Cytoplasm	0.000000000000000	Deterministic
cyt_prot__p_ERBB2_1__NRG1_1__p_ERBB4_1__GRB2__SOS1_1_	Cytoplasm	0.000000000000000	Deterministic
cyt_prot__p_EGFR_1__NRG1_1__p_ERBB4_1__GRB2__SOS1_1_	Cytoplasm	0.000000000000000	Deterministic
cyt_prot__p_ERBB3_1__NRG1_1__p_ERBB4_1__GRB2__SOS1_1_	Cytoplasm	0.000000000000000	Deterministic
cyt_prot__NRG1_1__p_ERBB4_1__p_ERBB4_1__GRB2__SOS1_1_	Cytoplasm	0.000000000000000	Deterministic
cyt_prot__NRG1_1__p_ERBB4_1__NRG1_1__p_ERBB4_1__GRB2__SOS1_1_	Cytoplasm	0.000000000000000	Deterministic
cyt_prot__HGF_1__p_MET_1__p_MET_1__GRB2__SOS1_1_	Cytoplasm	0.000000000000000	Deterministic
cyt_prot__HGF_1__p_MET_1__HGF_1__p_MET_1__GRB2__SOS1_1_	Cytoplasm	0.000000000000000	Deterministic
cyt_cong__PDGFB_1__PGFRB__PDGFB_1__PGFRB__GRB2__SOS1_1_	Cytoplasm	0.000000000000000	Deterministic
cyt_cong__PDGFB_1__PGFRB__PGFRB__GRB2__SOS1_1_	Cytoplasm	0.000000000000000	Deterministic
cyt_cong__FGF__FGFR__FGF__FGFR__GRB2__SOS1_1_	Cytoplasm	0.000000000000000	Deterministic
cyt_cong__FGF__FGFR__FGFR__GRB2__SOS1_1_	Cytoplasm	0.000000000000000	Deterministic
cyt_cong__IGF__p_IGF1R_1__p_IGF1R_1__IRS__GRB2__SOS1_1_	Cytoplasm	0.000000000000000	Deterministic
cyt_cong__INS_1__p_INSR_1__p_INSR_1__IRS__GRB2__SOS1_1_	Cytoplasm	0.000000000000000	Deterministic
cyt_cong__IGF__p_IGF1R_1__p_IGF1R_1__IGF__IRS__GRB2__SOS1_1_	Cytoplasm	0.000000000000000	Deterministic
cyt_cong__INS_1__p_INSR_1__p_INSR_1__INS_1__IRS__GRB2__SOS1_1_	Cytoplasm	0.000000000000000	Deterministic
cyt_prot_in__EGF_1__p_EGFR_1__p_ERBB2_1__GRB2__SOS1_1_	Cytoplasm	0.000000000000000	Deterministic
cyt_prot_in__EGF_1__p_EGFR_1__p_EGFR_1__GRB2__SOS1_1_	Cytoplasm	0.000000000000000	Deterministic
cyt_prot_in__EGF_1__p_EGFR_1__EGF_1__p_EGFR_1__GRB2__SOS1_1_	Cytoplasm	0.000000000000000	Deterministic
cyt_prot_in__EGF_1__p_EGFR_1__p_ERBB3_1__GRB2__SOS1_1_	Cytoplasm	0.000000000000000	Deterministic
cyt_prot_in__EGF_1__p_EGFR_1__NRG1_1__p_ERBB3_1__GRB2__SOS1_1_	Cytoplasm	0.000000000000000	Deterministic
cyt_prot_in__EGF_1__p_EGFR_1__p_ERBB4_1__GRB2__SOS1_1_	Cytoplasm	0.000000000000000	Deterministic
cyt_prot_in__EGF_1__p_EGFR_1__NRG1_1__p_ERBB4_1__GRB2__SOS1_1_	Cytoplasm	0.000000000000000	Deterministic
cyt_prot_in__p_ERBB2_1__NRG1_1__p_ERBB3_1__GRB2__SOS1_1_	Cytoplasm	0.000000000000000	Deterministic
cyt_prot_in__p_EGFR_1__NRG1_1__p_ERBB3_1__GRB2__SOS1_1_	Cytoplasm	0.000000000000000	Deterministic
cyt_prot_in__NRG1_1__p_ERBB3_1__p_ERBB4_1__GRB2__SOS1_1_	Cytoplasm	0.000000000000000	Deterministic
cyt_prot_in__NRG1_1__p_ERBB3_1__NRG1_1__p_ERBB4_1__GRB2__SOS1_1_	Cytoplasm	0.000000000000000	Deterministic
cyt_prot_in__p_ERBB2_1__NRG1_1__p_ERBB4_1__GRB2__SOS1_1_	Cytoplasm	0.000000000000000	Deterministic
cyt_prot_in__p_EGFR_1__NRG1_1__p_ERBB4_1__GRB2__SOS1_1_	Cytoplasm	0.000000000000000	Deterministic
cyt_prot_in__p_ERBB3_1__NRG1_1__p_ERBB4_1__GRB2__SOS1_1_	Cytoplasm	0.000000000000000	Deterministic
cyt_prot_in__NRG1_1__p_ERBB4_1__p_ERBB4_1__GRB2__SOS1_1_	Cytoplasm	0.000000000000000	Deterministic
cyt_prot_in__NRG1_1__p_ERBB4_1__NRG1_1__p_ERBB4_1__GRB2__SOS1_1_	Cytoplasm	0.000000000000000	Deterministic
cyt_prot_in__HGF_1__p_MET_1__p_MET_1__GRB2__SOS1_1_	Cytoplasm	0.000000000000000	Deterministic
cyt_prot_in__HGF_1__p_MET_1__HGF_1__p_MET_1__GRB2__SOS1_1_	Cytoplasm	0.000000000000000	Deterministic
cyt_cong_in__PDGFB_1__PGFRB__PDGFB_1__PGFRB__GRB2__SOS1_1_	Cytoplasm	0.000000000000000	Deterministic
cyt_cong_in__PDGFB_1__PGFRB__PGFRB__GRB2__SOS1_1_	Cytoplasm	0.000000000000000	Deterministic
cyt_cong_in__FGF__FGFR__FGF__FGFR__GRB2__SOS1_1_	Cytoplasm	0.000000000000000	Deterministic
cyt_cong_in__FGF__FGFR__FGFR__GRB2__SOS1_1_	Cytoplasm	0.000000000000000	Deterministic
cyt_cong_in__IGF__p_IGF1R_1__p_IGF1R_1__IRS__GRB2__SOS1_1_	Cytoplasm	0.000000000000000	Deterministic
cyt_cong_in__INS_1__p_INSR_1__p_INSR_1__IRS__GRB2__SOS1_1_	Cytoplasm	0.000000000000000	Deterministic
cyt_cong_in__IGF__p_IGF1R_1__p_IGF1R_1__IGF__IRS__GRB2__SOS1_1_	Cytoplasm	0.000000000000000	Deterministic
cyt_cong_in__INS_1__p_INSR_1__p_INSR_1__INS_1__IRS__GRB2__SOS1_1_	Cytoplasm	0.000000000000000	Deterministic
cyt_cong__EGF_1__p_EGFR_1__p_ERBB2_1__PLCG_	Cytoplasm	0.000000000000000	Deterministic
cyt_cong__EGF_1__p_EGFR_1__p_EGFR_1__PLCG_	Cytoplasm	0.000000000000000	Deterministic
cyt_cong__EGF_1__p_EGFR_1__EGF_1__p_EGFR_1__PLCG_	Cytoplasm	0.000000000000000	Deterministic
cyt_cong__EGF_1__p_EGFR_1__p_ERBB3_1__PLCG_	Cytoplasm	0.000000000000000	Deterministic
cyt_cong__EGF_1__p_EGFR_1__NRG1_1__p_ERBB3_1__PLCG_	Cytoplasm	0.000000000000000	Deterministic
cyt_cong__EGF_1__p_EGFR_1__p_ERBB4_1__PLCG_	Cytoplasm	0.000000000000000	Deterministic
cyt_cong__EGF_1__p_EGFR_1__NRG1_1__p_ERBB4_1__PLCG_	Cytoplasm	0.000000000000000	Deterministic
cyt_cong__p_ERBB2_1__NRG1_1__p_ERBB3_1__PLCG_	Cytoplasm	0.000000000000000	Deterministic
cyt_cong__p_EGFR_1__NRG1_1__p_ERBB3_1__PLCG_	Cytoplasm	0.000000000000000	Deterministic
cyt_cong__NRG1_1__p_ERBB3_1__p_ERBB4_1__PLCG_	Cytoplasm	0.000000000000000	Deterministic
cyt_cong__NRG1_1__p_ERBB3_1__NRG1_1__p_ERBB4_1__PLCG_	Cytoplasm	0.000000000000000	Deterministic
cyt_cong__p_ERBB2_1__NRG1_1__p_ERBB4_1__PLCG_	Cytoplasm	0.000000000000000	Deterministic
cyt_cong__p_EGFR_1__NRG1_1__p_ERBB4_1__PLCG_	Cytoplasm	0.000000000000000	Deterministic
cyt_cong__p_ERBB3_1__NRG1_1__p_ERBB4_1__PLCG_	Cytoplasm	0.000000000000000	Deterministic
cyt_cong__NRG1_1__p_ERBB4_1__p_ERBB4_1__PLCG_	Cytoplasm	0.000000000000000	Deterministic
cyt_cong__NRG1_1__p_ERBB4_1__NRG1_1__p_ERBB4_1__PLCG_	Cytoplasm	0.000000000000000	Deterministic
cyt_cong__HGF_1__p_MET_1__p_MET_1__PLCG_	Cytoplasm	0.000000000000000	Deterministic
cyt_cong__HGF_1__p_MET_1__HGF_1__p_MET_1__PLCG_	Cytoplasm	0.000000000000000	Deterministic
cyt_cong__PDGFB_1__PGFRB__PDGFB_1__PGFRB__PLCG_	Cytoplasm	0.000000000000000	Deterministic
cyt_cong__PDGFB_1__PGFRB__PGFRB__PLCG_	Cytoplasm	0.000000000000000	Deterministic
cyt_cong__FGF__FGFR__FGF__FGFR__PLCG_	Cytoplasm	0.000000000000000	Deterministic
cyt_cong__FGF__FGFR__FGFR__PLCG_	Cytoplasm	0.000000000000000	Deterministic
cyt_cong__IGF__p_IGF1R_1__p_IGF1R_1__IRS__PLCG_	Cytoplasm	0.000000000000000	Deterministic
cyt_cong__INS_1__p_INSR_1__p_INSR_1__IRS__PLCG_	Cytoplasm	0.000000000000000	Deterministic
cyt_cong__IGF__p_IGF1R_1__p_IGF1R_1__IGF__IRS__PLCG_	Cytoplasm	0.000000000000000	Deterministic
cyt_cong__INS_1__p_INSR_1__p_INSR_1__INS_1__IRS__PLCG_	Cytoplasm	0.000000000000000	Deterministic
cyt_cong__EGF_1__p_EGFR_1__p_ERBB2_1__PIK3C__PIK3R_	Cytoplasm	0.000000000000000	Deterministic
cyt_cong__EGF_1__p_EGFR_1__p_EGFR_1__PIK3C__PIK3R_	Cytoplasm	0.000000000000000	Deterministic
cyt_cong__EGF_1__p_EGFR_1__EGF_1__p_EGFR_1__PIK3C__PIK3R_	Cytoplasm	0.000000000000000	Deterministic
cyt_cong__EGF_1__p_EGFR_1__p_ERBB3_1__PIK3C__PIK3R_	Cytoplasm	0.000000000000000	Deterministic
cyt_cong__EGF_1__p_EGFR_1__NRG1_1__p_ERBB3_1__PIK3C__PIK3R_	Cytoplasm	0.000000000000000	Deterministic
cyt_cong__EGF_1__p_EGFR_1__p_ERBB4_1__PIK3C__PIK3R_	Cytoplasm	0.000000000000000	Deterministic
cyt_cong__EGF_1__p_EGFR_1__NRG1_1__p_ERBB4_1__PIK3C__PIK3R_	Cytoplasm	0.000000000000000	Deterministic
cyt_cong__p_ERBB2_1__NRG1_1__p_ERBB3_1__PIK3C__PIK3R_	Cytoplasm	0.000000000000000	Deterministic
cyt_cong__p_EGFR_1__NRG1_1__p_ERBB3_1__PIK3C__PIK3R_	Cytoplasm	0.000000000000000	Deterministic
cyt_cong__NRG1_1__p_ERBB3_1__p_ERBB4_1__PIK3C__PIK3R_	Cytoplasm	0.000000000000000	Deterministic
cyt_cong__NRG1_1__p_ERBB3_1__NRG1_1__p_ERBB4_1__PIK3C__PIK3R_	Cytoplasm	0.000000000000000	Deterministic
cyt_cong__p_ERBB2_1__NRG1_1__p_ERBB4_1__PIK3C__PIK3R_	Cytoplasm	0.000000000000000	Deterministic
cyt_cong__p_EGFR_1__NRG1_1__p_ERBB4_1__PIK3C__PIK3R_	Cytoplasm	0.000000000000000	Deterministic
cyt_cong__p_ERBB3_1__NRG1_1__p_ERBB4_1__PIK3C__PIK3R_	Cytoplasm	0.000000000000000	Deterministic
cyt_cong__NRG1_1__p_ERBB4_1__p_ERBB4_1__PIK3C__PIK3R_	Cytoplasm	0.000000000000000	Deterministic
cyt_cong__NRG1_1__p_ERBB4_1__NRG1_1__p_ERBB4_1__PIK3C__PIK3R_	Cytoplasm	0.000000000000000	Deterministic
cyt_cong__HGF_1__p_MET_1__p_MET_1__PIK3C__PIK3R_	Cytoplasm	0.000000000000000	Deterministic
cyt_cong__HGF_1__p_MET_1__HGF_1__p_MET_1__PIK3C__PIK3R_	Cytoplasm	0.000000000000000	Deterministic
cyt_cong__PDGFB_1__PGFRB__PDGFB_1__PGFRB__PIK3C__PIK3R_	Cytoplasm	0.000000000000000	Deterministic
cyt_cong__PDGFB_1__PGFRB__PGFRB__PIK3C__PIK3R_	Cytoplasm	0.000000000000000	Deterministic
cyt_cong__FGF__FGFR__FGF__FGFR__PIK3C__PIK3R_	Cytoplasm	0.000000000000000	Deterministic
cyt_cong__FGF__FGFR__FGFR__PIK3C__PIK3R_	Cytoplasm	0.000000000000000	Deterministic
cyt_cong__IGF__p_IGF1R_1__p_IGF1R_1__IRS__PIK3C__PIK3R_	Cytoplasm	0.000000000000000	Deterministic
cyt_cong__INS_1__p_INSR_1__p_INSR_1__IRS__PIK3C__PIK3R_	Cytoplasm	0.000000000000000	Deterministic
cyt_cong__IGF__p_IGF1R_1__p_IGF1R_1__IGF__IRS__PIK3C__PIK3R_	Cytoplasm	0.000000000000000	Deterministic
cyt_cong__INS_1__p_INSR_1__p_INSR_1__INS_1__IRS__PIK3C__PIK3R_	Cytoplasm	0.000000000000000	Deterministic
cyt_prot__EGF_1__p_EGFR_1__p_ERBB2_1__P3C2A_	Cytoplasm	0.000000000000000	Deterministic
cyt_prot__EGF_1__p_EGFR_1__p_EGFR_1__P3C2A_	Cytoplasm	0.000000000000000	Deterministic
cyt_prot__EGF_1__p_EGFR_1__EGF_1__p_EGFR_1__P3C2A_	Cytoplasm	0.000000000000000	Deterministic
cyt_prot__EGF_1__p_EGFR_1__p_ERBB3_1__P3C2A_	Cytoplasm	0.000000000000000	Deterministic
cyt_prot__EGF_1__p_EGFR_1__NRG1_1__p_ERBB3_1__P3C2A_	Cytoplasm	0.000000000000000	Deterministic
cyt_prot__EGF_1__p_EGFR_1__p_ERBB4_1__P3C2A_	Cytoplasm	0.000000000000000	Deterministic
cyt_prot__EGF_1__p_EGFR_1__NRG1_1__p_ERBB4_1__P3C2A_	Cytoplasm	0.000000000000000	Deterministic
cyt_prot__p_ERBB2_1__NRG1_1__p_ERBB3_1__P3C2A_	Cytoplasm	0.000000000000000	Deterministic
cyt_prot__p_EGFR_1__NRG1_1__p_ERBB3_1__P3C2A_	Cytoplasm	0.000000000000000	Deterministic
cyt_prot__NRG1_1__p_ERBB3_1__p_ERBB4_1__P3C2A_	Cytoplasm	0.000000000000000	Deterministic
cyt_prot__NRG1_1__p_ERBB3_1__NRG1_1__p_ERBB4_1__P3C2A_	Cytoplasm	0.000000000000000	Deterministic
cyt_prot__p_ERBB2_1__NRG1_1__p_ERBB4_1__P3C2A_	Cytoplasm	0.000000000000000	Deterministic
cyt_prot__p_EGFR_1__NRG1_1__p_ERBB4_1__P3C2A_	Cytoplasm	0.000000000000000	Deterministic
cyt_prot__p_ERBB3_1__NRG1_1__p_ERBB4_1__P3C2A_	Cytoplasm	0.000000000000000	Deterministic
cyt_prot__NRG1_1__p_ERBB4_1__p_ERBB4_1__P3C2A_	Cytoplasm	0.000000000000000	Deterministic
cyt_prot__NRG1_1__p_ERBB4_1__NRG1_1__p_ERBB4_1__P3C2A_	Cytoplasm	0.000000000000000	Deterministic
cyt_prot__HGF_1__p_MET_1__p_MET_1__P3C2A_	Cytoplasm	0.000000000000000	Deterministic
cyt_prot__HGF_1__p_MET_1__HGF_1__p_MET_1__P3C2A_	Cytoplasm	0.000000000000000	Deterministic
cyt_cong__PDGFB_1__PGFRB__PDGFB_1__PGFRB__P3C2A_	Cytoplasm	0.000000000000000	Deterministic
cyt_cong__PDGFB_1__PGFRB__PGFRB__P3C2A_	Cytoplasm	0.000000000000000	Deterministic
cyt_cong__FGF__FGFR__FGF__FGFR__P3C2A_	Cytoplasm	0.000000000000000	Deterministic
cyt_cong__FGF__FGFR__FGFR__P3C2A_	Cytoplasm	0.000000000000000	Deterministic
cyt_cong__IGF__p_IGF1R_1__p_IGF1R_1__IRS__P3C2A_	Cytoplasm	0.000000000000000	Deterministic
cyt_cong__INS_1__p_INSR_1__p_INSR_1__IRS__P3C2A_	Cytoplasm	0.000000000000000	Deterministic
cyt_cong__IGF__p_IGF1R_1__p_IGF1R_1__IGF__IRS__P3C2A_	Cytoplasm	0.000000000000000	Deterministic
cyt_cong__INS_1__p_INSR_1__p_INSR_1__INS_1__IRS__P3C2A_	Cytoplasm	0.000000000000000	Deterministic
cyt_cong_in__EGF_1__p_EGFR_1__p_ERBB2_1__GRB2__SOS1_1__RAS__GDP_	Cytoplasm	0.000000000000000	Deterministic
cyt_cong_in__EGF_1__p_EGFR_1__p_EGFR_1__GRB2__SOS1_1__RAS__GDP_	Cytoplasm	0.000000000000000	Deterministic
cyt_cong_in__EGF_1__p_EGFR_1__EGF_1__p_EGFR_1__GRB2__SOS1_1__RAS__GDP_	Cytoplasm	0.000000000000000	Deterministic
cyt_cong_in__EGF_1__p_EGFR_1__p_ERBB3_1__GRB2__SOS1_1__RAS__GDP_	Cytoplasm	0.000000000000000	Deterministic
cyt_cong_in__EGF_1__p_EGFR_1__NRG1_1__p_ERBB3_1__GRB2__SOS1_1__RAS__GDP_	Cytoplasm	0.000000000000000	Deterministic
cyt_cong_in__EGF_1__p_EGFR_1__p_ERBB4_1__GRB2__SOS1_1__RAS__GDP_	Cytoplasm	0.000000000000000	Deterministic
cyt_cong_in__EGF_1__p_EGFR_1__NRG1_1__p_ERBB4_1__GRB2__SOS1_1__RAS__GDP_	Cytoplasm	0.000000000000000	Deterministic
cyt_cong_in__p_ERBB2_1__NRG1_1__p_ERBB3_1__GRB2__SOS1_1__RAS__GDP_	Cytoplasm	0.000000000000000	Deterministic
cyt_cong_in__p_EGFR_1__NRG1_1__p_ERBB3_1__GRB2__SOS1_1__RAS__GDP_	Cytoplasm	0.000000000000000	Deterministic
cyt_cong_in__NRG1_1__p_ERBB3_1__p_ERBB4_1__GRB2__SOS1_1__RAS__GDP_	Cytoplasm	0.000000000000000	Deterministic
cyt_cong_in__NRG1_1__p_ERBB3_1__NRG1_1__p_ERBB4_1__GRB2__SOS1_1__RAS__GDP_	Cytoplasm	0.000000000000000	Deterministic
cyt_cong_in__p_ERBB2_1__NRG1_1__p_ERBB4_1__GRB2__SOS1_1__RAS__GDP_	Cytoplasm	0.000000000000000	Deterministic
cyt_cong_in__p_EGFR_1__NRG1_1__p_ERBB4_1__GRB2__SOS1_1__RAS__GDP_	Cytoplasm	0.000000000000000	Deterministic
cyt_cong_in__p_ERBB3_1__NRG1_1__p_ERBB4_1__GRB2__SOS1_1__RAS__GDP_	Cytoplasm	0.000000000000000	Deterministic
cyt_cong_in__NRG1_1__p_ERBB4_1__p_ERBB4_1__GRB2__SOS1_1__RAS__GDP_	Cytoplasm	0.000000000000000	Deterministic
cyt_cong_in__NRG1_1__p_ERBB4_1__NRG1_1__p_ERBB4_1__GRB2__SOS1_1__RAS__GDP_	Cytoplasm	0.000000000000000	Deterministic
cyt_cong_in__HGF_1__p_MET_1__p_MET_1__GRB2__SOS1_1__RAS__GDP_	Cytoplasm	0.000000000000000	Deterministic
cyt_cong_in__HGF_1__p_MET_1__HGF_1__p_MET_1__GRB2__SOS1_1__RAS__GDP_	Cytoplasm	0.000000000000000	Deterministic
cyt_cong_in__PDGFB_1__PGFRB__PDGFB_1__PGFRB__GRB2__SOS1_1__RAS__GDP_	Cytoplasm	0.000000000000000	Deterministic
cyt_cong_in__PDGFB_1__PGFRB__PGFRB__GRB2__SOS1_1__RAS__GDP_	Cytoplasm	0.000000000000000	Deterministic
cyt_cong_in__FGF__FGFR__FGF__FGFR__GRB2__SOS1_1__RAS__GDP_	Cytoplasm	0.000000000000000	Deterministic
cyt_cong_in__FGF__FGFR__FGFR__GRB2__SOS1_1__RAS__GDP_	Cytoplasm	0.000000000000000	Deterministic
cyt_cong_in__IGF__p_IGF1R_1__p_IGF1R_1__IRS__GRB2__SOS1_1__RAS__GDP_	Cytoplasm	0.000000000000000	Deterministic
cyt_cong_in__INS_1__p_INSR_1__p_INSR_1__IRS__GRB2__SOS1_1__RAS__GDP_	Cytoplasm	0.000000000000000	Deterministic
cyt_cong_in__IGF__p_IGF1R_1__p_IGF1R_1__IGF__IRS__GRB2__SOS1_1__RAS__GDP_	Cytoplasm	0.000000000000000	Deterministic
cyt_cong_in__INS_1__p_INSR_1__p_INSR_1__INS_1__IRS__GRB2__SOS1_1__RAS__GDP_	Cytoplasm	0.000000000000000	Deterministic
cyt_cong__EGF_1__p_EGFR_1__p_ERBB2_1__GRB2__SOS1_1__RAS__GDP_	Cytoplasm	0.000000000000000	Deterministic
cyt_cong__EGF_1__p_EGFR_1__p_EGFR_1__GRB2__SOS1_1__RAS__GDP_	Cytoplasm	0.000000000000000	Deterministic
cyt_cong__EGF_1__p_EGFR_1__EGF_1__p_EGFR_1__GRB2__SOS1_1__RAS__GDP_	Cytoplasm	0.000000000000000	Deterministic
cyt_cong__EGF_1__p_EGFR_1__p_ERBB3_1__GRB2__SOS1_1__RAS__GDP_	Cytoplasm	0.000000000000000	Deterministic
cyt_cong__EGF_1__p_EGFR_1__NRG1_1__p_ERBB3_1__GRB2__SOS1_1__RAS__GDP_	Cytoplasm	0.000000000000000	Deterministic
cyt_cong__EGF_1__p_EGFR_1__p_ERBB4_1__GRB2__SOS1_1__RAS__GDP_	Cytoplasm	0.000000000000000	Deterministic
cyt_cong__EGF_1__p_EGFR_1__NRG1_1__p_ERBB4_1__GRB2__SOS1_1__RAS__GDP_	Cytoplasm	0.000000000000000	Deterministic
cyt_cong__p_ERBB2_1__NRG1_1__p_ERBB3_1__GRB2__SOS1_1__RAS__GDP_	Cytoplasm	0.000000000000000	Deterministic
cyt_cong__p_EGFR_1__NRG1_1__p_ERBB3_1__GRB2__SOS1_1__RAS__GDP_	Cytoplasm	0.000000000000000	Deterministic
cyt_cong__NRG1_1__p_ERBB3_1__p_ERBB4_1__GRB2__SOS1_1__RAS__GDP_	Cytoplasm	0.000000000000000	Deterministic
cyt_cong__NRG1_1__p_ERBB3_1__NRG1_1__p_ERBB4_1__GRB2__SOS1_1__RAS__GDP_	Cytoplasm	0.000000000000000	Deterministic
cyt_cong__p_ERBB2_1__NRG1_1__p_ERBB4_1__GRB2__SOS1_1__RAS__GDP_	Cytoplasm	0.000000000000000	Deterministic
cyt_cong__p_EGFR_1__NRG1_1__p_ERBB4_1__GRB2__SOS1_1__RAS__GDP_	Cytoplasm	0.000000000000000	Deterministic
cyt_cong__p_ERBB3_1__NRG1_1__p_ERBB4_1__GRB2__SOS1_1__RAS__GDP_	Cytoplasm	0.000000000000000	Deterministic
cyt_cong__NRG1_1__p_ERBB4_1__p_ERBB4_1__GRB2__SOS1_1__RAS__GDP_	Cytoplasm	0.000000000000000	Deterministic
cyt_cong__NRG1_1__p_ERBB4_1__NRG1_1__p_ERBB4_1__GRB2__SOS1_1__RAS__GDP_	Cytoplasm	0.000000000000000	Deterministic
cyt_cong__HGF_1__p_MET_1__p_MET_1__GRB2__SOS1_1__RAS__GDP_	Cytoplasm	0.000000000000000	Deterministic
cyt_cong__HGF_1__p_MET_1__HGF_1__p_MET_1__GRB2__SOS1_1__RAS__GDP_	Cytoplasm	0.000000000000000	Deterministic
cyt_cong__PDGFB_1__PGFRB__PDGFB_1__PGFRB__GRB2__SOS1_1__RAS__GDP_	Cytoplasm	0.000000000000000	Deterministic
cyt_cong__PDGFB_1__PGFRB__PGFRB__GRB2__SOS1_1__RAS__GDP_	Cytoplasm	0.000000000000000	Deterministic
cyt_cong__FGF__FGFR__FGF__FGFR__GRB2__SOS1_1__RAS__GDP_	Cytoplasm	0.000000000000000	Deterministic
cyt_cong__FGF__FGFR__FGFR__GRB2__SOS1_1__RAS__GDP_	Cytoplasm	0.000000000000000	Deterministic
cyt_cong__IGF__p_IGF1R_1__p_IGF1R_1__IRS__GRB2__SOS1_1__RAS__GDP_	Cytoplasm	0.000000000000000	Deterministic
cyt_cong__INS_1__p_INSR_1__p_INSR_1__IRS__GRB2__SOS1_1__RAS__GDP_	Cytoplasm	0.000000000000000	Deterministic
cyt_cong__IGF__p_IGF1R_1__p_IGF1R_1__IGF__IRS__GRB2__SOS1_1__RAS__GDP_	Cytoplasm	0.000000000000000	Deterministic
cyt_cong__INS_1__p_INSR_1__p_INSR_1__INS_1__IRS__GRB2__SOS1_1__RAS__GDP_	Cytoplasm	0.000000000000000	Deterministic
cyt_cong__EGF_1__p_EGFR_1__p_ERBB2_1__PLCG__PIP2_	Cytoplasm	0.000000000000000	Deterministic
cyt_cong__EGF_1__p_EGFR_1__p_EGFR_1__PLCG__PIP2_	Cytoplasm	0.000000000000000	Deterministic
cyt_cong__EGF_1__p_EGFR_1__EGF_1__p_EGFR_1__PLCG__PIP2_	Cytoplasm	0.000000000000000	Deterministic
cyt_cong__EGF_1__p_EGFR_1__p_ERBB3_1__PLCG__PIP2_	Cytoplasm	0.000000000000000	Deterministic
cyt_cong__EGF_1__p_EGFR_1__NRG1_1__p_ERBB3_1__PLCG__PIP2_	Cytoplasm	0.000000000000000	Deterministic
cyt_cong__EGF_1__p_EGFR_1__p_ERBB4_1__PLCG__PIP2_	Cytoplasm	0.000000000000000	Deterministic
cyt_cong__EGF_1__p_EGFR_1__NRG1_1__p_ERBB4_1__PLCG__PIP2_	Cytoplasm	0.000000000000000	Deterministic
cyt_cong__p_ERBB2_1__NRG1_1__p_ERBB3_1__PLCG__PIP2_	Cytoplasm	0.000000000000000	Deterministic
cyt_cong__p_EGFR_1__NRG1_1__p_ERBB3_1__PLCG__PIP2_	Cytoplasm	0.000000000000000	Deterministic
cyt_cong__NRG1_1__p_ERBB3_1__p_ERBB4_1__PLCG__PIP2_	Cytoplasm	0.000000000000000	Deterministic
cyt_cong__NRG1_1__p_ERBB3_1__NRG1_1__p_ERBB4_1__PLCG__PIP2_	Cytoplasm	0.000000000000000	Deterministic
cyt_cong__p_ERBB2_1__NRG1_1__p_ERBB4_1__PLCG__PIP2_	Cytoplasm	0.000000000000000	Deterministic
cyt_cong__p_EGFR_1__NRG1_1__p_ERBB4_1__PLCG__PIP2_	Cytoplasm	0.000000000000000	Deterministic
cyt_cong__p_ERBB3_1__NRG1_1__p_ERBB4_1__PLCG__PIP2_	Cytoplasm	0.000000000000000	Deterministic
cyt_cong__NRG1_1__p_ERBB4_1__p_ERBB4_1__PLCG__PIP2_	Cytoplasm	0.000000000000000	Deterministic
cyt_cong__NRG1_1__p_ERBB4_1__NRG1_1__p_ERBB4_1__PLCG__PIP2_	Cytoplasm	0.000000000000000	Deterministic
cyt_cong__HGF_1__p_MET_1__p_MET_1__PLCG__PIP2_	Cytoplasm	0.000000000000000	Deterministic
cyt_cong__HGF_1__p_MET_1__HGF_1__p_MET_1__PLCG__PIP2_	Cytoplasm	0.000000000000000	Deterministic
cyt_cong__PDGFB_1__PGFRB__PDGFB_1__PGFRB__PLCG__PIP2_	Cytoplasm	0.000000000000000	Deterministic
cyt_cong__PDGFB_1__PGFRB__PGFRB__PLCG__PIP2_	Cytoplasm	0.000000000000000	Deterministic
cyt_cong__FGF__FGFR__FGF__FGFR__PLCG__PIP2_	Cytoplasm	0.000000000000000	Deterministic
cyt_cong__FGF__FGFR__FGFR__PLCG__PIP2_	Cytoplasm	0.000000000000000	Deterministic
cyt_cong__IGF__p_IGF1R_1__p_IGF1R_1__IRS__PLCG__PIP2_	Cytoplasm	0.000000000000000	Deterministic
cyt_cong__INS_1__p_INSR_1__p_INSR_1__IRS__PLCG__PIP2_	Cytoplasm	0.000000000000000	Deterministic
cyt_cong__IGF__p_IGF1R_1__p_IGF1R_1__IGF__IRS__PLCG__PIP2_	Cytoplasm	0.000000000000000	Deterministic
cyt_cong__INS_1__p_INSR_1__p_INSR_1__INS_1__IRS__PLCG__PIP2_	Cytoplasm	0.000000000000000	Deterministic
cyt_cong__EGF_1__p_EGFR_1__p_ERBB2_1__PIK3C__PIK3R__PIP2_	Cytoplasm	0.000000000000000	Deterministic
cyt_cong__EGF_1__p_EGFR_1__p_EGFR_1__PIK3C__PIK3R__PIP2_	Cytoplasm	0.000000000000000	Deterministic
cyt_cong__EGF_1__p_EGFR_1__EGF_1__p_EGFR_1__PIK3C__PIK3R__PIP2_	Cytoplasm	0.000000000000000	Deterministic
cyt_cong__EGF_1__p_EGFR_1__p_ERBB3_1__PIK3C__PIK3R__PIP2_	Cytoplasm	0.000000000000000	Deterministic
cyt_cong__EGF_1__p_EGFR_1__NRG1_1__p_ERBB3_1__PIK3C__PIK3R__PIP2_	Cytoplasm	0.000000000000000	Deterministic
cyt_cong__EGF_1__p_EGFR_1__p_ERBB4_1__PIK3C__PIK3R__PIP2_	Cytoplasm	0.000000000000000	Deterministic
cyt_cong__EGF_1__p_EGFR_1__NRG1_1__p_ERBB4_1__PIK3C__PIK3R__PIP2_	Cytoplasm	0.000000000000000	Deterministic
cyt_cong__p_ERBB2_1__NRG1_1__p_ERBB3_1__PIK3C__PIK3R__PIP2_	Cytoplasm	0.000000000000000	Deterministic
cyt_cong__p_EGFR_1__NRG1_1__p_ERBB3_1__PIK3C__PIK3R__PIP2_	Cytoplasm	0.000000000000000	Deterministic
cyt_cong__NRG1_1__p_ERBB3_1__p_ERBB4_1__PIK3C__PIK3R__PIP2_	Cytoplasm	0.000000000000000	Deterministic
cyt_cong__NRG1_1__p_ERBB3_1__NRG1_1__p_ERBB4_1__PIK3C__PIK3R__PIP2_	Cytoplasm	0.000000000000000	Deterministic
cyt_cong__p_ERBB2_1__NRG1_1__p_ERBB4_1__PIK3C__PIK3R__PIP2_	Cytoplasm	0.000000000000000	Deterministic
cyt_cong__p_EGFR_1__NRG1_1__p_ERBB4_1__PIK3C__PIK3R__PIP2_	Cytoplasm	0.000000000000000	Deterministic
cyt_cong__p_ERBB3_1__NRG1_1__p_ERBB4_1__PIK3C__PIK3R__PIP2_	Cytoplasm	0.000000000000000	Deterministic
cyt_cong__NRG1_1__p_ERBB4_1__p_ERBB4_1__PIK3C__PIK3R__PIP2_	Cytoplasm	0.000000000000000	Deterministic
cyt_cong__NRG1_1__p_ERBB4_1__NRG1_1__p_ERBB4_1__PIK3C__PIK3R__PIP2_	Cytoplasm	0.000000000000000	Deterministic
cyt_cong__HGF_1__p_MET_1__p_MET_1__PIK3C__PIK3R__PIP2_	Cytoplasm	0.000000000000000	Deterministic
cyt_cong__HGF_1__p_MET_1__HGF_1__p_MET_1__PIK3C__PIK3R__PIP2_	Cytoplasm	0.000000000000000	Deterministic
cyt_cong__PDGFB_1__PGFRB__PDGFB_1__PGFRB__PIK3C__PIK3R__PIP2_	Cytoplasm	0.000000000000000	Deterministic
cyt_cong__PDGFB_1__PGFRB__PGFRB__PIK3C__PIK3R__PIP2_	Cytoplasm	0.000000000000000	Deterministic
cyt_cong__FGF__FGFR__FGF__FGFR__PIK3C__PIK3R__PIP2_	Cytoplasm	0.000000000000000	Deterministic
cyt_cong__FGF__FGFR__FGFR__PIK3C__PIK3R__PIP2_	Cytoplasm	0.000000000000000	Deterministic
cyt_cong__IGF__p_IGF1R_1__p_IGF1R_1__IRS__PIK3C__PIK3R__PIP2_	Cytoplasm	0.000000000000000	Deterministic
cyt_cong__INS_1__p_INSR_1__p_INSR_1__IRS__PIK3C__PIK3R__PIP2_	Cytoplasm	0.000000000000000	Deterministic
cyt_cong__IGF__p_IGF1R_1__p_IGF1R_1__IGF__IRS__PIK3C__PIK3R__PIP2_	Cytoplasm	0.000000000000000	Deterministic
cyt_cong__INS_1__p_INSR_1__p_INSR_1__INS_1__IRS__PIK3C__PIK3R__PIP2_	Cytoplasm	0.000000000000000	Deterministic
cyt_mixed__EGF_1__p_EGFR_1__p_ERBB2_1__P3C2A__PIP_	Cytoplasm	0.000000000000000	Deterministic
cyt_mixed__EGF_1__p_EGFR_1__p_EGFR_1__P3C2A__PIP_	Cytoplasm	0.000000000000000	Deterministic
cyt_mixed__EGF_1__p_EGFR_1__EGF_1__p_EGFR_1__P3C2A__PIP_	Cytoplasm	0.000000000000000	Deterministic
cyt_mixed__EGF_1__p_EGFR_1__p_ERBB3_1__P3C2A__PIP_	Cytoplasm	0.000000000000000	Deterministic
cyt_mixed__EGF_1__p_EGFR_1__NRG1_1__p_ERBB3_1__P3C2A__PIP_	Cytoplasm	0.000000000000000	Deterministic
cyt_mixed__EGF_1__p_EGFR_1__p_ERBB4_1__P3C2A__PIP_	Cytoplasm	0.000000000000000	Deterministic
cyt_mixed__EGF_1__p_EGFR_1__NRG1_1__p_ERBB4_1__P3C2A__PIP_	Cytoplasm	0.000000000000000	Deterministic
cyt_mixed__p_ERBB2_1__NRG1_1__p_ERBB3_1__P3C2A__PIP_	Cytoplasm	0.000000000000000	Deterministic
cyt_mixed__p_EGFR_1__NRG1_1__p_ERBB3_1__P3C2A__PIP_	Cytoplasm	0.000000000000000	Deterministic
cyt_mixed__NRG1_1__p_ERBB3_1__p_ERBB4_1__P3C2A__PIP_	Cytoplasm	0.000000000000000	Deterministic
cyt_mixed__NRG1_1__p_ERBB3_1__NRG1_1__p_ERBB4_1__P3C2A__PIP_	Cytoplasm	0.000000000000000	Deterministic
cyt_mixed__p_ERBB2_1__NRG1_1__p_ERBB4_1__P3C2A__PIP_	Cytoplasm	0.000000000000000	Deterministic
cyt_mixed__p_EGFR_1__NRG1_1__p_ERBB4_1__P3C2A__PIP_	Cytoplasm	0.000000000000000	Deterministic
cyt_mixed__p_ERBB3_1__NRG1_1__p_ERBB4_1__P3C2A__PIP_	Cytoplasm	0.000000000000000	Deterministic
cyt_mixed__NRG1_1__p_ERBB4_1__p_ERBB4_1__P3C2A__PIP_	Cytoplasm	0.000000000000000	Deterministic
cyt_mixed__NRG1_1__p_ERBB4_1__NRG1_1__p_ERBB4_1__P3C2A__PIP_	Cytoplasm	0.000000000000000	Deterministic
cyt_mixed__HGF_1__p_MET_1__p_MET_1__P3C2A__PIP_	Cytoplasm	0.000000000000000	Deterministic
cyt_mixed__HGF_1__p_MET_1__HGF_1__p_MET_1__P3C2A__PIP_	Cytoplasm	0.000000000000000	Deterministic
cyt_cong__PDGFB_1__PGFRB__PDGFB_1__PGFRB__P3C2A__PIP_	Cytoplasm	0.000000000000000	Deterministic
cyt_cong__PGFRB__PGFRB__PGFRB__P3C2A__PIP_	Cytoplasm	0.000000000000000	Deterministic
cyt_cong__FGF__FGFR__FGF__FGFR__P3C2A__PIP_	Cytoplasm	0.000000000000000	Deterministic
cyt_cong__FGF__FGFR__FGFR__P3C2A__PIP_	Cytoplasm	0.000000000000000	Deterministic
cyt_cong__IGF__p_IGF1R_1__p_IGF1R_1__IRS__P3C2A__PIP_	Cytoplasm	0.000000000000000	Deterministic
cyt_cong__INS_1__p_INSR_1__p_INSR_1__IRS__P3C2A__PIP_	Cytoplasm	0.000000000000000	Deterministic
cyt_cong__IGF__p_IGF1R_1__p_IGF1R_1__IGF__IRS__P3C2A__PIP_	Cytoplasm	0.000000000000000	Deterministic
cyt_cong__INS_1__p_INSR_1__p_INSR_1__INS_1__IRS__P3C2A__PIP_	Cytoplasm	0.000000000000000	Deterministic
cyt_cong__IRS_	Cytoplasm	0.935461426700000	Deterministic
cyt_prot__SPY2_1_	Cytoplasm	0.018085730610000	Deterministic
cyt_prot__CBL_1_	Cytoplasm	5.299368504000000	Deterministic
cyt_prot__GRB2_1_	Cytoplasm	60.844514870000000	Deterministic
cyt_prot__GRB2__SOS1_1_	Cytoplasm	0.281020415200000	Deterministic
nuc_prot__GRB2__p_SOS1_1_	Cytoplasm	0.277535532700000	Deterministic
cyt_cong__PLCG_	Cytoplasm	2.214052426000000	Deterministic
cyt_cong__PIK3C_	Cytoplasm	0.023695973310000	Deterministic
cyt_cong__PIK3R_	Cytoplasm	8.962088415000000	Deterministic
cyt_cong__PIK3C__PIK3R_	Cytoplasm	2.010578135000000	Deterministic
cyt_cong__p_PIK3C__PIK3R_	Cytoplasm	0.338513581100000	Deterministic
cyt_prot__P3C2A_1_	Cytoplasm	1.723235633000000	Deterministic
cyt_prot__RPTOR_1__MTOR_1_	Cytoplasm	2.742881957000000	Deterministic
cyt_prot_a__RPTOR_1__MTOR_1_	Cytoplasm	0.186098037800000	Deterministic
cyt_comp__PIP_	Cytoplasm	0.000000000000000	Deterministic
cyt_comp__PI_3_P_	Cytoplasm	0.000000000000000	Deterministic
cyt_comp__CDP_DAG_	Cytoplasm	0.000000000000000	Deterministic
cyt_cong__RASGRP_	Cytoplasm	9.676785567000000	Deterministic
cyt_cong__CDP_DAG__RASGRP_	Cytoplasm	0.000000000000000	Deterministic
cyt_cong__RAS__GTP_	Cytoplasm	2.800104908000000	Deterministic
cyt_cong__RAS__GDP_	Cytoplasm	161.277708500000000	Deterministic
cyt_prot__NF1_1_	Cytoplasm	0.781281432100000	Deterministic
cyt_prot__p_NF1_1_	Cytoplasm	0.000000000000000	Deterministic
cyt_prot__pS29_pS43_pS289_pS296_pS301_pS642_RAF1_1_	Cytoplasm	3.223639905000000	Deterministic
cyt_prot__RAF1_1_	Cytoplasm	3.263604692000000	Deterministic
cyt_cong__RAS__GTP__RAF1_1_	Cytoplasm	0.911337992300000	Deterministic
cyt_prot__BRAF_1_	Cytoplasm	0.416432159400000	Deterministic
cyt_cong__RAS__GTP__RAF1_1__BRAF_1_	Cytoplasm	0.105814521700000	Deterministic
cyt_cong__MEK_	Cytoplasm	124.769877500000000	Deterministic
cyt_prot__p_MEK_	Cytoplasm	16.334984090000000	Deterministic
cyt_prot__p_p_MEK_	Cytoplasm	21.381497350000000	Deterministic
cyt_prot__DUS6_1_	Cytoplasm	0.001983584425000	Deterministic
nuc_cong__ERK_	Nucleus	0.398746582800000	Deterministic
nuc_cong__p_p_ERK_	Nucleus	7.175143579000000	Deterministic
cyt_cong__RPS6KA_	Cytoplasm	69.651123070000000	Deterministic
cyt_cong__p_RPS6KA_	Cytoplasm	0.688643390400000	Deterministic
nuc_cong__p_RPS6KA_	Nucleus	1.747566810000000	Deterministic
nuc_prot__DUS1_	Nucleus	0.002047145730000	Deterministic
nuc_prot__p_DUS1_	Nucleus	0.015765212360000	Deterministic
nuc_prot__FOS_1_	Nucleus	2.985524393000000	Deterministic
nuc_prot__p_FOS_1_	Nucleus	0.241966192200000	Deterministic
nuc_prot__JUN_	Nucleus	2.871228268000000	Deterministic
nuc_prot__p_FOS_1__JUN_	Nucleus	0.069141204390000	Deterministic
nuc_prot__MYC_2_	Nucleus	45.439344550000000	Deterministic
nuc_prot__CTNB1_	Nucleus	35.486699800000000	Deterministic
cyt_prot__CTNB1_1_	Cytoplasm	17.756511870000000	Deterministic
cyt_prot__pS33_pS37_pT41_CTNB1_	Cytoplasm	179.791917300000000	Deterministic
cyt_comp__IP3_	Cytoplasm	0.000000000000000	Deterministic
cyt_comp__PIP2_	Cytoplasm	9998.269998000000000	Deterministic
cyt_comp__PIP3_	Cytoplasm	1.607259025000000	Deterministic
cyt_prot__PTEN_1_	Cytoplasm	2.315664435000000	Deterministic
cyt_cong__PIP3__AKT_	Cytoplasm	0.735098397300000	Deterministic
cyt_cong__AKT_	Cytoplasm	48.162563720000000	Deterministic
cyt_cong__p_AKT_	Cytoplasm	0.038926950910000	Deterministic
cyt_cong__p_p_AKT_	Cytoplasm	0.389291908400000	Deterministic
cyt_prot__PDPK1_1_	Cytoplasm	11.507249220000000	Deterministic
cyt_mixed__PIP3__PDPK1_1_	Cytoplasm	0.184938312000000	Deterministic
cyt_cong__PIP3__p_AKT_	Cytoplasm	0.063595068730000	Deterministic
cyt_prot__RICTR_1_	Cytoplasm	0.167116663200000	Deterministic
cyt_prot__MTOR_1_	Cytoplasm	1.180387947000000	Deterministic
cyt_prot__RICTR_1__MTOR_1_	Cytoplasm	1.839403639000000	Deterministic
cyt_mixed__PIP3__p_p_AKT_	Cytoplasm	0.003957820178000	Deterministic
cyt_prot__GSK3B_1_	Cytoplasm	40.765073430000000	Deterministic
cyt_prot__pS9_GSK3B_1_	Cytoplasm	1.441831283000000	Deterministic
cyt_prot__TSC1_1_	Cytoplasm	0.056395467730000	Deterministic
cyt_prot__TSC2_1_	Cytoplasm	0.348755637200000	Deterministic
cyt_prot__p_TSC2_1_	Cytoplasm	0.086801774710000	Deterministic
cyt_prot__TSC1_1__TSC2_1_	Cytoplasm	0.196577148600000	Deterministic
cyt_cong__PKC_	Cytoplasm	20.152900480000000	Deterministic
cyt_cong__CDP_DAG__PKC_	Cytoplasm	0.000000000000000	Deterministic
cyt_prot__pS153_PEBP1_1_	Cytoplasm	0.000000001470000	Deterministic
cyt_prot__PEBP1_1_	Cytoplasm	1039.045014000000000	Deterministic
cyt_prot__PEBP1_1__RAF1_1_	Cytoplasm	0.000000000000000	Deterministic
cyt_cong__ERK_	Cytoplasm	220.597074200000000	Deterministic
cyt_cong__p_ERK_	Cytoplasm	22.385435040000000	Deterministic
cyt_cong__p_p_ERK_	Cytoplasm	10.875848410000000	Deterministic
cyt_prot__FOXO3_1_	Cytoplasm	0.301138996900000	Deterministic
cyt_prot__pT32_pS253_FOXO3_1_	Cytoplasm	0.511656498900000	Deterministic
cyt_mixed__RHEB__GDP_	Cytoplasm	105.307477200000000	Deterministic
cyt_mixed__RHEB__GTP_	Cytoplasm	0.000000000000000	Deterministic
cyt_prot__RPTOR_1_	Cytoplasm	0.295670542700000	Deterministic
cyt_prot__KS6B1_1_	Cytoplasm	18.415464140000000	Deterministic
cyt_prot__pT412_KS6B1_1_	Cytoplasm	1.038285311000000	Deterministic
cyt_prot__4EBP1_1_	Cytoplasm	0.651986333400000	Deterministic
cyt_prot__pT37_pT46_4EBP1_1_	Cytoplasm	1.099698471000000	Deterministic
cyt_prot__SOS1_1_	Cytoplasm	0.000565021453600	Deterministic
cyt_cong__GRB2__SOS1_1__p_p_ERK_	Cytoplasm	0.002778458518000	Deterministic
cyt_cong__RAF1_1__p_p_ERK_	Cytoplasm	0.032267417660000	Deterministic
cyt_cong__RAS__GDP__CDP_DAG__RASGRP_	Cytoplasm	0.000000000000000	Deterministic
cyt_cong__RAS__GTP__NF1_1_	Cytoplasm	0.003646114536000	Deterministic
cyt_cong__NF1_1__p_p_ERK_	Cytoplasm	0.000000000000000	Deterministic
cyt_cong__MEK__RAS__GTP__RAF1_1__BRAF_1_	Cytoplasm	0.220040728900000	Deterministic
cyt_cong__p_MEK__RAS__GTP__RAF1_1__BRAF_1_	Cytoplasm	0.028807929280000	Deterministic
cyt_cong__ERK__p_p_MEK_	Cytoplasm	2.358343832000000	Deterministic
cyt_cong__p_ERK__p_p_MEK_	Cytoplasm	0.239316649300000	Deterministic
cyt_cong__RPS6KA__p_p_ERK_	Cytoplasm	0.688647902700000	Deterministic
nuc_cong__p_RPS6KA__DUS1_	Nucleus	0.000003250000000	Deterministic
nuc_cong__p_p_ERK__DUS1_	Nucleus	0.000013400000000	Deterministic
nuc_prot__FOS_1__p_RPS6KA_	Nucleus	0.004741987248000	Deterministic
nuc_cong__FOS_1__p_p_ERK_	Nucleus	0.019469607200000	Deterministic
cyt_cong__PEBP1_1__CDP_DAG__PKC_	Cytoplasm	0.000000000000000	Deterministic
cyt_mixed__PIP3__PTEN_1_	Cytoplasm	0.003383520066000	Deterministic
cyt_cong__PIP3__AKT__PIP3__PDPK1_1_	Cytoplasm	0.000453159310800	Deterministic
cyt_cong__PIP3__p_AKT__RICTR_1__MTOR_1_	Cytoplasm	0.000389923147900	Deterministic
cyt_cong__GSK3B_1__p_p_AKT_	Cytoplasm	0.014426753430000	Deterministic
cyt_cong__TSC2_1__p_p_AKT_	Cytoplasm	0.000678836784800	Deterministic
cyt_cong__TSC2_1__p_p_ERK_	Cytoplasm	0.001896455965000	Deterministic
cyt_mixed__RHEB__GTP__TSC1_1__TSC2_1_	Cytoplasm	0.000000000000000	Deterministic
cyt_prot_a__4EBP1_1__RPTOR_1__MTOR_1_	Cytoplasm	0.001103027667000	Deterministic
cyt_prot_a__KS6B1_1__RPTOR_1__MTOR_1_	Cytoplasm	0.003115521642000	Deterministic
cyt_cong__FOXO3_1__p_p_AKT_	Cytoplasm	0.000532865279900	Deterministic
cyt_cong_a__PIK3C__PIK3R__RPTOR_1__MTOR_1_	Cytoplasm	0.000340141802600	Deterministic
cyt_cong__p_ERK__DUS6_1_	Cytoplasm	0.000040400000000	Deterministic
cyt_cong__p_p_ERK__DUS6_1_	Cytoplasm	0.000000000000000	Deterministic
cyt_cong__p_p_ERK__p_DUS1_	Cytoplasm	0.000102762289500	Deterministic
cyt_cong__RAS__GTP__BRAF_1_	Cytoplasm	0.116146423300000	Deterministic
cyt_cong__RAS__GTP__BRAF_1__BRAF_1_	Cytoplasm	0.001348969533000	Deterministic
cyt_cong__MEK__RAS__GTP__BRAF_1__BRAF_1_	Cytoplasm	0.001530096510000	Deterministic
cyt_cong__p_MEK__RAS__GTP__BRAF_1__BRAF_1_	Cytoplasm	0.000200321605400	Deterministic
cyt_prot__IF4E_1_	Cytoplasm	235.639826200000000	Deterministic
cyt_prot__4EBP1_1__IF4E_1_	Cytoplasm	15.317024300000000	Deterministic
cyt_mixed__RAS__GTP__RAF1_1__RAF1_1_	Cytoplasm	0.083047256710000	Deterministic
cyt_cong__MEK__RAS__GTP__RAF1_1__RAF1_1_	Cytoplasm	0.518087309600000	Deterministic
cyt_cong__p_MEK__RAS__GTP__RAF1_1__RAF1_1_	Cytoplasm	0.067828454530000	Deterministic
nuc_prot__FOXO3_1_	Nucleus	9.030426687000000	Deterministic
cyt_abs__MEKinhibitor_	Cytoplasm	0.000000000000000	Deterministic
cyt_abs__MEKinhibitor__p_p_MEK_	Cytoplasm	0.000000000000000	Deterministic
cyt_abs__AKTinhibitor_	Cytoplasm	0.000000000000000	Deterministic
cyt_abs__AKTinhibitor__AKT_	Cytoplasm	0.000000000000000	Deterministic
cyt_abs__TotalmRNA_	Cytoplasm	37.689421050000000	Deterministic
cyt_abs__IF4E_1__TotalmRNA_	Cytoplasm	88.809807320000000	Deterministic
cyt_prot__INGR2_1_	Cytoplasm	0.788501572200000	Deterministic
cyt_cong__JAK_	Cytoplasm	12.909834590000000	Deterministic
cyt_cong__INGR2_1__JAK_	Cytoplasm	20.356977170000000	Deterministic
cyt_cong__IFNG_1_INGR2_1__JAK_	Cytoplasm	0.000000000000000	Deterministic
cyt_cong__IFNG_1__INGR2_1__JAK__INGR2_1__JAK_	Cytoplasm	0.000000000000000	Deterministic
cyt_cong__IFNG_1__p_INGR2_1__JAK__p_INGR2_1__JAK_	Cytoplasm	0.000000000000000	Deterministic
cyt_prot__STAT1_1_	Cytoplasm	27.333308440000000	Deterministic
cyt_cong__IFNG_1__p_INGR2_1__JAK__p_INGR2_1__JAK__STAT1_1_	Cytoplasm	0.000000000000000	Deterministic
cyt_prot__p_STAT1_1_	Cytoplasm	0.000000000000000	Deterministic
cyt_cong__IFNG_1__p_INGR2_1__JAK__p_INGR2_1__JAK__p_STAT1_1_	Cytoplasm	0.000000000000000	Deterministic
cyt_prot__p_STAT1_1__p_STAT1_1_	Cytoplasm	0.000000000000000	Deterministic
cyt_prot__PTN11_2_	Cytoplasm	56.222842610000000	Deterministic
cyt_cong__IFNG_1__p_INGR2_1__JAK__p_INGR2_1__JAK__PTN11_2_	Cytoplasm	0.000000000000000	Deterministic
cyt_prot__PTN1_1_	Cytoplasm	28.111421310000000	Deterministic
cyt_prot__p_STAT1_1__PTN1_1_	Cytoplasm	0.000000000000000	Deterministic
cyt_prot__STAT1_1__p_STAT1_1_	Cytoplasm	0.000000000000000	Deterministic
nuc_prot__p_STAT1_1__p_STAT1_1_	Nucleus	0.000000000000000	Deterministic
nuc_prot__p_STAT1_1_	Nucleus	0.000000000000000	Deterministic
nuc_prot__PTN2_1_	Nucleus	28.111421310000000	Deterministic
nuc_prot__p_STAT1_1__PTN2_1_	Nucleus	0.000000000000000	Deterministic
nuc_prot__STAT1_1_	Nucleus	0.000000000000000	Deterministic
nuc_prot__STAT1_1__p_STAT1_1_	Nucleus	0.000000000000000	Deterministic
cyt_prot__SOCS1_1_	Cytoplasm	0.000000000000000	Deterministic
cyt_cong__IFNG_1__p_INGR2_1__JAK__p_INGR2_1__JAK__SOCS1_1_	Cytoplasm	0.000000000000000	Deterministic
cyt_cong__IFNG_1__p_INGR2_1__JAK__p_INGR2_1__JAK__PTN11_2__SOCS1_1__STAT1_1_	Cytoplasm	0.000000000000000	Deterministic
cyt_prot__p_STAT1_1__p_STAT1_1__PTN1_1_	Cytoplasm	0.000000000000000	Deterministic
nuc_prot__p_STAT1_1__p_STAT1_1__PTN2_1_	Nucleus	0.000000000000000	Deterministic
cyt_cong__IFNG_1__p_INGR2_1__JAK__p_INGR2_1__JAK__SOCS1_1__STAT1_1_	Cytoplasm	0.000000000000000	Deterministic
exc_prot__IFNG_1_	Extracellular	0.000000000000000	Deterministic
cyt_cong__IFNG_1__p_INGR2_1__JAK__p_INGR2_1__JAK__PTN11_2__STAT1_1_	Cytoplasm	0.000000000000000	Deterministic
cyt_cong__IFNG_1__p_INGR2_1__JAK__p_INGR2_1__JAK__PTN11_2__SOCS1_1_	Cytoplasm	0.000000000000000	Deterministic
cyt_prot__IFNG_1__INGR2_1_	Cytoplasm	0.000000000000000	Deterministic
cyt_mrna__TP53_201_	Cytoplasm	0.002529984000000	Stochastic
cyt_mrna__MDM2_202_	Cytoplasm	0.015812400000000	Stochastic
cyt_mrna__PPM1D_201_	Cytoplasm	0.000632496100000	Stochastic
cyt_mrna__ATM_229_	Cytoplasm	0.000948744100000	Stochastic
cyt_mrna__ATR_201_	Cytoplasm	0.000632496100000	Stochastic
cyt_mrna__RB1_201_	Cytoplasm	0.005376217000000	Deterministic
cyt_mrna__E2F1_201_	Cytoplasm	0.005376217000000	Deterministic
cyt_mrna__E2F2_204_	Cytoplasm	0.005376217000000	Deterministic
cyt_mrna__E2F3_201_	Cytoplasm	0.005376217000000	Deterministic
cyt_mrna__CCND1_201_	Cytoplasm	0.001897488000000	Stochastic
cyt_mrna__CCND2_201_	Cytoplasm	0.000316248000000	Stochastic
cyt_mrna__CCND3_203_	Cytoplasm	0.000632496100000	Stochastic
cyt_mrna__CCNE1_201_	Cytoplasm	0.005376217000000	Deterministic
cyt_mrna__CCNE2_201_	Cytoplasm	0.005376217000000	Deterministic
cyt_mrna__SKP2_202_	Cytoplasm	0.005376217000000	Deterministic
cyt_mrna__CDC25A_201_	Cytoplasm	0.005376217000000	Deterministic
cyt_mrna__CDC25B_201_	Cytoplasm	0.005376217000000	Deterministic
cyt_mrna__CDC25C_201_	Cytoplasm	0.005376217000000	Deterministic
cyt_mrna__CCNA2_201_	Cytoplasm	0.005376217000000	Deterministic
cyt_mrna__CDKN1B_201_	Cytoplasm	0.005376217000000	Deterministic
cyt_mrna__FZR1_203_	Cytoplasm	0.005376217000000	Deterministic
cyt_mrna__CCNB1_201_	Cytoplasm	0.005376217000000	Deterministic
cyt_mrna__CDC20_201_	Cytoplasm	0.005376217000000	Deterministic
cyt_mrna__WEE1_202_	Cytoplasm	0.005376217000000	Deterministic
cyt_mrna__CHEK1_204_	Cytoplasm	0.005376217000000	Deterministic
cyt_mrna__CDKN1A_201_	Cytoplasm	0.003794976000000	Deterministic
cyt_mrna__CDK1_203_	Cytoplasm	0.013914910000000	Deterministic
cyt_mrna__CDK2_201_	Cytoplasm	0.000632496100000	Deterministic
cyt_mrna__CDK4_201_	Cytoplasm	0.003478728000000	Deterministic
cyt_mrna__CDK6_202_	Cytoplasm	0.002213736000000	Deterministic
cyt_mrna__TNFSF10_201_	Cytoplasm	0.000000000000000	Stochastic
cyt_mrna__TNFRSF10A_201_	Cytoplasm	0.000316248000000	Stochastic
cyt_mrna__TNFRSF10B_201_	Cytoplasm	0.004111224000000	Stochastic
cyt_mrna__CFLAR_201_	Cytoplasm	0.003162480000000	Stochastic
cyt_mrna__CASP8_218_	Cytoplasm	0.002529984000000	Stochastic
cyt_mrna__CASP10_202_	Cytoplasm	0.001581240000000	Stochastic
cyt_mrna__BFAR_222_	Cytoplasm	0.011384930000000	Stochastic
cyt_mrna__CASP3_201_	Cytoplasm	0.004111224000000	Stochastic
cyt_mrna__CASP7_203_	Cytoplasm	0.007273705000000	Stochastic
cyt_mrna__CASP6_201_	Cytoplasm	0.008538697000000	Stochastic
cyt_mrna__XIAP_202_	Cytoplasm	0.001581240000000	Stochastic
cyt_mrna__PARP1_203_	Cytoplasm	0.006641209000000	Stochastic
cyt_mrna__BID_211_	Cytoplasm	0.004743720000000	Stochastic
cyt_mrna__BCL2_201_	Cytoplasm	0.000000000000000	Stochastic
cyt_mrna__BCL2L1_201_	Cytoplasm	0.000948744100000	Stochastic
cyt_mrna__MCL1_202_	Cytoplasm	0.006641209000000	Stochastic
cyt_mrna__BAX_202_	Cytoplasm	0.000948744100000	Stochastic
cyt_mrna__CYC1_201_	Cytoplasm	0.029094820000000	Stochastic
cyt_mrna__DIABLO_206_	Cytoplasm	0.002846232000000	Stochastic
cyt_mrna__APAF1_210_	Cytoplasm	0.000632496100000	Stochastic
cyt_mrna__CASP9_201_	Cytoplasm	0.000632496100000	Stochastic
cyt_mrna__BAD_201_	Cytoplasm	0.004111224000000	Stochastic
cyt_mrna__BBC3_203_	Cytoplasm	0.000316248000000	Stochastic
cyt_mrna__PMAIP1_202_	Cytoplasm	0.001264992000000	Stochastic
cyt_mrna__BCL2L11_204_	Cytoplasm	0.000948744100000	Stochastic
cyt_mrna__EGF_201_	Cytoplasm	0.000000000000000	Stochastic
cyt_mrna__NRG1_203_	Cytoplasm	0.000000000000000	Stochastic
cyt_mrna__EGFR_201_	Cytoplasm	0.002529984000000	Stochastic
cyt_mrna__ERBB2_201_	Cytoplasm	0.001264992000000	Stochastic
cyt_mrna__ERBB3_201_	Cytoplasm	0.005376217000000	Stochastic
cyt_mrna__ERBB4_202_	Cytoplasm	0.000000000000000	Stochastic
cyt_mrna__MET_202_	Cytoplasm	0.005692465000000	Stochastic
cyt_mrna__HGF_201_	Cytoplasm	0.000000000000000	Stochastic
cyt_mrna__PDGFRA_201_	Cytoplasm	0.000316248000000	Stochastic
cyt_mrna__PDGFRB_201_	Cytoplasm	0.000316248000000	Stochastic
cyt_mrna__PDGFB_201_	Cytoplasm	0.000000000000000	Stochastic
cyt_mrna__SPRY2_202_	Cytoplasm	0.000632496100000	Stochastic
cyt_mrna__CBL_201_	Cytoplasm	0.000948744100000	Stochastic
cyt_mrna__GRB2_202_	Cytoplasm	0.001581240000000	Stochastic
cyt_mrna__PLCG1_223_	Cytoplasm	0.000316248000000	Stochastic
cyt_mrna__PLCG2_208_	Cytoplasm	0.000316248000000	Stochastic
cyt_mrna__PIK3CA_201_	Cytoplasm	0.000632496100000	Stochastic
cyt_mrna__PTPN2_201_	Cytoplasm	0.000632496100000	Stochastic
cyt_mrna__PIK3CG_205_	Cytoplasm	0.000000000000000	Stochastic
cyt_mrna__PIK3CD_202_	Cytoplasm	0.000000000000000	Stochastic
cyt_mrna__PIK3R1_211_	Cytoplasm	0.000632496100000	Stochastic
cyt_mrna__PIK3R2_201_	Cytoplasm	0.000316248000000	Stochastic
cyt_mrna__PIK3R3_201_	Cytoplasm	0.002846232000000	Stochastic
cyt_mrna__PIK3R4_201_	Cytoplasm	0.000316248000000	Stochastic
cyt_mrna__PIK3C2A_206_	Cytoplasm	0.001581240000000	Stochastic
cyt_mrna__RASGRP1_201_	Cytoplasm	0.000000000000000	Stochastic
cyt_mrna__RASGRP3_202_	Cytoplasm	0.000316248000000	Stochastic
cyt_mrna__NRAS_201_	Cytoplasm	0.004427472000000	Stochastic
cyt_mrna__KRAS_202_	Cytoplasm	0.002529984000000	Stochastic
cyt_mrna__HRAS_221_	Cytoplasm	0.000948744100000	Stochastic
cyt_mrna__NF1_202_	Cytoplasm	0.001264992000000	Stochastic
cyt_mrna__RAF1_201_	Cytoplasm	0.001897488000000	Stochastic
cyt_mrna__BRAF_220_	Cytoplasm	0.000316248000000	Stochastic
cyt_mrna__MAP2K1_201_	Cytoplasm	0.000632496100000	Stochastic
cyt_mrna__MAP2K2_201_	Cytoplasm	0.000948744100000	Stochastic
cyt_mrna__DUSP6_201_	Cytoplasm	0.000316248000000	Stochastic
cyt_mrna__RPS6KA1_236_	Cytoplasm	0.000316248000000	Stochastic
cyt_mrna__RPS6KA2_201_	Cytoplasm	0.000632496100000	Stochastic
cyt_mrna__RPS6KA3_201_	Cytoplasm	0.001264992000000	Stochastic
cyt_mrna__RPS6KA4_201_	Cytoplasm	0.000316248000000	Stochastic
cyt_mrna__DUSP1_201_	Cytoplasm	0.000948744100000	Stochastic
cyt_mrna__FOS_201_	Cytoplasm	0.000948744100000	Stochastic
cyt_mrna__JUN_201_	Cytoplasm	0.002213736000000	Stochastic
cyt_mrna__MYC_206_	Cytoplasm	0.000632496100000	Stochastic
cyt_mrna__CTNNB1_201_	Cytoplasm	0.010436190000000	Stochastic
cyt_mrna__PTEN_227_	Cytoplasm	0.007273705000000	Stochastic
cyt_mrna__AKT1_218_	Cytoplasm	0.000316248000000	Stochastic
cyt_mrna__AKT2_206_	Cytoplasm	0.000948744100000	Stochastic
cyt_mrna__PDPK1_202_	Cytoplasm	0.000948744100000	Stochastic
cyt_mrna__RICTOR_202_	Cytoplasm	0.001264992000000	Stochastic
cyt_mrna__MTOR_201_	Cytoplasm	0.000316248000000	Stochastic
cyt_mrna__GSK3B_201_	Cytoplasm	0.000948744100000	Stochastic
cyt_mrna__TSC1_201_	Cytoplasm	0.001264992000000	Stochastic
cyt_mrna__TSC2_201_	Cytoplasm	0.000316248000000	Stochastic
cyt_mrna__PRKCA_202_	Cytoplasm	0.000632496100000	Stochastic
cyt_mrna__PRKCB_210_	Cytoplasm	0.000316248000000	Stochastic
cyt_mrna__PRKCG_201_	Cytoplasm	0.000000000000000	Stochastic
cyt_mrna__PRKCD_201_	Cytoplasm	0.000948744100000	Stochastic
cyt_mrna__PEBP1_201_	Cytoplasm	0.011701180000000	Stochastic
cyt_mrna__MAPK1_201_	Cytoplasm	0.001897488000000	Stochastic
cyt_mrna__MAPK3_201_	Cytoplasm	0.000632496100000	Stochastic
cyt_mrna__FOXO3_202_	Cytoplasm	0.001264992000000	Stochastic
cyt_mrna__RHEB_201_	Cytoplasm	0.009803689000000	Stochastic
cyt_mrna__RPTOR_201_	Cytoplasm	0.000316248000000	Stochastic
cyt_mrna__RPS6KB1_201_	Cytoplasm	0.000948744100000	Stochastic
cyt_mrna__RPS6KB2_201_	Cytoplasm	0.000632496100000	Stochastic
cyt_mrna__EIF4EBP1_201_	Cytoplasm	0.012017430000000	Stochastic
cyt_mrna__SOS1_202_	Cytoplasm	0.000948744100000	Stochastic
cyt_mrna__CDKN2A_201_	Cytoplasm	0.000000000000000	Stochastic
cyt_mrna__MDM4_203_	Cytoplasm	0.002213736000000	Stochastic
cyt_mrna__FGFR1_214_	Cytoplasm	0.000316248000000	Stochastic
cyt_mrna__FGFR2_206_	Cytoplasm	0.000632496100000	Stochastic
cyt_mrna__FGF1_201_	Cytoplasm	0.000000000000000	Stochastic
cyt_mrna__FGF2_203_	Cytoplasm	0.000000000000000	Stochastic
cyt_mrna__EIF4E_203_	Cytoplasm	0.012017430000000	Stochastic
cyt_mrna__IRS1_201_	Cytoplasm	0.000948744100000	Stochastic
cyt_mrna__IRS2_201_	Cytoplasm	0.000632496100000	Stochastic
cyt_mrna__IGF1_202_	Cytoplasm	0.000000000000000	Stochastic
cyt_mrna__IGF2_205_	Cytoplasm	0.000000000000000	Stochastic
cyt_mrna__IGF1R_217_	Cytoplasm	0.000948744100000	Stochastic
cyt_mrna__MSH6_201_	Cytoplasm	0.001581240000000	Stochastic
cyt_mrna__BRCA2_201_	Cytoplasm	0.000632496100000	Stochastic
cyt_mrna__MGMT_205_	Cytoplasm	0.001581240000000	Stochastic
cyt_mrna__INSR_201_	Cytoplasm	0.001897488000000	Stochastic
cyt_mrna__INS_202_	Cytoplasm	0.000000000000000	Stochastic
cyt_mrna__IFNG_201_	Cytoplasm	0.000000000000000	Stochastic
cyt_mrna__IFNGR2_201_	Cytoplasm	0.001944966000000	Stochastic
cyt_mrna__JAK1_201_	Cytoplasm	0.003059889000000	Stochastic
cyt_mrna__STAT1_201_	Cytoplasm	0.002514124000000	Stochastic
cyt_mrna__PTPN11_201_	Cytoplasm	0.005171390000000	Stochastic
cyt_mrna__PIK3CB_212_	Cytoplasm	0.002585695000000	Stochastic
cyt_mrna__PTPN1_201_	Cytoplasm	0.002585695000000	Stochastic
cyt_mrna__SOCS1_201_	Cytoplasm	0.000000000000000	Stochastic
nuc_gene_a__TP53_	Nucleus	0.001897488200000	Stochastic
nuc_gene_a__MDM2_	Nucleus	0.001897488200000	Stochastic
nuc_gene_a__PPM1D_	Nucleus	0.001897488200000	Stochastic
nuc_gene_a__ATM_	Nucleus	0.001897488200000	Stochastic
nuc_gene_a__ATR_	Nucleus	0.001897488200000	Stochastic
nuc_gene_a__RB1_	Nucleus	0.001897488200000	Deterministic
nuc_gene_a__E2F1_	Nucleus	0.001897488200000	Deterministic
nuc_gene_a__E2F2_	Nucleus	0.001897488200000	Deterministic
nuc_gene_a__E2F3_	Nucleus	0.001897488200000	Deterministic
nuc_gene_a__CCND1_	Nucleus	0.001897488200000	Stochastic
nuc_gene_a__CCND2_	Nucleus	0.001897488200000	Stochastic
nuc_gene_a__CCND3_	Nucleus	0.001897488200000	Stochastic
nuc_gene_a__CCNE1_	Nucleus	0.001897488200000	Deterministic
nuc_gene_a__CCNE2_	Nucleus	0.001897488200000	Deterministic
nuc_gene_a__SKP2_	Nucleus	0.001897488200000	Deterministic
nuc_gene_a__CDC25A_	Nucleus	0.001897488200000	Deterministic
nuc_gene_a__CDC25B_	Nucleus	0.001897488200000	Deterministic
nuc_gene_a__CDC25C_	Nucleus	0.002846232300000	Deterministic
nuc_gene_a__CCNA2_	Nucleus	0.001897488200000	Deterministic
nuc_gene_a__CDKN1B_	Nucleus	0.001897488200000	Deterministic
nuc_gene_a__FZR1_	Nucleus	0.001897488200000	Deterministic
nuc_gene_a__CCNB1_	Nucleus	0.001897488200000	Deterministic
nuc_gene_a__CDC20_	Nucleus	0.001897488200000	Deterministic
nuc_gene_a__WEE1_	Nucleus	0.001897488200000	Deterministic
nuc_gene_a__CHEK1_	Nucleus	0.001897488200000	Deterministic
nuc_gene_a__CDKN1A_	Nucleus	0.001897488200000	Deterministic
nuc_gene_a__CDK1_	Nucleus	0.001897488200000	Deterministic
nuc_gene_a__CDK2_	Nucleus	0.001897488200000	Deterministic
nuc_gene_a__CDK4_	Nucleus	0.001897488200000	Deterministic
nuc_gene_a__CDK6_	Nucleus	0.001897488200000	Deterministic
nuc_gene_a__TNFSF10_	Nucleus	0.001897488200000	Stochastic
nuc_gene_a__TNFRSF10A_	Nucleus	0.001897488200000	Stochastic
nuc_gene_a__TNFRSF10B_	Nucleus	0.001897488200000	Stochastic
nuc_gene_a__CFLAR_	Nucleus	0.001897488200000	Stochastic
nuc_gene_a__CASP8_	Nucleus	0.001897488200000	Stochastic
nuc_gene_a__CASP10_	Nucleus	0.001897488200000	Stochastic
nuc_gene_a__BFAR_	Nucleus	0.001897488200000	Stochastic
nuc_gene_a__CASP3_	Nucleus	0.001897488200000	Stochastic
nuc_gene_a__CASP7_	Nucleus	0.001897488200000	Stochastic
nuc_gene_a__CASP6_	Nucleus	0.001897488200000	Stochastic
nuc_gene_a__XIAP_	Nucleus	0.001897488200000	Stochastic
nuc_gene_a__PARP1_	Nucleus	0.003794976400000	Stochastic
nuc_gene_a__BID_	Nucleus	0.001897488200000	Stochastic
nuc_gene_a__BCL2_	Nucleus	0.001897488200000	Stochastic
nuc_gene_a__BCL2L1_	Nucleus	0.001897488200000	Stochastic
nuc_gene_a__MCL1_	Nucleus	0.002846232300000	Stochastic
nuc_gene_a__BAX_	Nucleus	0.001897488200000	Stochastic
nuc_gene_a__CYC1_	Nucleus	0.001897488200000	Stochastic
nuc_gene_a__DIABLO_	Nucleus	0.001897488200000	Stochastic
nuc_gene_a__APAF1_	Nucleus	0.001897488200000	Stochastic
nuc_gene_a__CASP9_	Nucleus	0.001897488200000	Stochastic
nuc_gene_a__BAD_	Nucleus	0.001897488200000	Stochastic
nuc_gene_a__BBC3_	Nucleus	0.001897488200000	Stochastic
nuc_gene_a__PMAIP1_	Nucleus	0.001897488200000	Stochastic
nuc_gene_a__BCL2L11_	Nucleus	0.001897488200000	Stochastic
nuc_gene_a__EGF_	Nucleus	0.001897488200000	Stochastic
nuc_gene_a__NRG1_	Nucleus	0.001897488200000	Stochastic
nuc_gene_a__EGFR_	Nucleus	0.001897488200000	Stochastic
nuc_gene_a__ERBB2_	Nucleus	0.001897488200000	Stochastic
nuc_gene_a__ERBB3_	Nucleus	0.001897488200000	Stochastic
nuc_gene_a__ERBB4_	Nucleus	0.001897488200000	Stochastic
nuc_gene_a__MET_	Nucleus	0.001897488200000	Stochastic
nuc_gene_a__HGF_	Nucleus	0.001897488200000	Stochastic
nuc_gene_a__PDGFRA_	Nucleus	0.001897488200000	Stochastic
nuc_gene_a__PDGFRB_	Nucleus	0.002846232300000	Stochastic
nuc_gene_a__PDGFB_	Nucleus	0.001897488200000	Stochastic
nuc_gene_a__SPRY2_	Nucleus	0.001897488200000	Stochastic
nuc_gene_a__CBL_	Nucleus	0.001897488200000	Stochastic
nuc_gene_a__GRB2_	Nucleus	0.001897488200000	Stochastic
nuc_gene_a__PLCG1_	Nucleus	0.001897488200000	Stochastic
nuc_gene_a__PLCG2_	Nucleus	0.001897488200000	Stochastic
nuc_gene_a__PIK3CA_	Nucleus	0.001897488200000	Stochastic
nuc_gene_a__PIK3CB_	Nucleus	0.001897488200000	Stochastic
nuc_gene_a__PIK3CG_	Nucleus	0.001897488200000	Stochastic
nuc_gene_a__PIK3CD_	Nucleus	0.001897488200000	Stochastic
nuc_gene_a__PIK3R1_	Nucleus	0.001897488200000	Stochastic
nuc_gene_a__PIK3R2_	Nucleus	0.001897488200000	Stochastic
nuc_gene_a__PIK3R3_	Nucleus	0.001897488200000	Stochastic
nuc_gene_a__PIK3R4_	Nucleus	0.001897488200000	Stochastic
nuc_gene_a__PIK3C2A_	Nucleus	0.001897488200000	Stochastic
nuc_gene_a__RASGRP1_	Nucleus	0.001897488200000	Stochastic
nuc_gene_a__RASGRP3_	Nucleus	0.001897488200000	Stochastic
nuc_gene_a__NRAS_	Nucleus	0.001897488200000	Stochastic
nuc_gene_a__KRAS_	Nucleus	0.001897488200000	Stochastic
nuc_gene_a__HRAS_	Nucleus	0.001897488200000	Stochastic
nuc_gene_a__NF1_	Nucleus	0.001897488200000	Stochastic
nuc_gene_a__RAF1_	Nucleus	0.001897488200000	Stochastic
nuc_gene_a__BRAF_	Nucleus	0.001897488200000	Stochastic
nuc_gene_a__MAP2K1_	Nucleus	0.001897488200000	Stochastic
nuc_gene_a__MAP2K2_	Nucleus	0.001897488200000	Stochastic
nuc_gene_a__DUSP6_	Nucleus	0.001897488200000	Stochastic
nuc_gene_a__RPS6KA1_	Nucleus	0.001897488200000	Stochastic
nuc_gene_a__RPS6KA2_	Nucleus	0.001897488200000	Stochastic
nuc_gene_a__RPS6KA3_	Nucleus	0.001897488200000	Stochastic
nuc_gene_a__RPS6KA4_	Nucleus	0.001897488200000	Stochastic
nuc_gene_a__DUSP1_	Nucleus	0.002846232300000	Stochastic
nuc_gene_a__FOS_	Nucleus	0.001897488200000	Stochastic
nuc_gene_a__JUN_	Nucleus	0.001897488200000	Stochastic
nuc_gene_a__MYC_	Nucleus	0.002846232300000	Stochastic
nuc_gene_a__CTNNB1_	Nucleus	0.001897488200000	Stochastic
nuc_gene_a__PTEN_	Nucleus	0.001897488200000	Stochastic
nuc_gene_a__AKT1_	Nucleus	0.001897488200000	Stochastic
nuc_gene_a__AKT2_	Nucleus	0.001897488200000	Stochastic
nuc_gene_a__PDPK1_	Nucleus	0.001897488200000	Stochastic
nuc_gene_a__RICTOR_	Nucleus	0.001897488200000	Stochastic
nuc_gene_a__MTOR_	Nucleus	0.001897488200000	Stochastic
nuc_gene_a__GSK3B_	Nucleus	0.001897488200000	Stochastic
nuc_gene_a__TSC1_	Nucleus	0.001897488200000	Stochastic
nuc_gene_a__TSC2_	Nucleus	0.001897488200000	Stochastic
nuc_gene_a__PRKCA_	Nucleus	0.001897488200000	Stochastic
nuc_gene_a__PRKCB_	Nucleus	0.001897488200000	Stochastic
nuc_gene_a__PRKCG_	Nucleus	0.001897488200000	Stochastic
nuc_gene_a__PRKCD_	Nucleus	0.001897488200000	Stochastic
nuc_gene_a__PEBP1_	Nucleus	0.001897488200000	Stochastic
nuc_gene_a__MAPK1_	Nucleus	0.001897488200000	Stochastic
nuc_gene_a__MAPK3_	Nucleus	0.001897488200000	Stochastic
nuc_gene_a__FOXO3_	Nucleus	0.001897488200000	Stochastic
nuc_gene_a__RHEB_	Nucleus	0.001897488200000	Stochastic
nuc_gene_a__RPTOR_	Nucleus	0.001897488200000	Stochastic
nuc_gene_a__RPS6KB1_	Nucleus	0.001897488200000	Stochastic
nuc_gene_a__RPS6KB2_	Nucleus	0.001897488200000	Stochastic
nuc_gene_a__EIF4EBP1_	Nucleus	0.001897488200000	Stochastic
nuc_gene_a__SOS1_	Nucleus	0.001897488200000	Stochastic
nuc_gene_a__CDKN2A_	Nucleus	0.000000000000000	Stochastic
nuc_gene_a__MDM4_	Nucleus	0.003794976400000	Stochastic
nuc_gene_a__FGFR1_	Nucleus	0.001897488200000	Stochastic
nuc_gene_a__FGFR2_	Nucleus	0.001897488200000	Stochastic
nuc_gene_a__FGF1_	Nucleus	0.002846232300000	Stochastic
nuc_gene_a__FGF2_	Nucleus	0.001897488200000	Stochastic
nuc_gene_a__EIF4E_	Nucleus	0.001897488200000	Stochastic
nuc_gene_a__IRS1_	Nucleus	0.001897488200000	Stochastic
nuc_gene_a__IRS2_	Nucleus	0.001897488200000	Stochastic
nuc_gene_a__IGF1_	Nucleus	0.001897488200000	Stochastic
nuc_gene_a__IGF2_	Nucleus	0.001897488200000	Stochastic
nuc_gene_a__IGF1R_	Nucleus	0.001897488200000	Stochastic
nuc_gene_a__MSH6_	Nucleus	0.001897488200000	Stochastic
nuc_gene_a__BRCA2_	Nucleus	0.001897488200000	Stochastic
nuc_gene_a__MGMT_	Nucleus	0.001897488200000	Stochastic
nuc_gene_a__INSR_	Nucleus	0.001897488200000	Stochastic
nuc_gene_a__INS_	Nucleus	0.001897488200000	Stochastic
nuc_gene_a__IFNG_	Nucleus	0.001897488200000	Stochastic
nuc_gene_a__IFNGR2_	Nucleus	0.001897488200000	Stochastic
nuc_gene_a__JAK1_	Nucleus	0.001897488200000	Stochastic
nuc_gene_a__STAT1_	Nucleus	0.001897488200000	Stochastic
nuc_gene_a__PTPN11_	Nucleus	0.001897488200000	Stochastic
nuc_gene_a__PTPN2_	Nucleus	0.001897488200000	Stochastic
nuc_gene_a__PTPN1_	Nucleus	0.001897488200000	Stochastic
nuc_gene_a__SOCS1_	Nucleus	0.001897488200000	Stochastic
nuc_gene_i__TP53_	Nucleus	0.000000000000000	Stochastic
nuc_gene_i__MDM2_	Nucleus	0.000000000000000	Stochastic
nuc_gene_i__PPM1D_	Nucleus	0.000000000000000	Stochastic
nuc_gene_i__ATM_	Nucleus	0.000000000000000	Stochastic
nuc_gene_i__ATR_	Nucleus	0.000000000000000	Stochastic
nuc_gene_i__RB1_	Nucleus	0.000000000000000	Deterministic
nuc_gene_i__E2F1_	Nucleus	0.000000000000000	Deterministic
nuc_gene_i__E2F2_	Nucleus	0.000000000000000	Deterministic
nuc_gene_i__E2F3_	Nucleus	0.000000000000000	Deterministic
nuc_gene_i__CCND1_	Nucleus	0.000000000000000	Stochastic
nuc_gene_i__CCND2_	Nucleus	0.000000000000000	Stochastic
nuc_gene_i__CCND3_	Nucleus	0.000000000000000	Stochastic
nuc_gene_i__CCNE1_	Nucleus	0.000000000000000	Deterministic
nuc_gene_i__CCNE2_	Nucleus	0.000000000000000	Deterministic
nuc_gene_i__SKP2_	Nucleus	0.000000000000000	Deterministic
nuc_gene_i__CDC25A_	Nucleus	0.000000000000000	Deterministic
nuc_gene_i__CDC25B_	Nucleus	0.000000000000000	Deterministic
nuc_gene_i__CDC25C_	Nucleus	0.000000000000000	Deterministic
nuc_gene_i__CCNA2_	Nucleus	0.000000000000000	Deterministic
nuc_gene_i__CDKN1B_	Nucleus	0.000000000000000	Deterministic
nuc_gene_i__FZR1_	Nucleus	0.000000000000000	Deterministic
nuc_gene_i__CCNB1_	Nucleus	0.000000000000000	Deterministic
nuc_gene_i__CDC20_	Nucleus	0.000000000000000	Deterministic
nuc_gene_i__WEE1_	Nucleus	0.000000000000000	Deterministic
nuc_gene_i__CHEK1_	Nucleus	0.000000000000000	Deterministic
nuc_gene_i__CDKN1A_	Nucleus	0.000000000000000	Deterministic
nuc_gene_i__CDK1_	Nucleus	0.000000000000000	Deterministic
nuc_gene_i__CDK2_	Nucleus	0.000000000000000	Deterministic
nuc_gene_i__CDK4_	Nucleus	0.000000000000000	Deterministic
nuc_gene_i__CDK6_	Nucleus	0.000000000000000	Deterministic
nuc_gene_i__TNFSF10_	Nucleus	0.000000000000000	Stochastic
nuc_gene_i__TNFRSF10A_	Nucleus	0.000000000000000	Stochastic
nuc_gene_i__TNFRSF10B_	Nucleus	0.000000000000000	Stochastic
nuc_gene_i__CFLAR_	Nucleus	0.000000000000000	Stochastic
nuc_gene_i__CASP8_	Nucleus	0.000000000000000	Stochastic
nuc_gene_i__CASP10_	Nucleus	0.000000000000000	Stochastic
nuc_gene_i__BFAR_	Nucleus	0.000000000000000	Stochastic
nuc_gene_i__CASP3_	Nucleus	0.000000000000000	Stochastic
nuc_gene_i__CASP7_	Nucleus	0.000000000000000	Stochastic
nuc_gene_i__CASP6_	Nucleus	0.000000000000000	Stochastic
nuc_gene_i__XIAP_	Nucleus	0.000000000000000	Stochastic
nuc_gene_i__PARP1_	Nucleus	0.000000000000000	Stochastic
nuc_gene_i__BID_	Nucleus	0.000000000000000	Stochastic
nuc_gene_i__BCL2_	Nucleus	0.000000000000000	Stochastic
nuc_gene_i__BCL2L1_	Nucleus	0.000000000000000	Stochastic
nuc_gene_i__MCL1_	Nucleus	0.000000000000000	Stochastic
nuc_gene_i__BAX_	Nucleus	0.000000000000000	Stochastic
nuc_gene_i__CYC1_	Nucleus	0.000000000000000	Stochastic
nuc_gene_i__DIABLO_	Nucleus	0.000000000000000	Stochastic
nuc_gene_i__APAF1_	Nucleus	0.000000000000000	Stochastic
nuc_gene_i__CASP9_	Nucleus	0.000000000000000	Stochastic
nuc_gene_i__BAD_	Nucleus	0.000000000000000	Stochastic
nuc_gene_i__BBC3_	Nucleus	0.000000000000000	Stochastic
nuc_gene_i__PMAIP1_	Nucleus	0.000000000000000	Stochastic
nuc_gene_i__BCL2L11_	Nucleus	0.000000000000000	Stochastic
nuc_gene_i__EGF_	Nucleus	0.000000000000000	Stochastic
nuc_gene_i__NRG1_	Nucleus	0.000000000000000	Stochastic
nuc_gene_i__EGFR_	Nucleus	0.000000000000000	Stochastic
nuc_gene_i__ERBB2_	Nucleus	0.000000000000000	Stochastic
nuc_gene_i__ERBB3_	Nucleus	0.000000000000000	Stochastic
nuc_gene_i__ERBB4_	Nucleus	0.000000000000000	Stochastic
nuc_gene_i__MET_	Nucleus	0.000000000000000	Stochastic
nuc_gene_i__HGF_	Nucleus	0.000000000000000	Stochastic
nuc_gene_i__PDGFRA_	Nucleus	0.000000000000000	Stochastic
nuc_gene_i__PDGFRB_	Nucleus	0.000000000000000	Stochastic
nuc_gene_i__PDGFB_	Nucleus	0.000000000000000	Stochastic
nuc_gene_i__SPRY2_	Nucleus	0.000000000000000	Stochastic
nuc_gene_i__CBL_	Nucleus	0.000000000000000	Stochastic
nuc_gene_i__GRB2_	Nucleus	0.000000000000000	Stochastic
nuc_gene_i__PLCG1_	Nucleus	0.000000000000000	Stochastic
nuc_gene_i__PLCG2_	Nucleus	0.000000000000000	Stochastic
nuc_gene_i__PIK3CA_	Nucleus	0.000000000000000	Stochastic
nuc_gene_i__PIK3CB_	Nucleus	0.000000000000000	Stochastic
nuc_gene_i__PIK3CG_	Nucleus	0.000000000000000	Stochastic
nuc_gene_i__PIK3CD_	Nucleus	0.000000000000000	Stochastic
nuc_gene_i__PIK3R1_	Nucleus	0.000000000000000	Stochastic
nuc_gene_i__PIK3R2_	Nucleus	0.000000000000000	Stochastic
nuc_gene_i__PIK3R3_	Nucleus	0.000000000000000	Stochastic
nuc_gene_i__PIK3R4_	Nucleus	0.000000000000000	Stochastic
nuc_gene_i__PIK3C2A_	Nucleus	0.000000000000000	Stochastic
nuc_gene_i__RASGRP1_	Nucleus	0.000000000000000	Stochastic
nuc_gene_i__RASGRP3_	Nucleus	0.000000000000000	Stochastic
nuc_gene_i__NRAS_	Nucleus	0.000000000000000	Stochastic
nuc_gene_i__KRAS_	Nucleus	0.000000000000000	Stochastic
nuc_gene_i__HRAS_	Nucleus	0.000000000000000	Stochastic
nuc_gene_i__NF1_	Nucleus	0.000000000000000	Stochastic
nuc_gene_i__RAF1_	Nucleus	0.000000000000000	Stochastic
nuc_gene_i__BRAF_	Nucleus	0.000000000000000	Stochastic
nuc_gene_i__MAP2K1_	Nucleus	0.000000000000000	Stochastic
nuc_gene_i__MAP2K2_	Nucleus	0.000000000000000	Stochastic
nuc_gene_i__DUSP6_	Nucleus	0.000000000000000	Stochastic
nuc_gene_i__RPS6KA1_	Nucleus	0.000000000000000	Stochastic
nuc_gene_i__RPS6KA2_	Nucleus	0.000000000000000	Stochastic
nuc_gene_i__RPS6KA3_	Nucleus	0.000000000000000	Stochastic
nuc_gene_i__RPS6KA4_	Nucleus	0.000000000000000	Stochastic
nuc_gene_i__DUSP1_	Nucleus	0.000000000000000	Stochastic
nuc_gene_i__FOS_	Nucleus	0.000000000000000	Stochastic
nuc_gene_i__JUN_	Nucleus	0.000000000000000	Stochastic
nuc_gene_i__MYC_	Nucleus	0.000000000000000	Stochastic
nuc_gene_i__CTNNB1_	Nucleus	0.000000000000000	Stochastic
nuc_gene_i__PTEN_	Nucleus	0.000000000000000	Stochastic
nuc_gene_i__AKT1_	Nucleus	0.000000000000000	Stochastic
nuc_gene_i__AKT2_	Nucleus	0.000000000000000	Stochastic
nuc_gene_i__PDPK1_	Nucleus	0.000000000000000	Stochastic
nuc_gene_i__RICTOR_	Nucleus	0.000000000000000	Stochastic
nuc_gene_i__MTOR_	Nucleus	0.000000000000000	Stochastic
nuc_gene_i__GSK3B_	Nucleus	0.000000000000000	Stochastic
nuc_gene_i__TSC1_	Nucleus	0.000000000000000	Stochastic
nuc_gene_i__TSC2_	Nucleus	0.000000000000000	Stochastic
nuc_gene_i__PRKCA_	Nucleus	0.000000000000000	Stochastic
nuc_gene_i__PRKCB_	Nucleus	0.000000000000000	Stochastic
nuc_gene_i__PRKCG_	Nucleus	0.000000000000000	Stochastic
nuc_gene_i__PRKCD_	Nucleus	0.000000000000000	Stochastic
nuc_gene_i__PEBP1_	Nucleus	0.000000000000000	Stochastic
nuc_gene_i__MAPK1_	Nucleus	0.000000000000000	Stochastic
nuc_gene_i__MAPK3_	Nucleus	0.000000000000000	Stochastic
nuc_gene_i__FOXO3_	Nucleus	0.000000000000000	Stochastic
nuc_gene_i__RHEB_	Nucleus	0.000000000000000	Stochastic
nuc_gene_i__RPTOR_	Nucleus	0.000000000000000	Stochastic
nuc_gene_i__RPS6KB1_	Nucleus	0.000000000000000	Stochastic
nuc_gene_i__RPS6KB2_	Nucleus	0.000000000000000	Stochastic
nuc_gene_i__EIF4EBP1_	Nucleus	0.000000000000000	Stochastic
nuc_gene_i__SOS1_	Nucleus	0.000000000000000	Stochastic
nuc_gene_i__CDKN2A_	Nucleus	0.000000000000000	Stochastic
nuc_gene_i__MDM4_	Nucleus	0.000000000000000	Stochastic
nuc_gene_i__FGFR1_	Nucleus	0.000000000000000	Stochastic
nuc_gene_i__FGFR2_	Nucleus	0.000000000000000	Stochastic
nuc_gene_i__FGF1_	Nucleus	0.000000000000000	Stochastic
nuc_gene_i__FGF2_	Nucleus	0.000000000000000	Stochastic
nuc_gene_i__EIF4E_	Nucleus	0.000000000000000	Stochastic
nuc_gene_i__IRS1_	Nucleus	0.000000000000000	Stochastic
nuc_gene_i__IRS2_	Nucleus	0.000000000000000	Stochastic
nuc_gene_i__IGF1_	Nucleus	0.000000000000000	Stochastic
nuc_gene_i__IGF2_	Nucleus	0.000000000000000	Stochastic
nuc_gene_i__IGF1R_	Nucleus	0.000000000000000	Stochastic
nuc_gene_i__MSH6_	Nucleus	0.000000000000000	Stochastic
nuc_gene_i__BRCA2_	Nucleus	0.000000000000000	Stochastic
nuc_gene_i__MGMT_	Nucleus	0.000000000000000	Stochastic
nuc_gene_i__INSR_	Nucleus	0.000000000000000	Stochastic
nuc_gene_i__INS_	Nucleus	0.000000000000000	Stochastic
nuc_gene_i__IFNG_	Nucleus	0.000000000000000	Stochastic
nuc_gene_i__IFNGR2_	Nucleus	0.000000000000000	Stochastic
nuc_gene_i__JAK1_	Nucleus	0.000000000000000	Stochastic
nuc_gene_i__STAT1_	Nucleus	0.000000000000000	Stochastic
nuc_gene_i__PTPN11_	Nucleus	0.000000000000000	Stochastic
nuc_gene_i__PTPN2_	Nucleus	0.000000000000000	Stochastic
nuc_gene_i__PTPN1_	Nucleus	0.000000000000000	Stochastic
nuc_gene_i__SOCS1_	Nucleus	0.000000000000000	Stochastic
