observableId	observableFormula	noiseFormula
blank	0	1
cMyc abundance	nuc_prot__MYC_2_ * 0.33333333333333337	1
EGFR abundance	cyt_prot__EGFR_1_ * 1.0 + cyt_prot__pT693_EGFR_1_ * 1.0 + cyt_prot__EGFR_1__EGFR_1_ * 1.0 + cyt_prot__EGFR_1__ERBB2_1_ * 1.0 + cyt_prot__EGFR_1__ERBB3_1_ * 1.0 + cyt_prot__EGFR_1__ERBB4_1_ * 1.0 + cyt_prot__EGF_1__EGFR_1_ * 1.0 + cyt_prot__EGF_1__EGFR_1__ERBB2_1_ * 1.0 + cyt_prot__EGF_1__EGFR_1__EGFR_1_ * 1.0 + cyt_prot__EGF_1__EGFR_1__ERBB3_1_ * 1.0 + cyt_prot__EGF_1__EGFR_1__ERBB4_1_ * 1.0 + cyt_prot__EGFR_1__NRG1_1__ERBB3_1_ * 1.0 + cyt_prot__EGFR_1__NRG1_1__ERBB4_1_ * 1.0 + cyt_prot__EGF_1__EGFR_1__EGF_1__EGFR_1_ * 1.0 + cyt_prot__EGF_1__EGFR_1__NRG1_1__ERBB3_1_ * 1.0 + cyt_prot__EGF_1__EGFR_1__NRG1_1__ERBB4_1_ * 1.0 + cyt_cong__EGFR_1__p_p_ERK_ * 1.0 + cyt_prot__EGF_1__p_EGFR_1__p_ERBB2_1_ * 1.0 + cyt_prot__EGF_1__p_EGFR_1__p_EGFR_1_ * 1.0 + cyt_prot__EGF_1__p_EGFR_1__EGF_1__p_EGFR_1_ * 1.0 + cyt_prot__EGF_1__p_EGFR_1__p_ERBB3_1_ * 1.0 + cyt_prot__EGF_1__p_EGFR_1__NRG1_1__p_ERBB3_1_ * 1.0 + cyt_prot__EGF_1__p_EGFR_1__p_ERBB4_1_ * 1.0 + cyt_prot__EGF_1__p_EGFR_1__NRG1_1__p_ERBB4_1_ * 1.0 + cyt_prot__p_EGFR_1__NRG1_1__p_ERBB3_1_ * 1.0 + cyt_prot__p_EGFR_1__NRG1_1__p_ERBB4_1_ * 1.0 + cyt_prot__SPY2__EGF_1__EGFR_1__ERBB2_1_ * 1.0 + cyt_prot__SPY2__EGF_1__EGFR_1__EGFR_1_ * 1.0 + cyt_prot__SPY2__EGF_1__EGFR_1__EGF_1__EGFR_1_ * 1.0 + cyt_prot__SPY2__EGF_1__EGFR_1__ERBB3_1_ * 1.0 + cyt_prot__SPY2__EGF_1__EGFR_1__NRG1_1__ERBB3_1_ * 1.0 + cyt_prot__SPY2__EGF_1__EGFR_1__ERBB4_1_ * 1.0 + cyt_prot__SPY2__EGF_1__EGFR_1__NRG1_1__ERBB4_1_ * 1.0 + cyt_prot__SPY2__EGFR_1__NRG1_1__ERBB3_1_ * 1.0 + cyt_prot__SPY2__EGFR_1__NRG1_1__ERBB4_1_ * 1.0 + cyt_prot_in__EGF_1__EGFR_1__ERBB2_1_ * 1.0 + cyt_prot_in__EGF_1__EGFR_1__EGFR_1_ * 1.0 + cyt_prot_in__EGF_1__EGFR_1__EGF_1__EGFR_1_ * 1.0 + cyt_prot_in__EGF_1__EGFR_1__ERBB3_1_ * 1.0 + cyt_prot_in__EGF_1__EGFR_1__NRG1_1__ERBB3_1_ * 1.0 + cyt_prot_in__EGF_1__EGFR_1__ERBB4_1_ * 1.0 + cyt_prot_in__EGF_1__EGFR_1__NRG1_1__ERBB4_1_ * 1.0 + cyt_prot_in__EGFR_1__NRG1_1__ERBB3_1_ * 1.0 + cyt_prot_in__EGFR_1__NRG1_1__ERBB4_1_ * 1.0 + cyt_prot_in__EGF_1__p_EGFR_1__p_ERBB2_1_ * 1.0 + cyt_prot_in__EGF_1__p_EGFR_1__p_EGFR_1_ * 1.0 + cyt_prot_in__EGF_1__p_EGFR_1__EGF_1__p_EGFR_1_ * 1.0 + cyt_prot_in__EGF_1__p_EGFR_1__p_ERBB3_1_ * 1.0 + cyt_prot_in__EGF_1__p_EGFR_1__NRG1_1__p_ERBB3_1_ * 1.0 + cyt_prot_in__EGF_1__p_EGFR_1__p_ERBB4_1_ * 1.0 + cyt_prot_in__EGF_1__p_EGFR_1__NRG1_1__p_ERBB4_1_ * 1.0 + cyt_prot_in__p_EGFR_1__NRG1_1__p_ERBB3_1_ * 1.0 + cyt_prot_in__p_EGFR_1__NRG1_1__p_ERBB4_1_ * 1.0 + cyt_prot__EGF_1__p_EGFR_1__p_ERBB2_1__GRB2__SOS1_1_ * 1.0 + cyt_prot__EGF_1__p_EGFR_1__p_EGFR_1__GRB2__SOS1_1_ * 1.0 + cyt_prot__EGF_1__p_EGFR_1__EGF_1__p_EGFR_1__GRB2__SOS1_1_ * 1.0 + cyt_prot__EGF_1__p_EGFR_1__p_ERBB3_1__GRB2__SOS1_1_ * 1.0 + cyt_prot__EGF_1__p_EGFR_1__NRG1_1__p_ERBB3_1__GRB2__SOS1_1_ * 1.0 + cyt_prot__EGF_1__p_EGFR_1__p_ERBB4_1__GRB2__SOS1_1_ * 1.0 + cyt_prot__EGF_1__p_EGFR_1__NRG1_1__p_ERBB4_1__GRB2__SOS1_1_ * 1.0 + cyt_prot__p_EGFR_1__NRG1_1__p_ERBB3_1__GRB2__SOS1_1_ * 1.0 + cyt_prot__p_EGFR_1__NRG1_1__p_ERBB4_1__GRB2__SOS1_1_ * 1.0 + cyt_prot_in__EGF_1__p_EGFR_1__p_ERBB2_1__GRB2__SOS1_1_ * 1.0 + cyt_prot_in__EGF_1__p_EGFR_1__p_EGFR_1__GRB2__SOS1_1_ * 1.0 + cyt_prot_in__EGF_1__p_EGFR_1__EGF_1__p_EGFR_1__GRB2__SOS1_1_ * 1.0 + cyt_prot_in__EGF_1__p_EGFR_1__p_ERBB3_1__GRB2__SOS1_1_ * 1.0 + cyt_prot_in__EGF_1__p_EGFR_1__NRG1_1__p_ERBB3_1__GRB2__SOS1_1_ * 1.0 + cyt_prot_in__EGF_1__p_EGFR_1__p_ERBB4_1__GRB2__SOS1_1_ * 1.0 + cyt_prot_in__EGF_1__p_EGFR_1__NRG1_1__p_ERBB4_1__GRB2__SOS1_1_ * 1.0 + cyt_prot_in__p_EGFR_1__NRG1_1__p_ERBB3_1__GRB2__SOS1_1_ * 1.0 + cyt_prot_in__p_EGFR_1__NRG1_1__p_ERBB4_1__GRB2__SOS1_1_ * 1.0 + cyt_cong__EGF_1__p_EGFR_1__p_ERBB2_1__PLCG_ * 1.0 + cyt_cong__EGF_1__p_EGFR_1__p_EGFR_1__PLCG_ * 1.0 + cyt_cong__EGF_1__p_EGFR_1__EGF_1__p_EGFR_1__PLCG_ * 1.0 + cyt_cong__EGF_1__p_EGFR_1__p_ERBB3_1__PLCG_ * 1.0 + cyt_cong__EGF_1__p_EGFR_1__NRG1_1__p_ERBB3_1__PLCG_ * 1.0 + cyt_cong__EGF_1__p_EGFR_1__p_ERBB4_1__PLCG_ * 1.0 + cyt_cong__EGF_1__p_EGFR_1__NRG1_1__p_ERBB4_1__PLCG_ * 1.0 + cyt_cong__p_EGFR_1__NRG1_1__p_ERBB3_1__PLCG_ * 1.0 + cyt_cong__p_EGFR_1__NRG1_1__p_ERBB4_1__PLCG_ * 1.0 + cyt_cong__EGF_1__p_EGFR_1__p_ERBB2_1__PIK3C__PIK3R_ * 1.0 + cyt_cong__EGF_1__p_EGFR_1__p_EGFR_1__PIK3C__PIK3R_ * 1.0 + cyt_cong__EGF_1__p_EGFR_1__EGF_1__p_EGFR_1__PIK3C__PIK3R_ * 1.0 + cyt_cong__EGF_1__p_EGFR_1__p_ERBB3_1__PIK3C__PIK3R_ * 1.0 + cyt_cong__EGF_1__p_EGFR_1__NRG1_1__p_ERBB3_1__PIK3C__PIK3R_ * 1.0 + cyt_cong__EGF_1__p_EGFR_1__p_ERBB4_1__PIK3C__PIK3R_ * 1.0 + cyt_cong__EGF_1__p_EGFR_1__NRG1_1__p_ERBB4_1__PIK3C__PIK3R_ * 1.0 + cyt_cong__p_EGFR_1__NRG1_1__p_ERBB3_1__PIK3C__PIK3R_ * 1.0 + cyt_cong__p_EGFR_1__NRG1_1__p_ERBB4_1__PIK3C__PIK3R_ * 1.0 + cyt_prot__EGF_1__p_EGFR_1__p_ERBB2_1__P3C2A_ * 1.0 + cyt_prot__EGF_1__p_EGFR_1__p_EGFR_1__P3C2A_ * 1.0 + cyt_prot__EGF_1__p_EGFR_1__EGF_1__p_EGFR_1__P3C2A_ * 1.0 + cyt_prot__EGF_1__p_EGFR_1__p_ERBB3_1__P3C2A_ * 1.0 + cyt_prot__EGF_1__p_EGFR_1__NRG1_1__p_ERBB3_1__P3C2A_ * 1.0 + cyt_prot__EGF_1__p_EGFR_1__p_ERBB4_1__P3C2A_ * 1.0 + cyt_prot__EGF_1__p_EGFR_1__NRG1_1__p_ERBB4_1__P3C2A_ * 1.0 + cyt_prot__p_EGFR_1__NRG1_1__p_ERBB3_1__P3C2A_ * 1.0 + cyt_prot__p_EGFR_1__NRG1_1__p_ERBB4_1__P3C2A_ * 1.0 + cyt_cong_in__EGF_1__p_EGFR_1__p_ERBB2_1__GRB2__SOS1_1__RAS__GDP_ * 1.0 + cyt_cong_in__EGF_1__p_EGFR_1__p_EGFR_1__GRB2__SOS1_1__RAS__GDP_ * 1.0 + cyt_cong_in__EGF_1__p_EGFR_1__EGF_1__p_EGFR_1__GRB2__SOS1_1__RAS__GDP_ * 1.0 + cyt_cong_in__EGF_1__p_EGFR_1__p_ERBB3_1__GRB2__SOS1_1__RAS__GDP_ * 1.0 + cyt_cong_in__EGF_1__p_EGFR_1__NRG1_1__p_ERBB3_1__GRB2__SOS1_1__RAS__GDP_ * 1.0 + cyt_cong_in__EGF_1__p_EGFR_1__p_ERBB4_1__GRB2__SOS1_1__RAS__GDP_ * 1.0 + cyt_cong_in__EGF_1__p_EGFR_1__NRG1_1__p_ERBB4_1__GRB2__SOS1_1__RAS__GDP_ * 1.0 + cyt_cong_in__p_EGFR_1__NRG1_1__p_ERBB3_1__GRB2__SOS1_1__RAS__GDP_ * 1.0 + cyt_cong_in__p_EGFR_1__NRG1_1__p_ERBB4_1__GRB2__SOS1_1__RAS__GDP_ * 1.0 + cyt_cong__EGF_1__p_EGFR_1__p_ERBB2_1__GRB2__SOS1_1__RAS__GDP_ * 1.0 + cyt_cong__EGF_1__p_EGFR_1__p_EGFR_1__GRB2__SOS1_1__RAS__GDP_ * 1.0 + cyt_cong__EGF_1__p_EGFR_1__EGF_1__p_EGFR_1__GRB2__SOS1_1__RAS__GDP_ * 1.0 + cyt_cong__EGF_1__p_EGFR_1__p_ERBB3_1__GRB2__SOS1_1__RAS__GDP_ * 1.0 + cyt_cong__EGF_1__p_EGFR_1__NRG1_1__p_ERBB3_1__GRB2__SOS1_1__RAS__GDP_ * 1.0 + cyt_cong__EGF_1__p_EGFR_1__p_ERBB4_1__GRB2__SOS1_1__RAS__GDP_ * 1.0 + cyt_cong__EGF_1__p_EGFR_1__NRG1_1__p_ERBB4_1__GRB2__SOS1_1__RAS__GDP_ * 1.0 + cyt_cong__p_EGFR_1__NRG1_1__p_ERBB3_1__GRB2__SOS1_1__RAS__GDP_ * 1.0 + cyt_cong__p_EGFR_1__NRG1_1__p_ERBB4_1__GRB2__SOS1_1__RAS__GDP_ * 1.0 + cyt_cong__EGF_1__p_EGFR_1__p_ERBB2_1__PLCG__PIP2_ * 1.0 + cyt_cong__EGF_1__p_EGFR_1__p_EGFR_1__PLCG__PIP2_ * 1.0 + cyt_cong__EGF_1__p_EGFR_1__EGF_1__p_EGFR_1__PLCG__PIP2_ * 1.0 + cyt_cong__EGF_1__p_EGFR_1__p_ERBB3_1__PLCG__PIP2_ * 1.0 + cyt_cong__EGF_1__p_EGFR_1__NRG1_1__p_ERBB3_1__PLCG__PIP2_ * 1.0 + cyt_cong__EGF_1__p_EGFR_1__p_ERBB4_1__PLCG__PIP2_ * 1.0 + cyt_cong__EGF_1__p_EGFR_1__NRG1_1__p_ERBB4_1__PLCG__PIP2_ * 1.0 + cyt_cong__p_EGFR_1__NRG1_1__p_ERBB3_1__PLCG__PIP2_ * 1.0 + cyt_cong__p_EGFR_1__NRG1_1__p_ERBB4_1__PLCG__PIP2_ * 1.0 + cyt_cong__EGF_1__p_EGFR_1__p_ERBB2_1__PIK3C__PIK3R__PIP2_ * 1.0 + cyt_cong__EGF_1__p_EGFR_1__p_EGFR_1__PIK3C__PIK3R__PIP2_ * 1.0 + cyt_cong__EGF_1__p_EGFR_1__EGF_1__p_EGFR_1__PIK3C__PIK3R__PIP2_ * 1.0 + cyt_cong__EGF_1__p_EGFR_1__p_ERBB3_1__PIK3C__PIK3R__PIP2_ * 1.0 + cyt_cong__EGF_1__p_EGFR_1__NRG1_1__p_ERBB3_1__PIK3C__PIK3R__PIP2_ * 1.0 + cyt_cong__EGF_1__p_EGFR_1__p_ERBB4_1__PIK3C__PIK3R__PIP2_ * 1.0 + cyt_cong__EGF_1__p_EGFR_1__NRG1_1__p_ERBB4_1__PIK3C__PIK3R__PIP2_ * 1.0 + cyt_cong__p_EGFR_1__NRG1_1__p_ERBB3_1__PIK3C__PIK3R__PIP2_ * 1.0 + cyt_cong__p_EGFR_1__NRG1_1__p_ERBB4_1__PIK3C__PIK3R__PIP2_ * 1.0 + cyt_mixed__EGF_1__p_EGFR_1__p_ERBB2_1__P3C2A__PIP_ * 1.0 + cyt_mixed__EGF_1__p_EGFR_1__p_EGFR_1__P3C2A__PIP_ * 1.0 + cyt_mixed__EGF_1__p_EGFR_1__EGF_1__p_EGFR_1__P3C2A__PIP_ * 1.0 + cyt_mixed__EGF_1__p_EGFR_1__p_ERBB3_1__P3C2A__PIP_ * 1.0 + cyt_mixed__EGF_1__p_EGFR_1__NRG1_1__p_ERBB3_1__P3C2A__PIP_ * 1.0 + cyt_mixed__EGF_1__p_EGFR_1__p_ERBB4_1__P3C2A__PIP_ * 1.0 + cyt_mixed__EGF_1__p_EGFR_1__NRG1_1__p_ERBB4_1__P3C2A__PIP_ * 1.0 + cyt_mixed__p_EGFR_1__NRG1_1__p_ERBB3_1__P3C2A__PIP_ * 1.0 + cyt_mixed__p_EGFR_1__NRG1_1__p_ERBB4_1__P3C2A__PIP_ * 1.0	1
AKT abundance	nuc_cong__p_p_AKT__MDM2_1_ * 0.33333333333333337 + cyt_cong__p_p_AKT__BAD_ * 1.0 + cyt_cong__PIP3__AKT_ * 1.0 + cyt_cong__AKT_ * 1.0 + cyt_cong__p_AKT_ * 1.0 + cyt_cong__p_p_AKT_ * 1.0 + cyt_cong__PIP3__p_AKT_ * 1.0 + cyt_mixed__PIP3__p_p_AKT_ * 1.0 + cyt_cong__PIP3__AKT__PIP3__PDPK1_1_ * 1.0 + cyt_cong__PIP3__p_AKT__RICTR_1__MTOR_1_ * 1.0 + cyt_cong__GSK3B_1__p_p_AKT_ * 1.0 + cyt_cong__TSC2_1__p_p_AKT_ * 1.0 + cyt_cong__FOXO3_1__p_p_AKT_ * 1.0 + cyt_abs__AKTinhibitor_ * 1.0 + cyt_abs__AKTinhibitor__AKT_ * 1.0	1
pAKT abundance	nuc_cong__p_p_AKT__MDM2_1_ * 0.33333333333333337 + cyt_cong__p_p_AKT__BAD_ * 1.0 + cyt_cong__p_AKT_ * 1.0 + cyt_cong__p_p_AKT_ * 1.0 + cyt_cong__PIP3__p_AKT_ * 1.0 + cyt_mixed__PIP3__p_p_AKT_ * 1.0 + cyt_cong__PIP3__p_AKT__RICTR_1__MTOR_1_ * 1.0 + cyt_cong__GSK3B_1__p_p_AKT_ * 1.0 + cyt_cong__TSC2_1__p_p_AKT_ * 1.0 + cyt_cong__FOXO3_1__p_p_AKT_ * 1.0	1
ppAKT abundance	nuc_cong__p_p_AKT__MDM2_1_ * 0.33333333333333337 + cyt_cong__p_p_AKT__BAD_ * 1.0 + cyt_cong__p_p_AKT_ * 1.0 + cyt_mixed__PIP3__p_p_AKT_ * 1.0 + cyt_cong__GSK3B_1__p_p_AKT_ * 1.0 + cyt_cong__TSC2_1__p_p_AKT_ * 1.0 + cyt_cong__FOXO3_1__p_p_AKT_ * 1.0	1
ATM abundance	nuc_prot_a__ATM_ * 0.33333333333333337 + nuc_prot_i__ATM_ * 0.33333333333333337	1
ATMP abunance	nuc_prot_a__ATM_ * 0.33333333333333337	1
ATRac abundance	nuc_prot_a__ATR_1_ * 0.33333333333333337	1
pBAD abundance	cyt_prot__p_BAD_	1
Bax abundance	cyt_prot_i__BAX_1_ * 1.0 + cyt_prot__cl_BID_1__BAX_1_ * 1.0 + cyt_prot_a__BAX_1_ * 1.0 + mit_prot_a__BAX_1_ * 0.07 + mit_prot_a__BAX_1__BAX_1_ * 0.07 + mit_cong__BAX_1__BAX_1__BCL2_ * 0.07 + mit_prot_a__BAX_1__BAX_1__BAX_1__BAX_1_ * 0.07 + mit_cong__BAX_1__BAX_1__BAX_1__BAX_1__BCL2_ * 0.07 + mit_abs__BAX_1__BAX_1__BAX_1__BAX_1__pore_ * 0.07 + cyt_prot__B2L11_1__BAX_1_ * 1.0	1
Bcl2 abundance	cyt_cong__BCL2_ * 1.0 + cyt_cong__cl_BID_1__BCL2_ * 1.0 + mit_cong__BCL2_ * 0.07 + mit_cong__BAX_1__BAX_1__BCL2_ * 0.07 + mit_cong__BAX_1__BAX_1__BAX_1__BAX_1__BCL2_ * 0.07 + cyt_cong__BCL2__BAD_1_ * 1.0 + cyt_cong__BCL2__BBC3_1_ * 1.0 + cyt_cong__BCL2__APR_1_ * 1.0 + cyt_cong__BCL2__B2L11_1_ * 1.0	1
Bcl2c abundance	cyt_cong__BCL2_ * 1.0 + cyt_cong__cl_BID_1__BCL2_ * 1.0 + cyt_cong__BCL2__BAD_1_ * 1.0 + cyt_cong__BCL2__BBC3_1_ * 1.0 + cyt_cong__BCL2__APR_1_ * 1.0 + cyt_cong__BCL2__B2L11_1_ * 1.0	1
BIM abundance	cyt_cong__BCL2_ * 1.0 + cyt_cong__cl_BID_1__BCL2_ * 1.0 + cyt_cong__BCL2__BAD_1_ * 1.0 + cyt_cong__BCL2__BBC3_1_ * 1.0 + cyt_cong__BCL2__APR_1_ * 1.0 + cyt_cong__BCL2__B2L11_1_ * 1.0	1
Bid abundance	cyt_cong__BCL2_ * 1.0 + cyt_cong__cl_BID_1__BCL2_ * 1.0 + cyt_cong__BCL2__BAD_1_ * 1.0 + cyt_cong__BCL2__BBC3_1_ * 1.0 + cyt_cong__BCL2__APR_1_ * 1.0 + cyt_cong__BCL2__B2L11_1_ * 1.0	1
BRaf abundance	cyt_prot__BRAF_1_ * 1.0 + cyt_cong__RAS__GTP__RAF1_1__BRAF_1_ * 1.0 + cyt_cong__MEK__RAS__GTP__RAF1_1__BRAF_1_ * 1.0 + cyt_cong__p_MEK__RAS__GTP__RAF1_1__BRAF_1_ * 1.0 + cyt_cong__RAS__GTP__BRAF_1_ * 1.0 + cyt_cong__RAS__GTP__BRAF_1__BRAF_1_ * 1.0 + cyt_cong__MEK__RAS__GTP__BRAF_1__BRAF_1_ * 1.0 + cyt_cong__p_MEK__RAS__GTP__BRAF_1__BRAF_1_ * 1.0	1
C3 abundance	cyt_cong__CASP3_ * 1.0 + cyt_cong__CASP8__CASP3_ * 1.0 + cyt_cong__cl_CASP3_ * 1.0 + cyt_cong__CASP3__CASP6_ * 1.0 + cyt_cong__CASP3__XIAP_1_ * 1.0 + cyt_cong__CASP3__PARP1_1_ * 1.0 + cyt_cong_a__APAF_1__CASP9_1__CASP3_ * 1.0 + cyt_cong__u_CASP3_ * 1.0	1
C8 abundance	cyt_cong_i__CASP8_ * 1.0 + cyt_cong_a__TNF10_1__TNFRSF10__CASP8_ * 1.0 + cyt_cong_a__CASP8_ * 1.0 + cyt_cong__CASP8__BFAR_1_ * 1.0 + cyt_cong__CASP8__CASP3_ * 1.0 + cyt_cong__CASP6__CASP8_ * 1.0 + cyt_cong__CASP8__BID_1_ * 1.0	1
Cb abundance	nuc_cong__CCNB_ * 0.33333333333333337 + cyt_prot__CBL_1_ * 1.0	1
Cd abundance	nuc_cong__CCND_ * 0.33333333333333337 + cyt_prot__CADH1_1_ * 0.33333333333333337 + nuc_prot_i__CDC20_ * 0.33333333333333337 + nuc_prot_a__CDC20_ * 0.33333333333333337	1
Ce abundance	nuc_cong__CCNE_ * 0.33333333333333337	1
Pb abundance	nuc_prot_i__MPIP3_1_ * 0.33333333333333337 + nuc_prot__MPIP3_1_ * 0.33333333333333337	1
p21 abundance	nuc_prot__CDN1A_1_ * 0.33333333333333337 + nuc_cong__CCND__CDK4and6__CDN1A_ * 0.33333333333333337 + nuc_cong__CCNE__CDK2__CDN1A_ * 0.33333333333333337 + nuc_cong__CCNA__CDK2__CDN1A_ * 0.33333333333333337 + nuc_cong__CCNB__CDK1__CDN1A_ * 0.33333333333333337	1
p27 abundance	nuc_cong__CCND__CDK4and6__CDN1B_ * 0.33333333333333337 + nuc_cong__CCNE__CDK2__CDN1B_ * 0.33333333333333337 + nuc_prot__CCNA__CDK2__CDN1B_ * 0.33333333333333337 + nuc_prot__CDN1B_ * 0.33333333333333337 + nuc_prot__pT187_CDN1B_ * 0.33333333333333337 + nuc_cong__CCNB__CDK1__CDN1B_ * 0.33333333333333337	1
Chk1 abundance	nuc_prot__CHK1_1_ * 0.33333333333333337	1
bCATENIN abundance	nuc_prot__CTNB1_ * 0.33333333333333337 + cyt_prot__CTNB1_1_ * 1.0 + cyt_prot__pS33_pS37_pT41_CTNB1_ * 1.0	1
pbCATENIN abundance	cyt_prot__pS33_pS37_pT41_CTNB1_ * 1.0	1
E2F abundance	nuc_cong__E2F_ * 0.33333333333333337 + nuc_cong__p_E2F_ * 0.33333333333333337	1
pE1 abundance	cyt_prot__pT693_EGFR_1_ * 1.0 + cyt_prot__p_EGFR_1__NRG1_1__p_ERBB3_1_ * 1.0 + cyt_prot__p_EGFR_1__NRG1_1__p_ERBB4_1_ * 1.0 + cyt_prot_in__p_EGFR_1__NRG1_1__p_ERBB3_1_ * 1.0 + cyt_prot_in__p_EGFR_1__NRG1_1__p_ERBB4_1_ * 1.0 + cyt_prot__p_EGFR_1__NRG1_1__p_ERBB3_1__GRB2__SOS1_1_ * 1.0 + cyt_prot__p_EGFR_1__NRG1_1__p_ERBB4_1__GRB2__SOS1_1_ * 1.0 + cyt_prot_in__p_EGFR_1__NRG1_1__p_ERBB3_1__GRB2__SOS1_1_ * 1.0 + cyt_prot_in__p_EGFR_1__NRG1_1__p_ERBB4_1__GRB2__SOS1_1_ * 1.0 + cyt_cong__p_EGFR_1__NRG1_1__p_ERBB3_1__PLCG_ * 1.0 + cyt_cong__p_EGFR_1__NRG1_1__p_ERBB4_1__PLCG_ * 1.0 + cyt_cong__p_EGFR_1__NRG1_1__p_ERBB3_1__PIK3C__PIK3R_ * 1.0 + cyt_cong__p_EGFR_1__NRG1_1__p_ERBB4_1__PIK3C__PIK3R_ * 1.0 + cyt_prot__p_EGFR_1__NRG1_1__p_ERBB3_1__P3C2A_ * 1.0 + cyt_prot__p_EGFR_1__NRG1_1__p_ERBB4_1__P3C2A_ * 1.0 + cyt_cong_in__p_EGFR_1__NRG1_1__p_ERBB3_1__GRB2__SOS1_1__RAS__GDP_ * 1.0 + cyt_cong_in__p_EGFR_1__NRG1_1__p_ERBB4_1__GRB2__SOS1_1__RAS__GDP_ * 1.0 + cyt_cong__p_EGFR_1__NRG1_1__p_ERBB3_1__GRB2__SOS1_1__RAS__GDP_ * 1.0 + cyt_cong__p_EGFR_1__NRG1_1__p_ERBB4_1__GRB2__SOS1_1__RAS__GDP_ * 1.0 + cyt_cong__p_EGFR_1__NRG1_1__p_ERBB3_1__PLCG__PIP2_ * 1.0 + cyt_cong__p_EGFR_1__NRG1_1__p_ERBB4_1__PLCG__PIP2_ * 1.0 + cyt_cong__p_EGFR_1__NRG1_1__p_ERBB3_1__PIK3C__PIK3R__PIP2_ * 1.0 + cyt_cong__p_EGFR_1__NRG1_1__p_ERBB4_1__PIK3C__PIK3R__PIP2_ * 1.0 + cyt_mixed__p_EGFR_1__NRG1_1__p_ERBB3_1__P3C2A__PIP_ * 1.0 + cyt_mixed__p_EGFR_1__NRG1_1__p_ERBB4_1__P3C2A__PIP_ * 1.0	1
EIF4E abundance	cyt_prot__4EBP1_1_ * 1.0 + cyt_prot__pT37_pT46_4EBP1_1_ * 1.0 + cyt_prot_a__4EBP1_1__RPTOR_1__MTOR_1_ * 1.0 + cyt_prot__IF4E_1_ * 1.0 + cyt_prot__4EBP1_1__IF4E_1_ * 1.0 + cyt_abs__IF4E_1__TotalmRNA_ * 1.0	1
EIF4EBP1 abundance	cyt_prot__4EBP1_1_ * 1.0 + cyt_prot__pT37_pT46_4EBP1_1_ * 1.0 + cyt_prot_a__4EBP1_1__RPTOR_1__MTOR_1_ * 1.0 + cyt_prot__4EBP1_1__IF4E_1_ * 1.0	1
pEIF4EBP1 abundance	cyt_prot__pT37_pT46_4EBP1_1_	1
FOXO abundance	cyt_prot__FOXO3_1_ * 1.0 + cyt_prot__pT32_pS253_FOXO3_1_ * 1.0 + cyt_cong__FOXO3_1__p_p_AKT_ * 1.0 + nuc_prot__FOXO3_1_ * 0.33333333333333337	1
pFOXO abundance	cyt_prot__pT32_pS253_FOXO3_1_	1
GSK3b abundance	cyt_prot__GSK3B_1_ * 1.0 + cyt_prot__pS9_GSK3B_1_ * 1.0 + cyt_cong__GSK3B_1__p_p_AKT_ * 1.0	1
pGSK3b abundance	cyt_prot__pS9_GSK3B_1_	1
E2 abundance	nuc_cong__E2F_ * 0.33333333333333337 + nuc_cong__p_E2F_ * 0.33333333333333337 + cyt_prot__ERBB2_1_ * 1.0 + cyt_prot__pT701_ERBB2_1_ * 1.0 + cyt_prot__EGFR_1__ERBB2_1_ * 1.0 + cyt_prot__ERBB2_1__ERBB2_1_ * 1.0 + cyt_prot__ERBB2_1__ERBB3_1_ * 1.0 + cyt_prot__ERBB2_1__ERBB4_1_ * 1.0 + cyt_prot__EGF_1__EGFR_1__ERBB2_1_ * 1.0 + cyt_prot__ERBB2_1__NRG1_1__ERBB3_1_ * 1.0 + cyt_prot__ERBB2_1__NRG1_1__ERBB4_1_ * 1.0 + cyt_cong__ERBB2_1__p_p_ERK_ * 1.0 + cyt_prot__EGF_1__p_EGFR_1__p_ERBB2_1_ * 1.0 + cyt_prot__p_ERBB2_1__NRG1_1__p_ERBB3_1_ * 1.0 + cyt_prot__p_ERBB2_1__NRG1_1__p_ERBB4_1_ * 1.0 + cyt_prot__SPY2__EGF_1__EGFR_1__ERBB2_1_ * 1.0 + cyt_prot__SPY2__ERBB2_1__NRG1_1__ERBB3_1_ * 1.0 + cyt_prot__SPY2__ERBB2_1__NRG1_1__ERBB4_1_ * 1.0 + cyt_prot_in__EGF_1__EGFR_1__ERBB2_1_ * 1.0 + cyt_prot_in__ERBB2_1__NRG1_1__ERBB3_1_ * 1.0 + cyt_prot_in__ERBB2_1__NRG1_1__ERBB4_1_ * 1.0 + cyt_prot_in__EGF_1__p_EGFR_1__p_ERBB2_1_ * 1.0 + cyt_prot_in__p_ERBB2_1__NRG1_1__p_ERBB3_1_ * 1.0 + cyt_prot_in__p_ERBB2_1__NRG1_1__p_ERBB4_1_ * 1.0 + cyt_prot__EGF_1__p_EGFR_1__p_ERBB2_1__GRB2__SOS1_1_ * 1.0 + cyt_prot__p_ERBB2_1__NRG1_1__p_ERBB3_1__GRB2__SOS1_1_ * 1.0 + cyt_prot__p_ERBB2_1__NRG1_1__p_ERBB4_1__GRB2__SOS1_1_ * 1.0 + cyt_prot_in__EGF_1__p_EGFR_1__p_ERBB2_1__GRB2__SOS1_1_ * 1.0 + cyt_prot_in__p_ERBB2_1__NRG1_1__p_ERBB3_1__GRB2__SOS1_1_ * 1.0 + cyt_prot_in__p_ERBB2_1__NRG1_1__p_ERBB4_1__GRB2__SOS1_1_ * 1.0 + cyt_cong__EGF_1__p_EGFR_1__p_ERBB2_1__PLCG_ * 1.0 + cyt_cong__p_ERBB2_1__NRG1_1__p_ERBB3_1__PLCG_ * 1.0 + cyt_cong__p_ERBB2_1__NRG1_1__p_ERBB4_1__PLCG_ * 1.0 + cyt_cong__EGF_1__p_EGFR_1__p_ERBB2_1__PIK3C__PIK3R_ * 1.0 + cyt_cong__p_ERBB2_1__NRG1_1__p_ERBB3_1__PIK3C__PIK3R_ * 1.0 + cyt_cong__p_ERBB2_1__NRG1_1__p_ERBB4_1__PIK3C__PIK3R_ * 1.0 + cyt_prot__EGF_1__p_EGFR_1__p_ERBB2_1__P3C2A_ * 1.0 + cyt_prot__p_ERBB2_1__NRG1_1__p_ERBB3_1__P3C2A_ * 1.0 + cyt_prot__p_ERBB2_1__NRG1_1__p_ERBB4_1__P3C2A_ * 1.0 + cyt_cong_in__EGF_1__p_EGFR_1__p_ERBB2_1__GRB2__SOS1_1__RAS__GDP_ * 1.0 + cyt_cong_in__p_ERBB2_1__NRG1_1__p_ERBB3_1__GRB2__SOS1_1__RAS__GDP_ * 1.0 + cyt_cong_in__p_ERBB2_1__NRG1_1__p_ERBB4_1__GRB2__SOS1_1__RAS__GDP_ * 1.0 + cyt_cong__EGF_1__p_EGFR_1__p_ERBB2_1__GRB2__SOS1_1__RAS__GDP_ * 1.0 + cyt_cong__p_ERBB2_1__NRG1_1__p_ERBB3_1__GRB2__SOS1_1__RAS__GDP_ * 1.0 + cyt_cong__p_ERBB2_1__NRG1_1__p_ERBB4_1__GRB2__SOS1_1__RAS__GDP_ * 1.0 + cyt_cong__EGF_1__p_EGFR_1__p_ERBB2_1__PLCG__PIP2_ * 1.0 + cyt_cong__p_ERBB2_1__NRG1_1__p_ERBB3_1__PLCG__PIP2_ * 1.0 + cyt_cong__p_ERBB2_1__NRG1_1__p_ERBB4_1__PLCG__PIP2_ * 1.0 + cyt_cong__EGF_1__p_EGFR_1__p_ERBB2_1__PIK3C__PIK3R__PIP2_ * 1.0 + cyt_cong__p_ERBB2_1__NRG1_1__p_ERBB3_1__PIK3C__PIK3R__PIP2_ * 1.0 + cyt_cong__p_ERBB2_1__NRG1_1__p_ERBB4_1__PIK3C__PIK3R__PIP2_ * 1.0 + cyt_mixed__EGF_1__p_EGFR_1__p_ERBB2_1__P3C2A__PIP_ * 1.0 + cyt_mixed__p_ERBB2_1__NRG1_1__p_ERBB3_1__P3C2A__PIP_ * 1.0 + cyt_mixed__p_ERBB2_1__NRG1_1__p_ERBB4_1__P3C2A__PIP_ * 1.0	1
pE2 abundance	cyt_prot__pT701_ERBB2_1_	1
E3 abundance	cyt_prot__ERBB3_1_ * 1.0 + cyt_prot__EGFR_1__ERBB3_1_ * 1.0 + cyt_prot__ERBB2_1__ERBB3_1_ * 1.0 + cyt_prot__ERBB3_1__ERBB4_1_ * 1.0 + cyt_prot__NRG1_1__ERBB3_1_ * 1.0 + cyt_prot__EGF_1__EGFR_1__ERBB3_1_ * 1.0 + cyt_prot__ERBB2_1__NRG1_1__ERBB3_1_ * 1.0 + cyt_prot__EGFR_1__NRG1_1__ERBB3_1_ * 1.0 + cyt_prot__NRG1_1__ERBB3_1__ERBB3_1_ * 1.0 + cyt_prot__NRG1_1__ERBB3_1__ERBB4_1_ * 1.0 + cyt_prot__ERBB3_1__NRG1_1__ERBB4_1_ * 1.0 + cyt_prot__EGF_1__EGFR_1__NRG1_1__ERBB3_1_ * 1.0 + cyt_prot__NRG1_1__ERBB3_1__NRG1_1__ERBB3_1_ * 1.0 + cyt_prot__NRG1_1__ERBB3_1__NRG1_1__ERBB4_1_ * 1.0 + cyt_prot__EGF_1__p_EGFR_1__p_ERBB3_1_ * 1.0 + cyt_prot__EGF_1__p_EGFR_1__NRG1_1__p_ERBB3_1_ * 1.0 + cyt_prot__p_ERBB2_1__NRG1_1__p_ERBB3_1_ * 1.0 + cyt_prot__p_EGFR_1__NRG1_1__p_ERBB3_1_ * 1.0 + cyt_prot__NRG1_1__p_ERBB3_1__NRG1_1__p_ERBB4_1_ * 1.0 + cyt_prot__p_ERBB3_1__NRG1_1__p_ERBB4_1_ * 1.0 + cyt_prot__SPY2__EGF_1__EGFR_1__ERBB3_1_ * 1.0 + cyt_prot__SPY2__EGF_1__EGFR_1__NRG1_1__ERBB3_1_ * 1.0 + cyt_prot__SPY2__ERBB2_1__NRG1_1__ERBB3_1_ * 1.0 + cyt_prot__SPY2__EGFR_1__NRG1_1__ERBB3_1_ * 1.0 + cyt_prot__SPY2__NRG1_1__ERBB3_1__ERBB4_1_ * 1.0 + cyt_prot__SPY2__NRG1_1__ERBB3_1__NRG1_1__ERBB4_1_ * 1.0 + cyt_prot__SPY2__ERBB3_1__NRG1_1__ERBB4_1_ * 1.0 + cyt_prot_in__EGF_1__EGFR_1__ERBB3_1_ * 1.0 + cyt_prot_in__EGF_1__EGFR_1__NRG1_1__ERBB3_1_ * 1.0 + cyt_prot_in__ERBB2_1__NRG1_1__ERBB3_1_ * 1.0 + cyt_prot_in__EGFR_1__NRG1_1__ERBB3_1_ * 1.0 + cyt_prot_in__NRG1_1__ERBB3_1__ERBB4_1_ * 1.0 + cyt_prot_in__NRG1_1__ERBB3_1__NRG1_1__ERBB4_1_ * 1.0 + cyt_prot_in__ERBB3_1__NRG1_1__ERBB4_1_ * 1.0 + cyt_prot_in__EGF_1__p_EGFR_1__p_ERBB3_1_ * 1.0 + cyt_prot_in__EGF_1__p_EGFR_1__NRG1_1__p_ERBB3_1_ * 1.0 + cyt_prot_in__p_ERBB2_1__NRG1_1__p_ERBB3_1_ * 1.0 + cyt_prot_in__p_EGFR_1__NRG1_1__p_ERBB3_1_ * 1.0 + cyt_prot_in__NRG1_1__p_ERBB3_1__p_ERBB4_1_ * 1.0 + cyt_prot_in__NRG1_1__p_ERBB3_1__NRG1_1__p_ERBB4_1_ * 1.0 + cyt_prot_in__p_ERBB3_1__NRG1_1__p_ERBB4_1_ * 1.0 + cyt_prot__EGF_1__p_EGFR_1__p_ERBB3_1__GRB2__SOS1_1_ * 1.0 + cyt_prot__EGF_1__p_EGFR_1__NRG1_1__p_ERBB3_1__GRB2__SOS1_1_ * 1.0 + cyt_prot__p_ERBB2_1__NRG1_1__p_ERBB3_1__GRB2__SOS1_1_ * 1.0 + cyt_prot__p_EGFR_1__NRG1_1__p_ERBB3_1__GRB2__SOS1_1_ * 1.0 + cyt_prot__NRG1_1__p_ERBB3_1__p_ERBB4_1__GRB2__SOS1_1_ * 1.0 + cyt_prot__NRG1_1__p_ERBB3_1__NRG1_1__p_ERBB4_1__GRB2__SOS1_1_ * 1.0 + cyt_prot__p_ERBB3_1__NRG1_1__p_ERBB4_1__GRB2__SOS1_1_ * 1.0 + cyt_prot_in__EGF_1__p_EGFR_1__p_ERBB3_1__GRB2__SOS1_1_ * 1.0 + cyt_prot_in__EGF_1__p_EGFR_1__NRG1_1__p_ERBB3_1__GRB2__SOS1_1_ * 1.0 + cyt_prot_in__p_ERBB2_1__NRG1_1__p_ERBB3_1__GRB2__SOS1_1_ * 1.0 + cyt_prot_in__p_EGFR_1__NRG1_1__p_ERBB3_1__GRB2__SOS1_1_ * 1.0 + cyt_prot_in__NRG1_1__p_ERBB3_1__p_ERBB4_1__GRB2__SOS1_1_ * 1.0 + cyt_prot_in__NRG1_1__p_ERBB3_1__NRG1_1__p_ERBB4_1__GRB2__SOS1_1_ * 1.0 + cyt_prot_in__p_ERBB3_1__NRG1_1__p_ERBB4_1__GRB2__SOS1_1_ * 1.0 + cyt_cong__EGF_1__p_EGFR_1__p_ERBB3_1__PLCG_ * 1.0 + cyt_cong__EGF_1__p_EGFR_1__NRG1_1__p_ERBB3_1__PLCG_ * 1.0 + cyt_cong__p_ERBB2_1__NRG1_1__p_ERBB3_1__PLCG_ * 1.0 + cyt_cong__p_EGFR_1__NRG1_1__p_ERBB3_1__PLCG_ * 1.0 + cyt_cong__NRG1_1__p_ERBB3_1__p_ERBB4_1__PLCG_ * 1.0 + cyt_cong__NRG1_1__p_ERBB3_1__NRG1_1__p_ERBB4_1__PLCG_ * 1.0 + cyt_cong__p_ERBB3_1__NRG1_1__p_ERBB4_1__PLCG_ * 1.0 + cyt_cong__EGF_1__p_EGFR_1__p_ERBB3_1__PIK3C__PIK3R_ * 1.0 + cyt_cong__EGF_1__p_EGFR_1__NRG1_1__p_ERBB3_1__PIK3C__PIK3R_ * 1.0 + cyt_cong__p_ERBB2_1__NRG1_1__p_ERBB3_1__PIK3C__PIK3R_ * 1.0 + cyt_cong__p_EGFR_1__NRG1_1__p_ERBB3_1__PIK3C__PIK3R_ * 1.0 + cyt_cong__NRG1_1__p_ERBB3_1__p_ERBB4_1__PIK3C__PIK3R_ * 1.0 + cyt_cong__NRG1_1__p_ERBB3_1__NRG1_1__p_ERBB4_1__PIK3C__PIK3R_ * 1.0 + cyt_cong__p_ERBB3_1__NRG1_1__p_ERBB4_1__PIK3C__PIK3R_ * 1.0 + cyt_prot__EGF_1__p_EGFR_1__p_ERBB3_1__P3C2A_ * 1.0 + cyt_prot__EGF_1__p_EGFR_1__NRG1_1__p_ERBB3_1__P3C2A_ * 1.0 + cyt_prot__p_ERBB2_1__NRG1_1__p_ERBB3_1__P3C2A_ * 1.0 + cyt_prot__p_EGFR_1__NRG1_1__p_ERBB3_1__P3C2A_ * 1.0 + cyt_prot__NRG1_1__p_ERBB3_1__p_ERBB4_1__P3C2A_ * 1.0 + cyt_prot__NRG1_1__p_ERBB3_1__NRG1_1__p_ERBB4_1__P3C2A_ * 1.0 + cyt_prot__p_ERBB3_1__NRG1_1__p_ERBB4_1__P3C2A_ * 1.0 + cyt_cong_in__EGF_1__p_EGFR_1__p_ERBB3_1__GRB2__SOS1_1__RAS__GDP_ * 1.0 + cyt_cong_in__EGF_1__p_EGFR_1__NRG1_1__p_ERBB3_1__GRB2__SOS1_1__RAS__GDP_ * 1.0 + cyt_cong_in__p_ERBB2_1__NRG1_1__p_ERBB3_1__GRB2__SOS1_1__RAS__GDP_ * 1.0 + cyt_cong_in__p_EGFR_1__NRG1_1__p_ERBB3_1__GRB2__SOS1_1__RAS__GDP_ * 1.0 + cyt_cong_in__NRG1_1__p_ERBB3_1__p_ERBB4_1__GRB2__SOS1_1__RAS__GDP_ * 1.0 + cyt_cong_in__NRG1_1__p_ERBB3_1__NRG1_1__p_ERBB4_1__GRB2__SOS1_1__RAS__GDP_ * 1.0 + cyt_cong_in__p_ERBB3_1__NRG1_1__p_ERBB4_1__GRB2__SOS1_1__RAS__GDP_ * 1.0 + cyt_cong__EGF_1__p_EGFR_1__p_ERBB3_1__GRB2__SOS1_1__RAS__GDP_ * 1.0 + cyt_cong__EGF_1__p_EGFR_1__NRG1_1__p_ERBB3_1__GRB2__SOS1_1__RAS__GDP_ * 1.0 + cyt_cong__p_ERBB2_1__NRG1_1__p_ERBB3_1__GRB2__SOS1_1__RAS__GDP_ * 1.0 + cyt_cong__p_EGFR_1__NRG1_1__p_ERBB3_1__GRB2__SOS1_1__RAS__GDP_ * 1.0 + cyt_cong__NRG1_1__p_ERBB3_1__p_ERBB4_1__GRB2__SOS1_1__RAS__GDP_ * 1.0 + cyt_cong__NRG1_1__p_ERBB3_1__NRG1_1__p_ERBB4_1__GRB2__SOS1_1__RAS__GDP_ * 1.0 + cyt_cong__p_ERBB3_1__NRG1_1__p_ERBB4_1__GRB2__SOS1_1__RAS__GDP_ * 1.0 + cyt_cong__EGF_1__p_EGFR_1__p_ERBB3_1__PLCG__PIP2_ * 1.0 + cyt_cong__EGF_1__p_EGFR_1__NRG1_1__p_ERBB3_1__PLCG__PIP2_ * 1.0 + cyt_cong__p_ERBB2_1__NRG1_1__p_ERBB3_1__PLCG__PIP2_ * 1.0 + cyt_cong__p_EGFR_1__NRG1_1__p_ERBB3_1__PLCG__PIP2_ * 1.0 + cyt_cong__NRG1_1__p_ERBB3_1__p_ERBB4_1__PLCG__PIP2_ * 1.0 + cyt_cong__NRG1_1__p_ERBB3_1__NRG1_1__p_ERBB4_1__PLCG__PIP2_ * 1.0 + cyt_cong__p_ERBB3_1__NRG1_1__p_ERBB4_1__PLCG__PIP2_ * 1.0 + cyt_cong__EGF_1__p_EGFR_1__p_ERBB3_1__PIK3C__PIK3R__PIP2_ * 1.0 + cyt_cong__EGF_1__p_EGFR_1__NRG1_1__p_ERBB3_1__PIK3C__PIK3R__PIP2_ * 1.0 + cyt_cong__p_ERBB2_1__NRG1_1__p_ERBB3_1__PIK3C__PIK3R__PIP2_ * 1.0 + cyt_cong__p_EGFR_1__NRG1_1__p_ERBB3_1__PIK3C__PIK3R__PIP2_ * 1.0 + cyt_cong__NRG1_1__p_ERBB3_1__p_ERBB4_1__PIK3C__PIK3R__PIP2_ * 1.0 + cyt_cong__NRG1_1__p_ERBB3_1__NRG1_1__p_ERBB4_1__PIK3C__PIK3R__PIP2_ * 1.0 + cyt_cong__p_ERBB3_1__NRG1_1__p_ERBB4_1__PIK3C__PIK3R__PIP2_ * 1.0 + cyt_mixed__EGF_1__p_EGFR_1__p_ERBB3_1__P3C2A__PIP_ * 1.0 + cyt_mixed__EGF_1__p_EGFR_1__NRG1_1__p_ERBB3_1__P3C2A__PIP_ * 1.0 + cyt_mixed__p_ERBB2_1__NRG1_1__p_ERBB3_1__P3C2A__PIP_ * 1.0 + cyt_mixed__p_EGFR_1__NRG1_1__p_ERBB3_1__P3C2A__PIP_ * 1.0 + cyt_mixed__NRG1_1__p_ERBB3_1__p_ERBB4_1__P3C2A__PIP_ * 1.0 + cyt_mixed__NRG1_1__p_ERBB3_1__NRG1_1__p_ERBB4_1__P3C2A__PIP_ * 1.0 + cyt_mixed__p_ERBB3_1__NRG1_1__p_ERBB4_1__P3C2A__PIP_ * 1.0	1
pE3 abundance	cyt_prot__p_ERBB3_1__NRG1_1__p_ERBB4_1_ * 1.0 + cyt_prot_in__p_ERBB3_1__NRG1_1__p_ERBB4_1_ * 1.0 + cyt_prot__p_ERBB3_1__NRG1_1__p_ERBB4_1__GRB2__SOS1_1_ * 1.0 + cyt_prot_in__p_ERBB3_1__NRG1_1__p_ERBB4_1__GRB2__SOS1_1_ * 1.0 + cyt_cong__p_ERBB3_1__NRG1_1__p_ERBB4_1__PLCG_ * 1.0 + cyt_cong__p_ERBB3_1__NRG1_1__p_ERBB4_1__PIK3C__PIK3R_ * 1.0 + cyt_prot__p_ERBB3_1__NRG1_1__p_ERBB4_1__P3C2A_ * 1.0 + cyt_cong_in__p_ERBB3_1__NRG1_1__p_ERBB4_1__GRB2__SOS1_1__RAS__GDP_ * 1.0 + cyt_cong__p_ERBB3_1__NRG1_1__p_ERBB4_1__GRB2__SOS1_1__RAS__GDP_ * 1.0 + cyt_cong__p_ERBB3_1__NRG1_1__p_ERBB4_1__PLCG__PIP2_ * 1.0 + cyt_cong__p_ERBB3_1__NRG1_1__p_ERBB4_1__PIK3C__PIK3R__PIP2_ * 1.0 + cyt_mixed__p_ERBB3_1__NRG1_1__p_ERBB4_1__P3C2A__PIP_ * 1.0	1
pIr abundance	cyt_cong__IGF__p_IGF1R_1__p_IGF1R_1_ * 1.0 + cyt_cong__IGF__p_IGF1R_1__p_IGF1R_1__IGF_ * 1.0 + cyt_cong__IGF__p_IGF1R_1__p_IGF1R_1__IRS_ * 1.0 + cyt_cong__IGF__p_IGF1R_1__p_IGF1R_1__IGF__IRS_ * 1.0 + cyt_cong_in__IGF__p_IGF1R_1__p_IGF1R_1_ * 1.0 + cyt_cong_in__IGF__p_IGF1R_1__p_IGF1R_1__IGF_ * 1.0 + cyt_cong_in__IGF__p_IGF1R_1__p_IGF1R_1__IRS_ * 1.0 + cyt_cong_in__IGF__p_IGF1R_1__p_IGF1R_1__IGF__IRS_ * 1.0 + cyt_cong__IGF__p_IGF1R_1__p_IGF1R_1__IRS__GRB2__SOS1_1_ * 1.0 + cyt_cong__IGF__p_IGF1R_1__p_IGF1R_1__IGF__IRS__GRB2__SOS1_1_ * 1.0 + cyt_cong_in__IGF__p_IGF1R_1__p_IGF1R_1__IRS__GRB2__SOS1_1_ * 1.0 + cyt_cong_in__IGF__p_IGF1R_1__p_IGF1R_1__IGF__IRS__GRB2__SOS1_1_ * 1.0 + cyt_cong__IGF__p_IGF1R_1__p_IGF1R_1__IRS__PLCG_ * 1.0 + cyt_cong__IGF__p_IGF1R_1__p_IGF1R_1__IGF__IRS__PLCG_ * 1.0 + cyt_cong__IGF__p_IGF1R_1__p_IGF1R_1__IRS__PIK3C__PIK3R_ * 1.0 + cyt_cong__IGF__p_IGF1R_1__p_IGF1R_1__IGF__IRS__PIK3C__PIK3R_ * 1.0 + cyt_cong__IGF__p_IGF1R_1__p_IGF1R_1__IRS__P3C2A_ * 1.0 + cyt_cong__IGF__p_IGF1R_1__p_IGF1R_1__IGF__IRS__P3C2A_ * 1.0 + cyt_cong_in__IGF__p_IGF1R_1__p_IGF1R_1__IRS__GRB2__SOS1_1__RAS__GDP_ * 1.0 + cyt_cong_in__IGF__p_IGF1R_1__p_IGF1R_1__IGF__IRS__GRB2__SOS1_1__RAS__GDP_ * 1.0 + cyt_cong__IGF__p_IGF1R_1__p_IGF1R_1__IRS__GRB2__SOS1_1__RAS__GDP_ * 1.0 + cyt_cong__IGF__p_IGF1R_1__p_IGF1R_1__IGF__IRS__GRB2__SOS1_1__RAS__GDP_ * 1.0 + cyt_cong__IGF__p_IGF1R_1__p_IGF1R_1__IRS__PLCG__PIP2_ * 1.0 + cyt_cong__IGF__p_IGF1R_1__p_IGF1R_1__IGF__IRS__PLCG__PIP2_ * 1.0 + cyt_cong__IGF__p_IGF1R_1__p_IGF1R_1__IRS__PIK3C__PIK3R__PIP2_ * 1.0 + cyt_cong__IGF__p_IGF1R_1__p_IGF1R_1__IGF__IRS__PIK3C__PIK3R__PIP2_ * 1.0 + cyt_cong__IGF__p_IGF1R_1__p_IGF1R_1__IRS__P3C2A__PIP_ * 1.0 + cyt_cong__IGF__p_IGF1R_1__p_IGF1R_1__IGF__IRS__P3C2A__PIP_ * 1.0	
Ir abundance	cyt_prot__IGF1R_1_ * 1.0 + cyt_prot__IGF1R_1__IGF1R_1_ * 1.0 + cyt_cong__IGF__IGF1R_1__IGF1R_1_ * 1.0 + cyt_cong__IGF__IGF1R_1__IGF__IGF1R_1_ * 1.0 + cyt_cong__IGF__p_IGF1R_1__p_IGF1R_1_ * 1.0 + cyt_cong__IGF__p_IGF1R_1__p_IGF1R_1__IGF_ * 1.0 + cyt_cong__IGF__p_IGF1R_1__p_IGF1R_1__IRS_ * 1.0 + cyt_cong__IGF__p_IGF1R_1__p_IGF1R_1__IGF__IRS_ * 1.0 + cyt_cong__SPY2__IGF__IGF1R_1__IGF1R_1_ * 1.0 + cyt_cong__SPY2__IGF__IGF1R_1__IGF1R_1__IGF_ * 1.0 + cyt_cong_in__IGF__IGF1R_1__IGF1R_1_ * 1.0 + cyt_cong_in__IGF__IGF1R_1__IGF1R_1__IGF_ * 1.0 + cyt_cong_in__IGF__p_IGF1R_1__p_IGF1R_1_ * 1.0 + cyt_cong_in__IGF__p_IGF1R_1__p_IGF1R_1__IGF_ * 1.0 + cyt_cong_in__IGF__p_IGF1R_1__p_IGF1R_1__IRS_ * 1.0 + cyt_cong_in__IGF__p_IGF1R_1__p_IGF1R_1__IGF__IRS_ * 1.0 + cyt_cong__IGF__p_IGF1R_1__p_IGF1R_1__IRS__GRB2__SOS1_1_ * 1.0 + cyt_cong__IGF__p_IGF1R_1__p_IGF1R_1__IGF__IRS__GRB2__SOS1_1_ * 1.0 + cyt_cong_in__IGF__p_IGF1R_1__p_IGF1R_1__IRS__GRB2__SOS1_1_ * 1.0 + cyt_cong_in__IGF__p_IGF1R_1__p_IGF1R_1__IGF__IRS__GRB2__SOS1_1_ * 1.0 + cyt_cong__IGF__p_IGF1R_1__p_IGF1R_1__IRS__PLCG_ * 1.0 + cyt_cong__IGF__p_IGF1R_1__p_IGF1R_1__IGF__IRS__PLCG_ * 1.0 + cyt_cong__IGF__p_IGF1R_1__p_IGF1R_1__IRS__PIK3C__PIK3R_ * 1.0 + cyt_cong__IGF__p_IGF1R_1__p_IGF1R_1__IGF__IRS__PIK3C__PIK3R_ * 1.0 + cyt_cong__IGF__p_IGF1R_1__p_IGF1R_1__IRS__P3C2A_ * 1.0 + cyt_cong__IGF__p_IGF1R_1__p_IGF1R_1__IGF__IRS__P3C2A_ * 1.0 + cyt_cong_in__IGF__p_IGF1R_1__p_IGF1R_1__IRS__GRB2__SOS1_1__RAS__GDP_ * 1.0 + cyt_cong_in__IGF__p_IGF1R_1__p_IGF1R_1__IGF__IRS__GRB2__SOS1_1__RAS__GDP_ * 1.0 + cyt_cong__IGF__p_IGF1R_1__p_IGF1R_1__IRS__GRB2__SOS1_1__RAS__GDP_ * 1.0 + cyt_cong__IGF__p_IGF1R_1__p_IGF1R_1__IGF__IRS__GRB2__SOS1_1__RAS__GDP_ * 1.0 + cyt_cong__IGF__p_IGF1R_1__p_IGF1R_1__IRS__PLCG__PIP2_ * 1.0 + cyt_cong__IGF__p_IGF1R_1__p_IGF1R_1__IGF__IRS__PLCG__PIP2_ * 1.0 + cyt_cong__IGF__p_IGF1R_1__p_IGF1R_1__IRS__PIK3C__PIK3R__PIP2_ * 1.0 + cyt_cong__IGF__p_IGF1R_1__p_IGF1R_1__IGF__IRS__PIK3C__PIK3R__PIP2_ * 1.0 + cyt_cong__IGF__p_IGF1R_1__p_IGF1R_1__IRS__P3C2A__PIP_ * 1.0 + cyt_cong__IGF__p_IGF1R_1__p_IGF1R_1__IGF__IRS__P3C2A__PIP_ * 1.0	1
Isr abundance	cyt_prot__INSR_1_ * 1.0 + cyt_prot__INSR_1__INSR_1_ * 1.0 + cyt_prot__INS_1__INSR_1__INSR_1_ * 1.0 + cyt_prot__INS_1__INSR_1__INS_1__INSR_1_ * 1.0 + cyt_prot__INS_1__p_INSR_1__p_INSR_1_ * 1.0 + cyt_prot__INS_1__p_INSR_1__p_INSR_1__INS_1_ * 1.0 + cyt_cong__INS_1__p_INSR_1__p_INSR_1__IRS_ * 1.0 + cyt_cong__INS_1__p_INSR_1__p_INSR_1__INS_1__IRS_ * 1.0 + cyt_prot__SPY2__INS_1__INSR_1__INSR_1_ * 1.0 + cyt_prot__SPY2__INS_1__INSR_1__INSR_1__INS_1_ * 1.0 + cyt_prot_in__INS_1__INSR_1__INSR_1_ * 1.0 + cyt_prot_in__INS_1__INSR_1__INSR_1__INS_1_ * 1.0 + cyt_prot_in__INS_1__p_INSR_1__p_INSR_1_ * 1.0 + cyt_prot_in__INS_1__p_INSR_1__p_INSR_1__INS_1_ * 1.0 + cyt_cong_in__INS_1__p_INSR_1__p_INSR_1__IRS_ * 1.0 + cyt_cong_in__INS_1__p_INSR_1__p_INSR_1__INS_1__IRS_ * 1.0 + cyt_cong__INS_1__p_INSR_1__p_INSR_1__IRS__GRB2__SOS1_1_ * 1.0 + cyt_cong__INS_1__p_INSR_1__p_INSR_1__INS_1__IRS__GRB2__SOS1_1_ * 1.0 + cyt_cong_in__INS_1__p_INSR_1__p_INSR_1__IRS__GRB2__SOS1_1_ * 1.0 + cyt_cong_in__INS_1__p_INSR_1__p_INSR_1__INS_1__IRS__GRB2__SOS1_1_ * 1.0 + cyt_cong__INS_1__p_INSR_1__p_INSR_1__IRS__PLCG_ * 1.0 + cyt_cong__INS_1__p_INSR_1__p_INSR_1__INS_1__IRS__PLCG_ * 1.0 + cyt_cong__INS_1__p_INSR_1__p_INSR_1__IRS__PIK3C__PIK3R_ * 1.0 + cyt_cong__INS_1__p_INSR_1__p_INSR_1__INS_1__IRS__PIK3C__PIK3R_ * 1.0 + cyt_cong__INS_1__p_INSR_1__p_INSR_1__IRS__P3C2A_ * 1.0 + cyt_cong__INS_1__p_INSR_1__p_INSR_1__INS_1__IRS__P3C2A_ * 1.0 + cyt_cong_in__INS_1__p_INSR_1__p_INSR_1__IRS__GRB2__SOS1_1__RAS__GDP_ * 1.0 + cyt_cong_in__INS_1__p_INSR_1__p_INSR_1__INS_1__IRS__GRB2__SOS1_1__RAS__GDP_ * 1.0 + cyt_cong__INS_1__p_INSR_1__p_INSR_1__IRS__GRB2__SOS1_1__RAS__GDP_ * 1.0 + cyt_cong__INS_1__p_INSR_1__p_INSR_1__INS_1__IRS__GRB2__SOS1_1__RAS__GDP_ * 1.0 + cyt_cong__INS_1__p_INSR_1__p_INSR_1__IRS__PLCG__PIP2_ * 1.0 + cyt_cong__INS_1__p_INSR_1__p_INSR_1__INS_1__IRS__PLCG__PIP2_ * 1.0 + cyt_cong__INS_1__p_INSR_1__p_INSR_1__IRS__PIK3C__PIK3R__PIP2_ * 1.0 + cyt_cong__INS_1__p_INSR_1__p_INSR_1__INS_1__IRS__PIK3C__PIK3R__PIP2_ * 1.0 + cyt_cong__INS_1__p_INSR_1__p_INSR_1__IRS__P3C2A__PIP_ * 1.0 + cyt_cong__INS_1__p_INSR_1__p_INSR_1__INS_1__IRS__P3C2A__PIP_ * 1.0	1
IRS abundance	cyt_cong__IGF__p_IGF1R_1__p_IGF1R_1__IRS_ * 1.0 + cyt_cong__INS_1__p_INSR_1__p_INSR_1__IRS_ * 1.0 + cyt_cong__IGF__p_IGF1R_1__p_IGF1R_1__IGF__IRS_ * 1.0 + cyt_cong__INS_1__p_INSR_1__p_INSR_1__INS_1__IRS_ * 1.0 + cyt_cong_in__IGF__p_IGF1R_1__p_IGF1R_1__IRS_ * 1.0 + cyt_cong_in__INS_1__p_INSR_1__p_INSR_1__IRS_ * 1.0 + cyt_cong_in__IGF__p_IGF1R_1__p_IGF1R_1__IGF__IRS_ * 1.0 + cyt_cong_in__INS_1__p_INSR_1__p_INSR_1__INS_1__IRS_ * 1.0 + cyt_cong__IGF__p_IGF1R_1__p_IGF1R_1__IRS__GRB2__SOS1_1_ * 1.0 + cyt_cong__INS_1__p_INSR_1__p_INSR_1__IRS__GRB2__SOS1_1_ * 1.0 + cyt_cong__IGF__p_IGF1R_1__p_IGF1R_1__IGF__IRS__GRB2__SOS1_1_ * 1.0 + cyt_cong__INS_1__p_INSR_1__p_INSR_1__INS_1__IRS__GRB2__SOS1_1_ * 1.0 + cyt_cong_in__IGF__p_IGF1R_1__p_IGF1R_1__IRS__GRB2__SOS1_1_ * 1.0 + cyt_cong_in__INS_1__p_INSR_1__p_INSR_1__IRS__GRB2__SOS1_1_ * 1.0 + cyt_cong_in__IGF__p_IGF1R_1__p_IGF1R_1__IGF__IRS__GRB2__SOS1_1_ * 1.0 + cyt_cong_in__INS_1__p_INSR_1__p_INSR_1__INS_1__IRS__GRB2__SOS1_1_ * 1.0 + cyt_cong__IGF__p_IGF1R_1__p_IGF1R_1__IRS__PLCG_ * 1.0 + cyt_cong__INS_1__p_INSR_1__p_INSR_1__IRS__PLCG_ * 1.0 + cyt_cong__IGF__p_IGF1R_1__p_IGF1R_1__IGF__IRS__PLCG_ * 1.0 + cyt_cong__INS_1__p_INSR_1__p_INSR_1__INS_1__IRS__PLCG_ * 1.0 + cyt_cong__IGF__p_IGF1R_1__p_IGF1R_1__IRS__PIK3C__PIK3R_ * 1.0 + cyt_cong__INS_1__p_INSR_1__p_INSR_1__IRS__PIK3C__PIK3R_ * 1.0 + cyt_cong__IGF__p_IGF1R_1__p_IGF1R_1__IGF__IRS__PIK3C__PIK3R_ * 1.0 + cyt_cong__INS_1__p_INSR_1__p_INSR_1__INS_1__IRS__PIK3C__PIK3R_ * 1.0 + cyt_cong__IGF__p_IGF1R_1__p_IGF1R_1__IRS__P3C2A_ * 1.0 + cyt_cong__INS_1__p_INSR_1__p_INSR_1__IRS__P3C2A_ * 1.0 + cyt_cong__IGF__p_IGF1R_1__p_IGF1R_1__IGF__IRS__P3C2A_ * 1.0 + cyt_cong__INS_1__p_INSR_1__p_INSR_1__INS_1__IRS__P3C2A_ * 1.0 + cyt_cong_in__IGF__p_IGF1R_1__p_IGF1R_1__IRS__GRB2__SOS1_1__RAS__GDP_ * 1.0 + cyt_cong_in__INS_1__p_INSR_1__p_INSR_1__IRS__GRB2__SOS1_1__RAS__GDP_ * 1.0 + cyt_cong_in__IGF__p_IGF1R_1__p_IGF1R_1__IGF__IRS__GRB2__SOS1_1__RAS__GDP_ * 1.0 + cyt_cong_in__INS_1__p_INSR_1__p_INSR_1__INS_1__IRS__GRB2__SOS1_1__RAS__GDP_ * 1.0 + cyt_cong__IGF__p_IGF1R_1__p_IGF1R_1__IRS__GRB2__SOS1_1__RAS__GDP_ * 1.0 + cyt_cong__INS_1__p_INSR_1__p_INSR_1__IRS__GRB2__SOS1_1__RAS__GDP_ * 1.0 + cyt_cong__IGF__p_IGF1R_1__p_IGF1R_1__IGF__IRS__GRB2__SOS1_1__RAS__GDP_ * 1.0 + cyt_cong__INS_1__p_INSR_1__p_INSR_1__INS_1__IRS__GRB2__SOS1_1__RAS__GDP_ * 1.0 + cyt_cong__IGF__p_IGF1R_1__p_IGF1R_1__IRS__PLCG__PIP2_ * 1.0 + cyt_cong__INS_1__p_INSR_1__p_INSR_1__IRS__PLCG__PIP2_ * 1.0 + cyt_cong__IGF__p_IGF1R_1__p_IGF1R_1__IGF__IRS__PLCG__PIP2_ * 1.0 + cyt_cong__INS_1__p_INSR_1__p_INSR_1__INS_1__IRS__PLCG__PIP2_ * 1.0 + cyt_cong__IGF__p_IGF1R_1__p_IGF1R_1__IRS__PIK3C__PIK3R__PIP2_ * 1.0 + cyt_cong__INS_1__p_INSR_1__p_INSR_1__IRS__PIK3C__PIK3R__PIP2_ * 1.0 + cyt_cong__IGF__p_IGF1R_1__p_IGF1R_1__IGF__IRS__PIK3C__PIK3R__PIP2_ * 1.0 + cyt_cong__INS_1__p_INSR_1__p_INSR_1__INS_1__IRS__PIK3C__PIK3R__PIP2_ * 1.0 + cyt_cong__IGF__p_IGF1R_1__p_IGF1R_1__IRS__P3C2A__PIP_ * 1.0 + cyt_cong__INS_1__p_INSR_1__p_INSR_1__IRS__P3C2A__PIP_ * 1.0 + cyt_cong__IGF__p_IGF1R_1__p_IGF1R_1__IGF__IRS__P3C2A__PIP_ * 1.0 + cyt_cong__INS_1__p_INSR_1__p_INSR_1__INS_1__IRS__P3C2A__PIP_ * 1.0 + cyt_cong__IRS_ * 1.0	1
ppERK abundance	cyt_cong__p_p_ERK__B2L11_1_ * 1.0 + cyt_cong__p_p_ERK__BAD_ * 1.0 + cyt_cong__EGFR_1__p_p_ERK_ * 1.0 + cyt_cong__ERBB2_1__p_p_ERK_ * 1.0 + cyt_cong__ERBB4_1__p_p_ERK_ * 1.0 + nuc_cong__p_p_ERK_ * 0.33333333333333337 + cyt_cong__p_p_ERK_ * 1.0 + cyt_cong__GRB2__SOS1_1__p_p_ERK_ * 1.0 + cyt_cong__RAF1_1__p_p_ERK_ * 1.0 + cyt_cong__NF1_1__p_p_ERK_ * 1.0 + cyt_cong__RPS6KA__p_p_ERK_ * 1.0 + nuc_cong__p_p_ERK__DUS1_ * 0.33333333333333337 + nuc_cong__FOS_1__p_p_ERK_ * 0.33333333333333337 + cyt_cong__TSC2_1__p_p_ERK_ * 1.0 + cyt_cong__p_p_ERK__DUS6_1_ * 1.0 + cyt_cong__p_p_ERK__p_DUS1_ * 1.0	1
pMdm2 abundance	nuc_prot__p_MDM2_1_ * 0.33333333333333337	1
MEK abundance	cyt_cong__MEK_ * 1.0 + cyt_prot__p_MEK_ * 1.0 + cyt_prot__p_p_MEK_ * 1.0 + cyt_cong__MEK__RAS__GTP__RAF1_1__BRAF_1_ * 1.0 + cyt_cong__p_MEK__RAS__GTP__RAF1_1__BRAF_1_ * 1.0 + cyt_cong__ERK__p_p_MEK_ * 1.0 + cyt_cong__p_ERK__p_p_MEK_ * 1.0 + cyt_cong__MEK__RAS__GTP__BRAF_1__BRAF_1_ * 1.0 + cyt_cong__p_MEK__RAS__GTP__BRAF_1__BRAF_1_ * 1.0 + cyt_cong__MEK__RAS__GTP__RAF1_1__RAF1_1_ * 1.0 + cyt_cong__p_MEK__RAS__GTP__RAF1_1__RAF1_1_ * 1.0 + cyt_abs__MEKinhibitor_ * 1.0 + cyt_abs__MEKinhibitor__p_p_MEK_ * 1.0	1
ppMEK abundance	cyt_prot__p_p_MEK_ * 1.0 + cyt_cong__ERK__p_p_MEK_ * 1.0 + cyt_cong__p_ERK__p_p_MEK_ * 1.0 + cyt_abs__MEKinhibitor__p_p_MEK_ * 1.0	1
MSH6 abundance	nuc_prot__MSH6_1_ * 0.33333333333333337	1
mTOR abundance	cyt_prot__RPTOR_1__MTOR_1_ * 1.0 + cyt_prot_a__RPTOR_1__MTOR_1_ * 1.0 + cyt_prot__MTOR_1_ * 1.0 + cyt_prot__RICTR_1__MTOR_1_ * 1.0 + cyt_cong__PIP3__p_AKT__RICTR_1__MTOR_1_ * 1.0 + cyt_prot_a__4EBP1_1__RPTOR_1__MTOR_1_ * 1.0 + cyt_cong_a__S6K__RPTOR_1__MTOR_1_ * 1.0 + cyt_cong_a__PIK3C__PIK3R__RPTOR_1__MTOR_1_ * 1.0	1
RasD abundance	cyt_cong_in__EGF_1__p_EGFR_1__p_ERBB2_1__GRB2__SOS1_1__RAS__GDP_ * 1.0 + cyt_cong_in__EGF_1__p_EGFR_1__p_EGFR_1__GRB2__SOS1_1__RAS__GDP_ * 1.0 + cyt_cong_in__EGF_1__p_EGFR_1__EGF_1__p_EGFR_1__GRB2__SOS1_1__RAS__GDP_ * 1.0 + cyt_cong_in__EGF_1__p_EGFR_1__p_ERBB3_1__GRB2__SOS1_1__RAS__GDP_ * 1.0 + cyt_cong_in__EGF_1__p_EGFR_1__NRG1_1__p_ERBB3_1__GRB2__SOS1_1__RAS__GDP_ * 1.0 + cyt_cong_in__EGF_1__p_EGFR_1__p_ERBB4_1__GRB2__SOS1_1__RAS__GDP_ * 1.0 + cyt_cong_in__EGF_1__p_EGFR_1__NRG1_1__p_ERBB4_1__GRB2__SOS1_1__RAS__GDP_ * 1.0 + cyt_cong_in__p_ERBB2_1__NRG1_1__p_ERBB3_1__GRB2__SOS1_1__RAS__GDP_ * 1.0 + cyt_cong_in__p_EGFR_1__NRG1_1__p_ERBB3_1__GRB2__SOS1_1__RAS__GDP_ * 1.0 + cyt_cong_in__NRG1_1__p_ERBB3_1__p_ERBB4_1__GRB2__SOS1_1__RAS__GDP_ * 1.0 + cyt_cong_in__NRG1_1__p_ERBB3_1__NRG1_1__p_ERBB4_1__GRB2__SOS1_1__RAS__GDP_ * 1.0 + cyt_cong_in__p_ERBB2_1__NRG1_1__p_ERBB4_1__GRB2__SOS1_1__RAS__GDP_ * 1.0 + cyt_cong_in__p_EGFR_1__NRG1_1__p_ERBB4_1__GRB2__SOS1_1__RAS__GDP_ * 1.0 + cyt_cong_in__p_ERBB3_1__NRG1_1__p_ERBB4_1__GRB2__SOS1_1__RAS__GDP_ * 1.0 + cyt_cong_in__NRG1_1__p_ERBB4_1__p_ERBB4_1__GRB2__SOS1_1__RAS__GDP_ * 1.0 + cyt_cong_in__NRG1_1__p_ERBB4_1__NRG1_1__p_ERBB4_1__GRB2__SOS1_1__RAS__GDP_ * 1.0 + cyt_cong_in__HGF_1__p_MET_1__p_MET_1__GRB2__SOS1_1__RAS__GDP_ * 1.0 + cyt_cong_in__HGF_1__p_MET_1__HGF_1__p_MET_1__GRB2__SOS1_1__RAS__GDP_ * 1.0 + cyt_cong_in__PDGFB_1__PGFRB__PDGFB_1__PGFRB__GRB2__SOS1_1__RAS__GDP_ * 1.0 + cyt_cong_in__PDGFB_1__PGFRB__PGFRB__GRB2__SOS1_1__RAS__GDP_ * 1.0 + cyt_cong_in__FGF__FGFR__FGF__FGFR__GRB2__SOS1_1__RAS__GDP_ * 1.0 + cyt_cong_in__FGF__FGFR__FGFR__GRB2__SOS1_1__RAS__GDP_ * 1.0 + cyt_cong_in__IGF__p_IGF1R_1__p_IGF1R_1__IRS__GRB2__SOS1_1__RAS__GDP_ * 1.0 + cyt_cong_in__INS_1__p_INSR_1__p_INSR_1__IRS__GRB2__SOS1_1__RAS__GDP_ * 1.0 + cyt_cong_in__IGF__p_IGF1R_1__p_IGF1R_1__IGF__IRS__GRB2__SOS1_1__RAS__GDP_ * 1.0 + cyt_cong_in__INS_1__p_INSR_1__p_INSR_1__INS_1__IRS__GRB2__SOS1_1__RAS__GDP_ * 1.0 + cyt_cong__EGF_1__p_EGFR_1__p_ERBB2_1__GRB2__SOS1_1__RAS__GDP_ * 1.0 + cyt_cong__EGF_1__p_EGFR_1__p_EGFR_1__GRB2__SOS1_1__RAS__GDP_ * 1.0 + cyt_cong__EGF_1__p_EGFR_1__EGF_1__p_EGFR_1__GRB2__SOS1_1__RAS__GDP_ * 1.0 + cyt_cong__EGF_1__p_EGFR_1__p_ERBB3_1__GRB2__SOS1_1__RAS__GDP_ * 1.0 + cyt_cong__EGF_1__p_EGFR_1__NRG1_1__p_ERBB3_1__GRB2__SOS1_1__RAS__GDP_ * 1.0 + cyt_cong__EGF_1__p_EGFR_1__p_ERBB4_1__GRB2__SOS1_1__RAS__GDP_ * 1.0 + cyt_cong__EGF_1__p_EGFR_1__NRG1_1__p_ERBB4_1__GRB2__SOS1_1__RAS__GDP_ * 1.0 + cyt_cong__p_ERBB2_1__NRG1_1__p_ERBB3_1__GRB2__SOS1_1__RAS__GDP_ * 1.0 + cyt_cong__p_EGFR_1__NRG1_1__p_ERBB3_1__GRB2__SOS1_1__RAS__GDP_ * 1.0 + cyt_cong__NRG1_1__p_ERBB3_1__p_ERBB4_1__GRB2__SOS1_1__RAS__GDP_ * 1.0 + cyt_cong__NRG1_1__p_ERBB3_1__NRG1_1__p_ERBB4_1__GRB2__SOS1_1__RAS__GDP_ * 1.0 + cyt_cong__p_ERBB2_1__NRG1_1__p_ERBB4_1__GRB2__SOS1_1__RAS__GDP_ * 1.0 + cyt_cong__p_EGFR_1__NRG1_1__p_ERBB4_1__GRB2__SOS1_1__RAS__GDP_ * 1.0 + cyt_cong__p_ERBB3_1__NRG1_1__p_ERBB4_1__GRB2__SOS1_1__RAS__GDP_ * 1.0 + cyt_cong__NRG1_1__p_ERBB4_1__p_ERBB4_1__GRB2__SOS1_1__RAS__GDP_ * 1.0 + cyt_cong__NRG1_1__p_ERBB4_1__NRG1_1__p_ERBB4_1__GRB2__SOS1_1__RAS__GDP_ * 1.0 + cyt_cong__HGF_1__p_MET_1__p_MET_1__GRB2__SOS1_1__RAS__GDP_ * 1.0 + cyt_cong__HGF_1__p_MET_1__HGF_1__p_MET_1__GRB2__SOS1_1__RAS__GDP_ * 1.0 + cyt_cong__PDGFB_1__PGFRB__PDGFB_1__PGFRB__GRB2__SOS1_1__RAS__GDP_ * 1.0 + cyt_cong__PDGFB_1__PGFRB__PGFRB__GRB2__SOS1_1__RAS__GDP_ * 1.0 + cyt_cong__FGF__FGFR__FGF__FGFR__GRB2__SOS1_1__RAS__GDP_ * 1.0 + cyt_cong__FGF__FGFR__FGFR__GRB2__SOS1_1__RAS__GDP_ * 1.0 + cyt_cong__IGF__p_IGF1R_1__p_IGF1R_1__IRS__GRB2__SOS1_1__RAS__GDP_ * 1.0 + cyt_cong__INS_1__p_INSR_1__p_INSR_1__IRS__GRB2__SOS1_1__RAS__GDP_ * 1.0 + cyt_cong__IGF__p_IGF1R_1__p_IGF1R_1__IGF__IRS__GRB2__SOS1_1__RAS__GDP_ * 1.0 + cyt_cong__INS_1__p_INSR_1__p_INSR_1__INS_1__IRS__GRB2__SOS1_1__RAS__GDP_ * 1.0 + cyt_cong__RAS__GDP_ * 1.0 + cyt_cong__RAS__GDP__CDP_DAG__RASGRP_ * 1.0	1
MET abundance	cyt_prot__HGF_1__p_MET_1__p_MET_1_ * 1.0 + cyt_prot__HGF_1__p_MET_1__HGF_1__p_MET_1_ * 1.0 + cyt_prot_in__HGF_1__p_MET_1__p_MET_1_ * 1.0 + cyt_prot_in__HGF_1__p_MET_1__HGF_1__p_MET_1_ * 1.0 + cyt_prot__HGF_1__p_MET_1__p_MET_1__GRB2__SOS1_1_ * 1.0 + cyt_prot__HGF_1__p_MET_1__HGF_1__p_MET_1__GRB2__SOS1_1_ * 1.0 + cyt_prot_in__HGF_1__p_MET_1__p_MET_1__GRB2__SOS1_1_ * 1.0 + cyt_prot_in__HGF_1__p_MET_1__HGF_1__p_MET_1__GRB2__SOS1_1_ * 1.0 + cyt_cong__HGF_1__p_MET_1__p_MET_1__PLCG_ * 1.0 + cyt_cong__HGF_1__p_MET_1__HGF_1__p_MET_1__PLCG_ * 1.0 + cyt_cong__HGF_1__p_MET_1__p_MET_1__PIK3C__PIK3R_ * 1.0 + cyt_cong__HGF_1__p_MET_1__HGF_1__p_MET_1__PIK3C__PIK3R_ * 1.0 + cyt_prot__HGF_1__p_MET_1__p_MET_1__P3C2A_ * 1.0 + cyt_prot__HGF_1__p_MET_1__HGF_1__p_MET_1__P3C2A_ * 1.0 + cyt_cong_in__HGF_1__p_MET_1__p_MET_1__GRB2__SOS1_1__RAS__GDP_ * 1.0 + cyt_cong_in__HGF_1__p_MET_1__HGF_1__p_MET_1__GRB2__SOS1_1__RAS__GDP_ * 1.0 + cyt_cong__HGF_1__p_MET_1__p_MET_1__GRB2__SOS1_1__RAS__GDP_ * 1.0 + cyt_cong__HGF_1__p_MET_1__HGF_1__p_MET_1__GRB2__SOS1_1__RAS__GDP_ * 1.0 + cyt_cong__HGF_1__p_MET_1__p_MET_1__PLCG__PIP2_ * 1.0 + cyt_cong__HGF_1__p_MET_1__HGF_1__p_MET_1__PLCG__PIP2_ * 1.0 + cyt_cong__HGF_1__p_MET_1__p_MET_1__PIK3C__PIK3R__PIP2_ * 1.0 + cyt_cong__HGF_1__p_MET_1__HGF_1__p_MET_1__PIK3C__PIK3R__PIP2_ * 1.0 + cyt_mixed__HGF_1__p_MET_1__p_MET_1__P3C2A__PIP_ * 1.0 + cyt_mixed__HGF_1__p_MET_1__HGF_1__p_MET_1__P3C2A__PIP_ * 1.0	1
ERK abundance	cyt_cong__p_p_ERK__B2L11_1_ * 1.0 + cyt_cong__p_p_ERK__BAD_ * 1.0 + cyt_cong__EGFR_1__p_p_ERK_ * 1.0 + cyt_cong__ERBB2_1__p_p_ERK_ * 1.0 + cyt_cong__ERBB4_1__p_p_ERK_ * 1.0 + nuc_cong__ERK_ * 0.33333333333333337 + nuc_cong__p_p_ERK_ * 0.33333333333333337 + cyt_cong__ERK_ * 1.0 + cyt_cong__p_ERK_ * 1.0 + cyt_cong__p_p_ERK_ * 1.0 + cyt_cong__GRB2__SOS1_1__p_p_ERK_ * 1.0 + cyt_cong__RAF1_1__p_p_ERK_ * 1.0 + cyt_cong__NF1_1__p_p_ERK_ * 1.0 + cyt_cong__ERK__p_p_MEK_ * 1.0 + cyt_cong__p_ERK__p_p_MEK_ * 1.0 + cyt_cong__RPS6KA__p_p_ERK_ * 1.0 + nuc_cong__p_p_ERK__DUS1_ * 0.33333333333333337 + nuc_cong__FOS_1__p_p_ERK_ * 0.33333333333333337 + cyt_cong__TSC2_1__p_p_ERK_ * 1.0 + cyt_cong__p_ERK__DUS6_1_ * 1.0 + cyt_cong__p_p_ERK__DUS6_1_ * 1.0 + cyt_cong__p_p_ERK__p_DUS1_ * 1.0	1
p53 abundance	nuc_prot_i__P53_ * 0.33333333333333337 + nuc_prot_a__P53_ * 0.33333333333333337 + nuc_prot_a__P53__MDM4_1_ * 0.33333333333333337	1
pS6K abundance	cyt_cong__p_S6K_	1
S6K abundance	cyt_cong__S6K_ * 1.0 + cyt_cong__p_S6K_ * 1.0 + cyt_cong_a__S6K__RPTOR_1__MTOR_1_ * 1.0	1
pRSK abundance	cyt_cong__p_RPS6KA_ * 1.0 + nuc_cong__p_RPS6KA_ * 0.33333333333333337 + nuc_cong__p_RPS6KA__DUS1_ * 0.33333333333333337 + nuc_prot__FOS_1__p_RPS6KA_ * 0.33333333333333337	1
PARP abundance	cyt_prot__PARP1_1_	1
Pr abundance	cyt_cong__PGFRB_ * 1.0 + cyt_cong__PDGFB_1__PGFRB_ * 1.0 + cyt_cong__PDGFB_1__PGFRB__PGFRB_ * 1.0 + cyt_cong__PDGFB_1__PGFRB__PDGFB_1__PGFRB_ * 1.0 + cyt_cong__PDGFB_1__p_PGFRB__PDGFB_1__p_PGFRB_ * 1.0 + cyt_cong__PDGFB_1__p_PGFRB__p_PGFRB_ * 1.0 + cyt_cong__SPY2__PDGFB_1__PGFRB__PDGFB_1__PGFRB_ * 1.0 + cyt_cong__SPY2__PDGFB_1__PGFRB__PGFRB_ * 1.0 + cyt_cong_in__PDGFB_1__PGFRB__PDGFB_1__PGFRB_ * 1.0 + cyt_cong_in__PDGFB_1__PGFRB__PGFRB_ * 1.0 + cyt_cong_in__PDGFB_1__p_PGFRB__PDGFB_1__p_PGFRB_ * 1.0 + cyt_cong_in__PDGFB_1__p_PGFRB__p_PGFRB_ * 1.0 + cyt_cong__PDGFB_1__PGFRB__PDGFB_1__PGFRB__GRB2__SOS1_1_ * 1.0 + cyt_cong__PDGFB_1__PGFRB__PGFRB__GRB2__SOS1_1_ * 1.0 + cyt_cong_in__PDGFB_1__PGFRB__PDGFB_1__PGFRB__GRB2__SOS1_1_ * 1.0 + cyt_cong_in__PDGFB_1__PGFRB__PGFRB__GRB2__SOS1_1_ * 1.0 + cyt_cong__PDGFB_1__PGFRB__PDGFB_1__PGFRB__PLCG_ * 1.0 + cyt_cong__PDGFB_1__PGFRB__PGFRB__PLCG_ * 1.0 + cyt_cong__PDGFB_1__PGFRB__PDGFB_1__PGFRB__PIK3C__PIK3R_ * 1.0 + cyt_cong__PDGFB_1__PGFRB__PGFRB__PIK3C__PIK3R_ * 1.0 + cyt_cong__PDGFB_1__PGFRB__PDGFB_1__PGFRB__P3C2A_ * 1.0 + cyt_cong__PDGFB_1__PGFRB__PGFRB__P3C2A_ * 1.0 + cyt_cong_in__PDGFB_1__PGFRB__PDGFB_1__PGFRB__GRB2__SOS1_1__RAS__GDP_ * 1.0 + cyt_cong_in__PDGFB_1__PGFRB__PGFRB__GRB2__SOS1_1__RAS__GDP_ * 1.0 + cyt_cong__PDGFB_1__PGFRB__PDGFB_1__PGFRB__GRB2__SOS1_1__RAS__GDP_ * 1.0 + cyt_cong__PDGFB_1__PGFRB__PGFRB__GRB2__SOS1_1__RAS__GDP_ * 1.0 + cyt_cong__PDGFB_1__PGFRB__PDGFB_1__PGFRB__PLCG__PIP2_ * 1.0 + cyt_cong__PDGFB_1__PGFRB__PGFRB__PLCG__PIP2_ * 1.0 + cyt_cong__PDGFB_1__PGFRB__PDGFB_1__PGFRB__PIK3C__PIK3R__PIP2_ * 1.0 + cyt_cong__PDGFB_1__PGFRB__PGFRB__PIK3C__PIK3R__PIP2_ * 1.0 + cyt_cong__PDGFB_1__PGFRB__PDGFB_1__PGFRB__P3C2A__PIP_ * 1.0 + cyt_cong__PGFRB__PGFRB__PGFRB__P3C2A__PIP_ * 1.0	1
PDK1 abundance	cyt_prot__PDPK1_1_ * 1.0 + cyt_mixed__PIP3__PDPK1_1_ * 1.0 + cyt_cong__PIP3__AKT__PIP3__PDPK1_1_ * 1.0	1
PI3KC1 + PI3K1 abundance	cyt_cong__PIK3C_ + cyt_cong__EGF_1__p_EGFR_1__p_ERBB2_1__PIK3C__PIK3R_ * 1.0 + cyt_cong__EGF_1__p_EGFR_1__p_EGFR_1__PIK3C__PIK3R_ * 1.0 + cyt_cong__EGF_1__p_EGFR_1__EGF_1__p_EGFR_1__PIK3C__PIK3R_ * 1.0 + cyt_cong__EGF_1__p_EGFR_1__p_ERBB3_1__PIK3C__PIK3R_ * 1.0 + cyt_cong__EGF_1__p_EGFR_1__NRG1_1__p_ERBB3_1__PIK3C__PIK3R_ * 1.0 + cyt_cong__EGF_1__p_EGFR_1__p_ERBB4_1__PIK3C__PIK3R_ * 1.0 + cyt_cong__EGF_1__p_EGFR_1__NRG1_1__p_ERBB4_1__PIK3C__PIK3R_ * 1.0 + cyt_cong__p_ERBB2_1__NRG1_1__p_ERBB3_1__PIK3C__PIK3R_ * 1.0 + cyt_cong__p_EGFR_1__NRG1_1__p_ERBB3_1__PIK3C__PIK3R_ * 1.0 + cyt_cong__NRG1_1__p_ERBB3_1__p_ERBB4_1__PIK3C__PIK3R_ * 1.0 + cyt_cong__NRG1_1__p_ERBB3_1__NRG1_1__p_ERBB4_1__PIK3C__PIK3R_ * 1.0 + cyt_cong__p_ERBB2_1__NRG1_1__p_ERBB4_1__PIK3C__PIK3R_ * 1.0 + cyt_cong__p_EGFR_1__NRG1_1__p_ERBB4_1__PIK3C__PIK3R_ * 1.0 + cyt_cong__p_ERBB3_1__NRG1_1__p_ERBB4_1__PIK3C__PIK3R_ * 1.0 + cyt_cong__NRG1_1__p_ERBB4_1__p_ERBB4_1__PIK3C__PIK3R_ * 1.0 + cyt_cong__NRG1_1__p_ERBB4_1__NRG1_1__p_ERBB4_1__PIK3C__PIK3R_ * 1.0 + cyt_cong__HGF_1__p_MET_1__p_MET_1__PIK3C__PIK3R_ * 1.0 + cyt_cong__HGF_1__p_MET_1__HGF_1__p_MET_1__PIK3C__PIK3R_ * 1.0 + cyt_cong__PDGFB_1__PGFRB__PDGFB_1__PGFRB__PIK3C__PIK3R_ * 1.0 + cyt_cong__PDGFB_1__PGFRB__PGFRB__PIK3C__PIK3R_ * 1.0 + cyt_cong__FGF__FGFR__FGF__FGFR__PIK3C__PIK3R_ * 1.0 + cyt_cong__FGF__FGFR__FGFR__PIK3C__PIK3R_ * 1.0 + cyt_cong__IGF__p_IGF1R_1__p_IGF1R_1__IRS__PIK3C__PIK3R_ * 1.0 + cyt_cong__INS_1__p_INSR_1__p_INSR_1__IRS__PIK3C__PIK3R_ * 1.0 + cyt_cong__IGF__p_IGF1R_1__p_IGF1R_1__IGF__IRS__PIK3C__PIK3R_ * 1.0 + cyt_cong__INS_1__p_INSR_1__p_INSR_1__INS_1__IRS__PIK3C__PIK3R_ * 1.0 + cyt_cong__EGF_1__p_EGFR_1__p_ERBB2_1__PIK3C__PIK3R__PIP2_ * 1.0 + cyt_cong__EGF_1__p_EGFR_1__p_EGFR_1__PIK3C__PIK3R__PIP2_ * 1.0 + cyt_cong__EGF_1__p_EGFR_1__EGF_1__p_EGFR_1__PIK3C__PIK3R__PIP2_ * 1.0 + cyt_cong__EGF_1__p_EGFR_1__p_ERBB3_1__PIK3C__PIK3R__PIP2_ * 1.0 + cyt_cong__EGF_1__p_EGFR_1__NRG1_1__p_ERBB3_1__PIK3C__PIK3R__PIP2_ * 1.0 + cyt_cong__EGF_1__p_EGFR_1__p_ERBB4_1__PIK3C__PIK3R__PIP2_ * 1.0 + cyt_cong__EGF_1__p_EGFR_1__NRG1_1__p_ERBB4_1__PIK3C__PIK3R__PIP2_ * 1.0 + cyt_cong__p_ERBB2_1__NRG1_1__p_ERBB3_1__PIK3C__PIK3R__PIP2_ * 1.0 + cyt_cong__p_EGFR_1__NRG1_1__p_ERBB3_1__PIK3C__PIK3R__PIP2_ * 1.0 + cyt_cong__NRG1_1__p_ERBB3_1__p_ERBB4_1__PIK3C__PIK3R__PIP2_ * 1.0 + cyt_cong__NRG1_1__p_ERBB3_1__NRG1_1__p_ERBB4_1__PIK3C__PIK3R__PIP2_ * 1.0 + cyt_cong__p_ERBB2_1__NRG1_1__p_ERBB4_1__PIK3C__PIK3R__PIP2_ * 1.0 + cyt_cong__p_EGFR_1__NRG1_1__p_ERBB4_1__PIK3C__PIK3R__PIP2_ * 1.0 + cyt_cong__p_ERBB3_1__NRG1_1__p_ERBB4_1__PIK3C__PIK3R__PIP2_ * 1.0 + cyt_cong__NRG1_1__p_ERBB4_1__p_ERBB4_1__PIK3C__PIK3R__PIP2_ * 1.0 + cyt_cong__NRG1_1__p_ERBB4_1__NRG1_1__p_ERBB4_1__PIK3C__PIK3R__PIP2_ * 1.0 + cyt_cong__HGF_1__p_MET_1__p_MET_1__PIK3C__PIK3R__PIP2_ * 1.0 + cyt_cong__HGF_1__p_MET_1__HGF_1__p_MET_1__PIK3C__PIK3R__PIP2_ * 1.0 + cyt_cong__PDGFB_1__PGFRB__PDGFB_1__PGFRB__PIK3C__PIK3R__PIP2_ * 1.0 + cyt_cong__PDGFB_1__PGFRB__PGFRB__PIK3C__PIK3R__PIP2_ * 1.0 + cyt_cong__FGF__FGFR__FGF__FGFR__PIK3C__PIK3R__PIP2_ * 1.0 + cyt_cong__FGF__FGFR__FGFR__PIK3C__PIK3R__PIP2_ * 1.0 + cyt_cong__IGF__p_IGF1R_1__p_IGF1R_1__IRS__PIK3C__PIK3R__PIP2_ * 1.0 + cyt_cong__INS_1__p_INSR_1__p_INSR_1__IRS__PIK3C__PIK3R__PIP2_ * 1.0 + cyt_cong__IGF__p_IGF1R_1__p_IGF1R_1__IGF__IRS__PIK3C__PIK3R__PIP2_ * 1.0 + cyt_cong__INS_1__p_INSR_1__p_INSR_1__INS_1__IRS__PIK3C__PIK3R__PIP2_ * 1.0 + cyt_cong__PIK3C__PIK3R_ * 1.0 + cyt_cong__p_PIK3C__PIK3R_ * 1.0 + cyt_cong_a__PIK3C__PIK3R__RPTOR_1__MTOR_1_ * 1.0	1
PI3KR1 + PI3K1 abundance	cyt_cong__PIK3R_ + cyt_cong__EGF_1__p_EGFR_1__p_ERBB2_1__PIK3C__PIK3R_ * 1.0 + cyt_cong__EGF_1__p_EGFR_1__p_EGFR_1__PIK3C__PIK3R_ * 1.0 + cyt_cong__EGF_1__p_EGFR_1__EGF_1__p_EGFR_1__PIK3C__PIK3R_ * 1.0 + cyt_cong__EGF_1__p_EGFR_1__p_ERBB3_1__PIK3C__PIK3R_ * 1.0 + cyt_cong__EGF_1__p_EGFR_1__NRG1_1__p_ERBB3_1__PIK3C__PIK3R_ * 1.0 + cyt_cong__EGF_1__p_EGFR_1__p_ERBB4_1__PIK3C__PIK3R_ * 1.0 + cyt_cong__EGF_1__p_EGFR_1__NRG1_1__p_ERBB4_1__PIK3C__PIK3R_ * 1.0 + cyt_cong__p_ERBB2_1__NRG1_1__p_ERBB3_1__PIK3C__PIK3R_ * 1.0 + cyt_cong__p_EGFR_1__NRG1_1__p_ERBB3_1__PIK3C__PIK3R_ * 1.0 + cyt_cong__NRG1_1__p_ERBB3_1__p_ERBB4_1__PIK3C__PIK3R_ * 1.0 + cyt_cong__NRG1_1__p_ERBB3_1__NRG1_1__p_ERBB4_1__PIK3C__PIK3R_ * 1.0 + cyt_cong__p_ERBB2_1__NRG1_1__p_ERBB4_1__PIK3C__PIK3R_ * 1.0 + cyt_cong__p_EGFR_1__NRG1_1__p_ERBB4_1__PIK3C__PIK3R_ * 1.0 + cyt_cong__p_ERBB3_1__NRG1_1__p_ERBB4_1__PIK3C__PIK3R_ * 1.0 + cyt_cong__NRG1_1__p_ERBB4_1__p_ERBB4_1__PIK3C__PIK3R_ * 1.0 + cyt_cong__NRG1_1__p_ERBB4_1__NRG1_1__p_ERBB4_1__PIK3C__PIK3R_ * 1.0 + cyt_cong__HGF_1__p_MET_1__p_MET_1__PIK3C__PIK3R_ * 1.0 + cyt_cong__HGF_1__p_MET_1__HGF_1__p_MET_1__PIK3C__PIK3R_ * 1.0 + cyt_cong__PDGFB_1__PGFRB__PDGFB_1__PGFRB__PIK3C__PIK3R_ * 1.0 + cyt_cong__PDGFB_1__PGFRB__PGFRB__PIK3C__PIK3R_ * 1.0 + cyt_cong__FGF__FGFR__FGF__FGFR__PIK3C__PIK3R_ * 1.0 + cyt_cong__FGF__FGFR__FGFR__PIK3C__PIK3R_ * 1.0 + cyt_cong__IGF__p_IGF1R_1__p_IGF1R_1__IRS__PIK3C__PIK3R_ * 1.0 + cyt_cong__INS_1__p_INSR_1__p_INSR_1__IRS__PIK3C__PIK3R_ * 1.0 + cyt_cong__IGF__p_IGF1R_1__p_IGF1R_1__IGF__IRS__PIK3C__PIK3R_ * 1.0 + cyt_cong__INS_1__p_INSR_1__p_INSR_1__INS_1__IRS__PIK3C__PIK3R_ * 1.0 + cyt_cong__EGF_1__p_EGFR_1__p_ERBB2_1__PIK3C__PIK3R__PIP2_ * 1.0 + cyt_cong__EGF_1__p_EGFR_1__p_EGFR_1__PIK3C__PIK3R__PIP2_ * 1.0 + cyt_cong__EGF_1__p_EGFR_1__EGF_1__p_EGFR_1__PIK3C__PIK3R__PIP2_ * 1.0 + cyt_cong__EGF_1__p_EGFR_1__p_ERBB3_1__PIK3C__PIK3R__PIP2_ * 1.0 + cyt_cong__EGF_1__p_EGFR_1__NRG1_1__p_ERBB3_1__PIK3C__PIK3R__PIP2_ * 1.0 + cyt_cong__EGF_1__p_EGFR_1__p_ERBB4_1__PIK3C__PIK3R__PIP2_ * 1.0 + cyt_cong__EGF_1__p_EGFR_1__NRG1_1__p_ERBB4_1__PIK3C__PIK3R__PIP2_ * 1.0 + cyt_cong__p_ERBB2_1__NRG1_1__p_ERBB3_1__PIK3C__PIK3R__PIP2_ * 1.0 + cyt_cong__p_EGFR_1__NRG1_1__p_ERBB3_1__PIK3C__PIK3R__PIP2_ * 1.0 + cyt_cong__NRG1_1__p_ERBB3_1__p_ERBB4_1__PIK3C__PIK3R__PIP2_ * 1.0 + cyt_cong__NRG1_1__p_ERBB3_1__NRG1_1__p_ERBB4_1__PIK3C__PIK3R__PIP2_ * 1.0 + cyt_cong__p_ERBB2_1__NRG1_1__p_ERBB4_1__PIK3C__PIK3R__PIP2_ * 1.0 + cyt_cong__p_EGFR_1__NRG1_1__p_ERBB4_1__PIK3C__PIK3R__PIP2_ * 1.0 + cyt_cong__p_ERBB3_1__NRG1_1__p_ERBB4_1__PIK3C__PIK3R__PIP2_ * 1.0 + cyt_cong__NRG1_1__p_ERBB4_1__p_ERBB4_1__PIK3C__PIK3R__PIP2_ * 1.0 + cyt_cong__NRG1_1__p_ERBB4_1__NRG1_1__p_ERBB4_1__PIK3C__PIK3R__PIP2_ * 1.0 + cyt_cong__HGF_1__p_MET_1__p_MET_1__PIK3C__PIK3R__PIP2_ * 1.0 + cyt_cong__HGF_1__p_MET_1__HGF_1__p_MET_1__PIK3C__PIK3R__PIP2_ * 1.0 + cyt_cong__PDGFB_1__PGFRB__PDGFB_1__PGFRB__PIK3C__PIK3R__PIP2_ * 1.0 + cyt_cong__PDGFB_1__PGFRB__PGFRB__PIK3C__PIK3R__PIP2_ * 1.0 + cyt_cong__FGF__FGFR__FGF__FGFR__PIK3C__PIK3R__PIP2_ * 1.0 + cyt_cong__FGF__FGFR__FGFR__PIK3C__PIK3R__PIP2_ * 1.0 + cyt_cong__IGF__p_IGF1R_1__p_IGF1R_1__IRS__PIK3C__PIK3R__PIP2_ * 1.0 + cyt_cong__INS_1__p_INSR_1__p_INSR_1__IRS__PIK3C__PIK3R__PIP2_ * 1.0 + cyt_cong__IGF__p_IGF1R_1__p_IGF1R_1__IGF__IRS__PIK3C__PIK3R__PIP2_ * 1.0 + cyt_cong__INS_1__p_INSR_1__p_INSR_1__INS_1__IRS__PIK3C__PIK3R__PIP2_ * 1.0 + cyt_cong__PIK3C__PIK3R_ * 1.0 + cyt_cong__p_PIK3C__PIK3R_ * 1.0 + cyt_cong_a__PIK3C__PIK3R__RPTOR_1__MTOR_1_ * 1.0	1
PKC abundance	cyt_cong__PKC_ * 1.0 + cyt_cong__CDP_DAG__PKC_ * 1.0 + cyt_cong__PEBP1_1__CDP_DAG__PKC_ * 1.0	1
PTEN abundance	cyt_prot__PTEN_1_ * 1.0 + cyt_mixed__PIP3__PTEN_1_ * 1.0	1
Raptor abundance	cyt_prot__RPTOR_1_	1
RSK abundance	cyt_cong__RPS6KA_ * 1.0 + cyt_cong__p_RPS6KA_ * 1.0 + nuc_cong__p_RPS6KA_ * 0.33333333333333337 + cyt_cong__RPS6KA__p_p_ERK_ * 1.0 + nuc_cong__p_RPS6KA__DUS1_ * 0.33333333333333337 + nuc_prot__FOS_1__p_RPS6KA_ * 0.33333333333333337	1
Smac abundance	mit_prot__DBLOH_1_ * 0.07 + mit_abs__pore__DBLOH_1_ * 0.07 + mit_prot_i__DBLOH_1_ * 0.07 + cyt_prot__DBLOH_1_ * 1.0 + cyt_prot__DBLOH_1__XIAP_1_ * 1.0	1
TSC1 abundance	cyt_prot__TSC1_1_	1
TSC2 abundance	cyt_prot__TSC2_1_ * 1.0 + cyt_prot__p_TSC2_1_ * 1.0 + cyt_cong__TSC2_1__p_p_AKT_ * 1.0 + cyt_cong__TSC2_1__p_p_ERK_ * 1.0	1
pTSC2 abunance	cyt_prot__p_TSC2_1_	1
wee1 abundance	nuc_prot__WEE1_1_ * 0.33333333333333337 + nuc_prot__pS123_WEE1_1_ * 0.33333333333333337	1
Rheb abundance	cyt_mixed__RHEB__GDP_ * 1.0 + cyt_mixed__RHEB__GTP_ * 1.0 + cyt_mixed__RHEB__GTP__TSC1_1__TSC2_1_ * 1.0	1
Rictor abundance	cyt_prot__RICTR_1_	1
CRaf abundance	cyt_prot__pS29_pS43_pS289_pS296_pS301_pS642_RAF1_1_ * 1.0 + cyt_prot__RAF1_1_ * 1.0 + cyt_cong__RAS__GTP__RAF1_1_ * 1.0 + cyt_cong__RAS__GTP__RAF1_1__BRAF_1_ * 1.0 + cyt_prot__PEBP1_1__RAF1_1_ * 1.0 + cyt_cong__RAF1_1__p_p_ERK_ * 1.0 + cyt_cong__MEK__RAS__GTP__RAF1_1__BRAF_1_ * 1.0 + cyt_cong__p_MEK__RAS__GTP__RAF1_1__BRAF_1_ * 1.0 + cyt_mixed__RAS__GTP__RAF1_1__RAF1_1_ * 1.0 + cyt_cong__MEK__RAS__GTP__RAF1_1__RAF1_1_ * 1.0 + cyt_cong__p_MEK__RAS__GTP__RAF1_1__RAF1_1_ * 1.0	1
RasT_CRaf abundance	cyt_cong__RAS__GTP__RAF1_1_ * 1.0 + cyt_cong__RAS__GTP__RAF1_1__BRAF_1_ * 1.0 + cyt_cong__MEK__RAS__GTP__RAF1_1__BRAF_1_ * 1.0 + cyt_cong__p_MEK__RAS__GTP__RAF1_1__BRAF_1_ * 1.0 + cyt_mixed__RAS__GTP__RAF1_1__RAF1_1_ * 1.0 + cyt_cong__MEK__RAS__GTP__RAF1_1__RAF1_1_ * 1.0 + cyt_cong__p_MEK__RAS__GTP__RAF1_1__RAF1_1_ * 1.0	1
pRb abundance	nuc_prot__RB_ * 0.33333333333333337 + nuc_prot__pT373_RB_ * 0.33333333333333337 + nuc_prot__pT373_pS807_pS811_RB_ * 0.33333333333333337 + nuc_cong__RB__E2F_ * 0.33333333333333337 + nuc_cong__pT373_RB__E2F_ * 0.33333333333333337	1
pRbp + pRbc2 abundance	nuc_prot__pT373_RB_ * 0.33333333333333337 + nuc_prot__pT373_pS807_pS811_RB_ * 0.33333333333333337 + nuc_cong__RB__E2F_ * 0.33333333333333337 + nuc_cong__pT373_RB__E2F_ * 0.33333333333333337	1
cJun abundance	nuc_prot__JUN_ * 0.333333333333337 + nuc_prot__p_FOS_1__JUN_ * 0.333333333333337	1
YWHAB abundance	cyt_prot__1433B_1_ * 1.0	1
YWHAZ abundance	cyt_prot__1433Z_1_ * 1.0	1
TP53BP1 abundance	cyt_prot__TP53B_1_ * 1.0	1
ACACA abundance	cyt_prot__ACACA_1_ * 1.0	1
ADAR abundance	cyt_prot__DSRAD_1_ * 1.0	1
PRKAA1 abundance	cyt_prot__AAPK1_1_ * 1.0	1
ANXA1 abundance	cyt_prot__ANXA1_1_ * 1.0	1
ANXA7 abundance	cyt_prot__ANXA7_1_ * 1.0	1
AR abundance	cyt_prot__ANDR_1_ * 1.0	1
ARAF abundance	cyt_prot__ARAF_1_ * 1.0	1
ARID1A abundance	cyt_prot__ARI1A_1_ * 1.0	1
ATG3 abundance	cyt_prot__ATG3_1_ * 1.0	1
ATG7 abundance	cyt_prot__ATG7_1_ * 1.0	1
AURKB abundance	cyt_prot__AURKB_1_ * 1.0	1
AXL abundance	cyt_prot__UFO_1_ * 1.0	1
VTCN1 abundance	cyt_prot__VTCN1_1_ * 1.0	1
ACTB abundance	cyt_prot__ACTB_1_ * 1.0	1
BAK1 abundance	cyt_prot__BAK_1_ * 1.0	1
BAP1 abundance	cyt_prot__BAP1_1_ * 1.0	1
BECN1 abundance	cyt_prot__BECN1_1_ * 1.0	1
HSPA5 abundance	cyt_prot__BIP_1_ * 1.0	1
BRD4 abundance	cyt_prot__BRD4_1_ * 1.0	1
ABL1 abundance	cyt_prot__ABL1_1_ * 1.0	1
CAV1 abundance	cyt_prot__CAV1_1_ * 1.0	1
TNFRSF4 abundance	cyt_prot__TNR4_1_ * 1.0	1
L1CAM abundance	cyt_prot__L1CAM_1_ * 1.0	1
MS4A1 abundance	cyt_prot__CD20_1_ * 1.0	1
ITGB1 abundance	cyt_prot__ITB1_1_ * 1.0	1
CD44 abundance	cyt_prot__CD44_1_ * 1.0	1
PTPRC abundance	cyt_prot__PTPRC_3_ * 1.0	1
ITGA2 abundance	cyt_prot__ITA2_1_ * 1.0	1
CDC25C abundance	nuc_prot_i__MPIP3_1_ * 0.33333333333333337 + nuc_prot__MPIP3_1_ * 0.33333333333333337	1
CDK1 abundance	cyt_prot__CDK1_1_ * 1.0	1
CHEK2 abundance	cyt_prot__CHK2_1_ * 1.0	1
BIRC3 abundance	cyt_prot__BIRC3_1_ * 1.0	1
KIT abundance	cyt_prot__KIT_1_ * 1.0	1
CLDN7 abundance	cyt_prot__CLD7_1_ * 1.0	1
COG3 abundance	cyt_prot__COG3_1_ * 1.0	1
COL6A1 abundance	cyt_prot__CO6A1_1_ * 1.0	1
GJA1 abundance	cyt_prot__CXA1_1_ * 1.0	1
PTGS2 abundance	cyt_prot__PGH2_1_ * 1.0	1
COX4I1 abundance	cyt_prot__COX41_1_ * 1.0	1
CREB1 abundance	cyt_prot__CREB1_2_ * 1.0	1
CCND3 abundance	nuc_cong__CCND_ * 0.33333333333333337	1
PPIF abundance	cyt_prot__PPIF_1_ * 1.0	1
PARK7 abundance	cyt_prot__PARK7_1_ * 1.0	1
DUSP4 abundance	cyt_prot__DUS4_1_ * 1.0	1
CDH1 abundance	cyt_prot__CADH1_1_ * 1.0	1
EEF2 abundance	cyt_prot__EF2_1_ * 1.0	1
EEF2K abundance	cyt_prot__EF2K_1_ * 1.0	1
EIF4G1 abundance	cyt_prot__IF4G1_1_ * 1.0	1
ENY2 abundance	cyt_prot__ENY2_1_ * 1.0	1
ESR1 abundance	cyt_prot__ESR1_1_ * 1.0	1
ERCC1 abundance	cyt_prot__ERCC1_1_ * 1.0	1
ERCC5 abundance	cyt_prot__ERCC5_1_ * 1.0	1
ETS1 abundance	cyt_prot__ETS1_1_ * 1.0	1
FASN abundance	cyt_prot__FAS_1_ * 1.0	1
FOXM1 abundance	cyt_prot__FOXM1_1_ * 1.0	1
G6PD abundance	cyt_prot__G6PD_1_ * 1.0	1
GAB2 abundance	cyt_prot__GAB2_1_ * 1.0	1
GATA3 abundance	cyt_prot__GATA3_1_ * 1.0	1
GATA6 abundance	cyt_prot__GATA6_1_ * 1.0	1
GCLM abundance	cyt_prot__GSH0_1_ * 1.0	1
KAT2A abundance	cyt_prot__KAT2A_1_ * 1.0	1
GLUD1 abundance	cyt_prot__DHE3_1_ * 1.0	1
GLS abundance	cyt_prot__GLSK_1_ * 1.0	1
GZMB abundance	cyt_prot__GRAB_1_ * 1.0	1
GYS1 abundance	cyt_prot__GYS1_1_ * 1.0	1
NRG1 abundance	exc_prot__NRG1_1_ * 1.0	1
HES1 abundance	cyt_prot__HES1_1_ * 1.0	1
HK2 abundance	cyt_prot__HXK2_1_ * 1.0	1
HIF1A abundance	cyt_prot__HIF1A_1_ * 1.0	1
H3-4 abundance	cyt_prot__H31T_1_ * 1.0 + cyt_prot__H31_1_ * 1.0 + cyt_prot__H32_1_ * 1.0 + cyt_prot__H33_1_ * 1.0 + cyt_prot__H3C_1_ * 1.0	1
HSPB1 abundance	cyt_prot__HSPB1_1_ * 1.0	1
HSPA1A abundance	cyt_prot__HS71A_1_ * 1.0	1
IGFBP2 abundance	cyt_prot__IBP2_1_ * 1.0	1
INPP4B abundance	cyt_prot__INP4B_1_ * 1.0	1
IRF1 abundance	cyt_prot__IRF1_1_ * 1.0	1
JAG1 abundance	cyt_prot__JAG1_1_ * 1.0	1
JAK2 abundance	cyt_prot__JAK2_1_ * 1.0	1
MAPK9 abundance	cyt_prot__MK09_1_ * 1.0	1
MAP1LC3A abundance	cyt_prot__MLP3A_1_ * 1.0 + cyt_prot__MLP3B_1_ * 1.0	1
LCK abundance	cyt_prot__LCK_1_ * 1.0	1
LDHA abundance	cyt_prot__LDHA_1_ * 1.0	1
SLC16A4 abundance	cyt_prot__MOT5_1_ * 1.0	1
NF2 abundance	cyt_prot__MERL_1_ * 1.0	1
MIF abundance	cyt_prot__MIF_1_ * 1.0	1
ERRFI1 abundance	cyt_prot__ERRFI_1_ * 1.0	1
MMP2 abundance	cyt_prot__MMP2_1_ * 1.0	1
MSI2 abundance	cyt_prot__MSI2H_1_ * 1.0	1
MYH11 abundance	cyt_prot__MYH11_1_ * 1.0	1
MYT1 abundance	cyt_prot__MYT1_1_ * 1.0	1
NAPSA abundance	cyt_prot__NAPSA_1_ * 1.0	1
NDUFB4 abundance	cyt_prot__NDUB4_1_ * 1.0	1
NOTCH1 abundance	cyt_prot__NOTC1_1_ * 1.0	1
NOTCH3 abundance	cyt_prot__NOTC3_1_ * 1.0	1
POU5F1 abundance	cyt_prot__PO5F1_1_ * 1.0	1
MAPK14 abundance	cyt_prot__MK14_1_ * 1.0	1
SERPINE1 abundance	cyt_prot__PAI1_1_ * 1.0	1
PAICS abundance	cyt_prot__PUR6_1_ * 1.0	1
PAK1 abundance	cyt_prot__PAK1_1_ * 1.0	1
PAK4 abundance	cyt_prot__PAK4_1_ * 1.0	1
PXN abundance	cyt_prot__PAXI1_6_ * 1.0	1
CDH3 abundance	cyt_prot__CADH3_1_ * 1.0	1
PCNA abundance	cyt_prot__PCNA_1_ * 1.0	1
PDCD4 abundance	cyt_prot__PDCD4_1_ * 1.0	1
PDGFRB abundance	cyt_cong__PGFRB_ * 1.0	1
PDHK1 abundance	cyt_prot__PDK1_1_ * 1.0	1
CD274 abundance	cyt_prot__PD1L1_1_ * 1.0	1
PEA15 abundance	cyt_prot__PEA15_1_ * 1.0	1
PIK3CB abundance	cyt_prot__PK3CB_1_ * 1.0	1
PRKAR1A abundance	cyt_prot__KAP0_1_ * 1.0	1
PKM abundance	cyt_prot__KPYM_1_ * 1.0	1
PLK1 abundance	cyt_prot__PLK1_1_ * 1.0	1
PMS2 abundance	cyt_prot__PMS2_1_ * 1.0	1
VDAC1 abundance	cyt_prot__VDAC1_1_ * 1.0	1
PGR abundance	cyt_prot__PRGR_1_ * 1.0	1
AKT1S1 abundance	cyt_prot__AKTS1_1_ * 1.0	1
PREX1 abundance	cyt_prot__PREX1_1_ * 1.0	1
RAB11A abundance	cyt_prot__RB11A_1_ * 1.0	1
RAB25 abundance	cyt_prot__RAB25_1_ * 1.0	1
RAD50 abundance	cyt_prot__RAD50_1_ * 1.0	1
RAD51 abundance	cyt_prot__RAD51_1_ * 1.0	1
RB1 abundance	nuc_prot__RB_ * 0.33333333333333337	1
RBM15 abundance	cyt_prot__RBM15_1_ * 1.0	1
RIPK1 abundance	cyt_prot__RIPK1_1_ * 1.0	1
RPS6 abundance	cyt_prot__RS6_1_ * 1.0	1
SCD abundance	cyt_prot__SCD_1_ * 1.0	1
SDHA abundance	cyt_prot__SDHA_1_ * 1.0	1
SRSF1 abundance	cyt_prot__SRSF1_1_ * 1.0	1
SLC1A5 abundance	cyt_prot__AAAT_1_ * 1.0	1
SLFN11 abundance	cyt_prot__SLN11_1_ * 1.0	1
SMAD1 abundance	cyt_prot__SMAD1_1_ * 1.0	1
SMAD3 abundance	cyt_prot__SMAD3_1_ * 1.0	1
SMAD4 abundance	cyt_prot__SMAD4_1_ * 1.0	1
SNAI1 abundance	cyt_prot__SNAI1_1_ * 1.0	1
SOD1 abundance	cyt_prot__SODC_1_ * 1.0	1
SOD2 abundance	cyt_prot__SODM_1_ * 1.0	1
SOX2 abundance	cyt_prot__SOX2_1_ * 1.0	1
SRC abundance	cyt_prot__SRC_1_ * 1.0	1
STAT3 abundance	cyt_prot__STAT3_1_ * 1.0	1
STAT5A abundance	cyt_prot__STA5A_1_ * 1.0	1
STMN1 abundance	cyt_prot__STMN1_1_ * 1.0	1
SYK abundance	cyt_prot__KSYK_1_ * 1.0 + cyt_prot__SYK_1_ * 1.0	1
WWTR1 abundance	cyt_prot__WWTR1_1_ * 1.0	1
TFAM abundance	cyt_prot__TFAM_1_ * 1.0	1
TFRC abundance	cyt_prot__TFR1_1_ * 1.0	1
TIGAR abundance	cyt_prot__TIGAR_1_ * 1.0	1
TGM1 abundance	cyt_prot__TGM1_1_ * 1.0	1
TRIM25 abundance	cyt_prot__TRI25_1_ * 1.0	1
NKX2-1 abundance	cyt_prot__NKX21_1_ * 1.0	1
TUFM abundance	cyt_prot__EFTU_1_ * 1.0	1
TWIST1 abundance	cyt_prot__TWST1_1_ * 1.0	1
TYRO3 abundance	cyt_prot__TYRO3_1_ * 1.0	1
UBAC1 abundance	cyt_prot__UBAC1_1_ * 1.0	1
VASP abundance	cyt_prot__VASP_1_ * 1.0	1
KDR abundance	cyt_prot__VGFR2_1_ * 1.0	1
EPPK1 abundance	cyt_prot__EPIPL_1_ * 1.0	1
WIPI1 abundance	cyt_prot__WIPI1_1_ * 1.0	1
WIPI2 abundance	cyt_prot__WIPI2_1_ * 1.0	1
XBP1 abundance	cyt_prot__XBP1_1_ * 1.0	1
XPA abundance	cyt_prot__XPA_1_ * 1.0	1
ERCC4 abundance	cyt_prot__XPF_1_ * 1.0	1
XRCC1 abundance	cyt_prot__XRCC1_1_ * 1.0	1
YAP1 abundance	cyt_prot__YAP1_1_ * 1.0	1
ZAP70 abundance	cyt_prot__ZAP70_1_ * 1.0	1
